Date,Truck_ID,Operator_ID,Route,Distance_km,Fuel_Litres,Idle_Minutes,Load_Tonnes,Trip_Hours,Avg_Speed_kmh,Fuel_Efficiency_km_per_L,Expected_Anomaly
2025-01-06,TR003,OP036,West Pit,74.43,40.79,36.4,170.5,3.9,19.1,1.825,0
2025-09-07,TR029,OP001,Crusher,47.59,27.68,34.9,232.9,1.56,30.5,1.719,0
2025-08-05,TR025,OP037,South Pit,45.66,23.28,75.9,67.8,2.5,18.3,1.961,0
2025-01-20,TR017,OP004,East Pit,52.77,29.64,68.0,136.8,1.99,26.6,1.78,0
2025-11-28,TR018,OP002,East Pit,110.53,48.42,26.4,101.5,3.97,27.8,2.283,0
2025-03-22,TR016,OP001,East Pit,100.1,32.44,15.2,121.5,2.77,36.1,3.086,0
2025-04-04,TR030,OP048,South Pit,61.81,25.84,63.2,93.3,3.0,20.6,2.392,0
2025-03-09,TR029,OP026,East Pit,112.14,45.09,47.1,133.8,3.45,32.5,2.487,0
2025-05-02,TR014,OP025,South Pit,114.51,67.06,59.0,212.8,3.51,32.6,1.708,0
2025-03-06,TR017,OP010,West Pit,104.72,62.57,64.5,42.2,3.2,32.7,1.674,0
2025-05-07,TR027,OP019,West Pit,93.58,46.72,88.5,226.5,3.04,30.8,2.003,0
2025-10-24,TR020,OP025,South Pit,79.48,35.39,56.7,186.6,2.38,33.3,2.246,0
2025-06-14,TR010,OP016,West Pit,115.14,43.33,61.9,173.2,5.22,22.1,2.657,0
2025-12-04,TR005,OP036,East Pit,27.95,25.51,81.4,177.2,1.25,22.3,1.096,0
2025-06-14,TR030,OP004,Stockpile,56.62,24.53,84.1,110.0,1.86,30.4,2.308,0
2025-04-11,TR004,OP031,East Pit,23.4,18.16,53.8,190.9,0.63,37.3,1.289,0
2025-10-15,TR009,OP013,East Pit,101.82,47.39,82.7,234.1,5.17,19.7,2.149,0
2025-10-27,TR021,OP022,West Pit,94.12,34.63,51.0,142.6,3.81,24.7,2.718,0
2025-11-11,TR024,OP049,Stockpile,35.35,19.61,40.4,170.0,1.5,23.6,1.803,0
2025-11-21,TR005,OP033,South Pit,99.32,57.75,25.9,126.9,2.96,33.5,1.72,0
2025-01-10,TR005,OP022,Stockpile,61.23,26.1,49.6,80.3,3.05,20.1,2.346,0
2025-07-07,TR025,OP043,Crusher,42.99,28.98,89.1,194.0,1.25,34.3,1.483,0
2025-04-08,TR016,OP024,East Pit,47.6,25.68,8.0,197.4,2.3,20.7,1.854,0
2025-03-31,TR015,OP032,West Pit,38.48,24.05,74.6,81.6,1.26,30.4,1.6,0
2025-03-30,TR030,OP036,West Pit,94.47,36.35,33.3,170.8,3.02,31.3,2.599,0
2025-10-28,TR016,OP001,West Pit,20.34,16.04,85.7,111.6,0.75,27.0,1.268,0
2025-10-17,TR001,OP038,East Pit,74.81,76.36,50.7,234.2,4.15,18.0,0.98,1
2025-03-20,TR002,OP013,Crusher,85.12,32.08,32.5,50.0,2.26,37.7,2.653,0
2025-05-30,TR024,OP026,South Pit,80.95,45.24,55.0,209.7,2.26,35.9,1.789,0
2025-09-28,TR013,OP032,Crusher,29.49,19.84,88.4,48.9,1.22,24.2,1.486,0
2025-02-24,TR016,OP047,Stockpile,12.4,13.6,50.5,147.8,0.4,30.6,0.912,0
2025-08-18,TR016,OP004,East Pit,115.82,45.79,10.1,163.8,3.11,37.2,2.529,0
2025-06-10,TR003,OP013,Crusher,29.19,11.88,13.3,170.2,1.4,20.8,2.457,0
2025-12-05,TR014,OP007,South Pit,109.99,53.96,41.1,49.8,3.16,34.8,2.038,0
2025-09-27,TR013,OP035,North Pit,27.02,20.07,79.5,178.6,1.19,22.7,1.346,0
2025-03-26,TR006,OP016,South Pit,86.15,37.72,55.6,66.7,3.79,22.7,2.284,0
2025-11-01,TR030,OP031,West Pit,101.06,53.24,43.3,119.0,4.1,24.6,1.898,0
2025-10-19,TR015,OP030,South Pit,62.3,34.89,14.6,125.6,2.29,27.2,1.786,0
2025-03-19,TR025,OP035,West Pit,79.08,42.51,10.0,94.2,2.33,34.0,1.86,0
2025-07-09,TR016,OP027,Stockpile,104.64,53.7,56.2,202.0,5.03,20.8,1.949,0
2025-10-17,TR030,OP026,North Pit,105.71,54.16,50.4,125.6,3.69,28.7,1.952,0
2025-03-26,TR027,OP047,East Pit,104.48,39.5,48.2,85.8,3.23,32.3,2.645,0
2025-03-31,TR006,OP009,West Pit,52.22,27.16,76.5,117.4,2.03,25.8,1.923,0
2025-03-02,TR003,OP036,Stockpile,106.31,52.6,75.8,68.0,3.29,32.3,2.021,0
2025-01-03,TR013,OP017,West Pit,40.12,29.16,78.4,172.0,1.41,28.4,1.376,0
2025-07-01,TR028,OP014,Stockpile,22.67,21.65,80.4,49.9,1.07,21.1,1.047,0
2025-01-06,TR002,OP039,West Pit,58.42,21.64,10.9,79.5,1.69,34.5,2.7,0
2025-08-01,TR001,OP034,West Pit,108.59,60.08,67.7,143.6,4.02,27.0,1.807,0
2025-06-01,TR017,OP033,Crusher,74.1,40.39,70.6,208.3,2.91,25.5,1.835,0
2025-03-09,TR002,OP030,West Pit,13.13,7.1,6.0,85.5,0.5,26.3,1.849,0
2025-05-13,TR010,OP004,Stockpile,63.27,29.79,19.1,50.3,1.71,36.9,2.124,0
2025-01-06,TR012,OP022,East Pit,20.99,13.68,50.9,203.7,0.82,25.5,1.534,0
2025-02-22,TR011,OP013,East Pit,85.33,37.15,10.9,216.4,2.65,32.2,2.297,0
2025-06-21,TR027,OP019,North Pit,74.65,35.5,51.7,107.0,3.54,21.1,2.103,0
2025-01-29,TR025,OP009,North Pit,47.13,19.63,6.7,217.0,1.84,25.6,2.401,0
2025-09-23,TR009,OP029,North Pit,70.28,25.23,30.3,180.6,2.14,32.8,2.786,0
2025-04-04,TR027,OP016,West Pit,25.59,18.49,64.1,151.8,0.76,33.9,1.384,0
2025-12-02,TR019,OP013,Crusher,117.47,71.87,9.4,75.4,3.18,37.0,1.634,1
2025-03-03,TR001,OP038,West Pit,65.97,25.93,37.3,87.7,1.95,33.8,2.544,0
2025-08-17,TR027,OP044,Stockpile,64.3,35.05,64.5,69.7,3.08,20.9,1.835,0
2025-07-08,TR007,OP003,West Pit,38.71,18.77,13.5,185.9,1.15,33.8,2.062,0
2025-12-01,TR002,OP001,South Pit,65.56,29.47,52.6,153.7,1.82,36.1,2.225,0
2025-08-14,TR030,OP008,North Pit,108.96,53.77,88.0,111.2,3.71,29.4,2.026,0
2025-11-12,TR002,OP019,Stockpile,50.17,17.89,45.5,171.8,2.69,18.6,2.804,0
2025-06-19,TR024,OP038,North Pit,58.01,24.25,65.6,135.2,1.64,35.4,2.392,0
2025-03-21,TR018,OP027,Crusher,44.18,14.07,7.8,57.9,2.4,18.4,3.14,0
2025-03-11,TR029,OP013,East Pit,36.27,18.5,41.6,113.9,1.13,32.2,1.961,0
2025-11-13,TR009,OP044,Crusher,100.23,53.78,44.5,191.7,3.37,29.7,1.864,0
2025-03-16,TR006,OP029,South Pit,106.13,36.44,57.1,43.6,4.61,23.0,2.912,0
2025-09-24,TR001,OP014,North Pit,81.92,48.41,76.8,95.6,3.2,25.6,1.692,0
2025-07-12,TR002,OP025,West Pit,97.49,34.11,34.5,73.7,3.32,29.4,2.858,0
2025-04-12,TR017,OP045,East Pit,81.28,43.13,80.3,233.7,2.9,28.0,1.885,0
2025-05-30,TR029,OP030,East Pit,92.95,34.66,50.4,77.6,4.39,21.2,2.682,0
2025-10-18,TR025,OP035,Crusher,24.86,18.39,84.1,72.0,0.69,36.1,1.352,0
2025-06-15,TR003,OP044,Crusher,45.92,20.79,11.9,139.1,1.28,35.8,2.209,0
2025-11-12,TR006,OP036,East Pit,79.45,33.96,61.2,74.7,2.96,26.9,2.34,0
2025-12-12,TR028,OP020,East Pit,85.87,45.71,69.7,68.9,4.54,18.9,1.879,0
2025-04-20,TR023,OP024,North Pit,109.29,54.35,68.7,173.2,4.73,23.1,2.011,0
2025-07-11,TR001,OP042,East Pit,56.03,20.92,38.9,218.8,1.66,33.6,2.678,0
2025-07-12,TR001,OP032,Stockpile,102.95,58.38,34.3,239.4,3.23,31.9,1.763,0
2025-07-18,TR026,OP027,Stockpile,43.14,26.34,47.5,60.8,1.3,33.2,1.638,0
2025-01-27,TR012,OP026,West Pit,34.87,15.17,16.5,136.7,0.95,36.7,2.299,0
2025-05-15,TR004,OP042,South Pit,103.95,52.43,52.5,79.6,3.37,30.9,1.983,0
2025-08-01,TR018,OP046,South Pit,65.1,30.43,24.8,102.8,1.93,33.7,2.139,0
2025-12-02,TR010,OP029,West Pit,38.03,17.35,58.2,109.9,1.03,37.1,2.192,0
2025-03-28,TR018,OP004,South Pit,24.51,12.27,17.0,71.1,0.92,26.6,1.998,0
2025-08-24,TR014,OP004,West Pit,54.25,27.59,44.7,219.9,1.73,31.4,1.966,0
2025-10-07,TR005,OP039,West Pit,35.95,24.05,51.8,128.6,1.13,31.9,1.495,0
2025-12-04,TR020,OP006,South Pit,8.83,5.55,53.0,59.8,0.24,36.3,1.591,0
2025-03-05,TR001,OP004,East Pit,84.99,27.49,15.0,206.7,3.43,24.8,3.092,0
2025-09-04,TR017,OP019,East Pit,45.2,26.57,81.3,199.1,1.68,26.9,1.701,0
2025-04-25,TR011,OP049,South Pit,22.18,13.44,44.4,156.8,0.74,29.9,1.65,0
2025-06-10,TR016,OP048,Crusher,8.85,8.68,53.9,152.7,0.26,34.4,1.02,0
2025-01-06,TR001,OP018,West Pit,57.22,19.88,21.3,120.1,1.93,29.7,2.878,0
2025-09-21,TR026,OP020,Stockpile,42.4,21.5,46.1,232.0,1.31,32.3,1.972,0
2025-01-12,TR011,OP038,North Pit,44.75,16.33,19.7,216.4,1.62,27.7,2.74,0
2025-05-17,TR015,OP032,West Pit,54.61,20.35,31.6,217.3,1.97,27.8,2.684,0
2025-07-01,TR024,OP044,Crusher,70.91,24.52,13.3,154.9,2.38,29.8,2.892,0
2025-09-02,TR009,OP004,East Pit,52.87,27.93,23.1,235.5,1.82,29.0,1.893,0
2025-06-20,TR027,OP004,North Pit,54.85,24.01,42.1,192.2,1.5,36.6,2.284,0
2025-11-03,TR012,OP042,East Pit,60.54,28.4,57.7,187.7,3.21,18.8,2.132,0
2025-02-16,TR020,OP023,Crusher,88.48,47.09,71.2,123.6,4.19,21.1,1.879,0
2025-04-06,TR022,OP010,South Pit,78.65,32.54,39.4,158.3,4.09,19.2,2.417,0
2025-04-05,TR010,OP027,North Pit,56.53,27.86,55.1,204.9,2.19,25.8,2.029,0
2025-05-19,TR011,OP001,North Pit,14.43,10.2,30.7,48.2,0.61,23.7,1.415,0
2025-01-02,TR027,OP020,North Pit,79.69,36.87,72.6,65.9,3.97,20.1,2.161,0
2025-06-06,TR015,OP044,South Pit,119.71,71.67,68.4,212.9,3.87,31.0,1.67,0
2025-05-20,TR009,OP047,Crusher,80.71,52.2,72.1,62.4,2.88,28.0,1.546,0
2025-08-02,TR023,OP027,West Pit,66.91,24.77,8.6,63.6,1.88,35.7,2.701,0
2025-07-30,TR023,OP017,South Pit,63.67,25.49,64.3,129.2,1.99,32.1,2.498,0
2025-04-13,TR029,OP046,Stockpile,42.6,26.53,88.3,68.4,1.2,35.5,1.606,0
2025-06-05,TR003,OP017,Stockpile,100.81,55.43,58.0,221.2,2.81,35.9,1.819,0
2025-07-03,TR010,OP002,North Pit,64.02,38.41,55.2,160.6,3.08,20.8,1.667,0
2025-11-01,TR023,OP027,East Pit,113.22,48.27,46.4,161.5,5.17,21.9,2.346,0
2025-01-29,TR003,OP037,Stockpile,73.04,26.0,8.8,61.6,3.69,19.8,2.809,0
2025-08-14,TR005,OP042,East Pit,47.27,24.34,34.2,202.4,1.71,27.7,1.942,0
2025-01-30,TR015,OP044,Crusher,93.41,54.99,54.1,43.6,3.82,24.5,1.699,0
2025-04-08,TR028,OP020,South Pit,87.54,52.27,77.3,110.5,3.33,26.3,1.675,0
2025-06-12,TR005,OP011,South Pit,49.38,32.26,88.8,87.3,2.57,19.2,1.531,0
2025-10-24,TR024,OP002,West Pit,36.72,12.25,6.2,218.7,0.98,37.3,2.998,0
2025-05-03,TR030,OP003,North Pit,86.58,33.27,21.3,190.2,2.5,34.6,2.602,0
2025-07-02,TR004,OP027,East Pit,100.32,52.33,10.9,216.3,3.52,28.5,1.917,0
2025-07-31,TR019,OP015,North Pit,87.58,42.86,15.9,230.1,3.7,23.7,2.043,0
2025-10-04,TR004,OP049,West Pit,115.35,48.55,39.5,57.6,4.12,28.0,2.376,0
2025-05-25,TR025,OP040,East Pit,49.8,19.79,50.8,209.9,2.38,20.9,2.516,0
2025-07-26,TR023,OP021,Crusher,89.53,38.02,72.3,83.8,2.37,37.8,2.355,0
2025-11-03,TR024,OP044,East Pit,85.46,35.02,46.6,128.6,4.62,18.5,2.44,0
2025-06-09,TR023,OP050,South Pit,10.68,6.24,18.5,57.8,0.3,35.7,1.712,0
2025-12-09,TR029,OP034,South Pit,92.34,44.66,45.4,103.4,3.26,28.4,2.068,0
2025-05-25,TR001,OP001,West Pit,17.04,13.3,44.4,53.3,0.58,29.6,1.281,0
2025-06-08,TR022,OP047,Crusher,19.51,16.79,57.1,95.9,0.85,22.8,1.162,0
2025-01-09,TR012,OP050,West Pit,44.94,13.95,6.0,44.3,2.17,20.7,3.222,0
2025-07-14,TR014,OP011,North Pit,86.69,48.93,38.2,199.7,3.12,27.8,1.772,0
2025-06-21,TR011,OP040,East Pit,63.54,20.41,31.0,106.3,2.25,28.3,3.113,0
2025-06-01,TR006,OP022,North Pit,69.54,40.76,73.6,136.5,2.69,25.8,1.706,0
2025-08-16,TR002,OP039,East Pit,72.51,40.09,10.4,79.6,2.29,31.6,1.809,0
2025-07-19,TR026,OP003,South Pit,59.85,27.43,67.1,155.5,2.96,20.2,2.182,0
2025-12-12,TR015,OP030,South Pit,66.75,37.13,13.7,199.7,1.97,33.9,1.798,0
2025-05-29,TR005,OP019,East Pit,73.07,28.25,11.5,213.3,3.28,22.3,2.587,0
2025-06-08,TR017,OP021,Stockpile,56.38,34.7,49.3,184.8,2.4,23.5,1.625,0
2025-10-24,TR008,OP035,West Pit,63.9,34.66,74.9,143.7,2.73,23.4,1.844,0
2025-06-27,TR027,OP019,North Pit,61.72,26.0,80.0,73.6,2.67,23.1,2.374,0
2025-04-02,TR027,OP007,South Pit,86.48,38.7,61.3,53.0,3.59,24.1,2.235,0
2025-07-09,TR022,OP024,East Pit,71.47,26.64,27.0,116.8,2.12,33.7,2.683,0
2025-07-04,TR023,OP019,Stockpile,10.92,20.04,45.5,227.9,0.56,19.6,0.545,1
2025-05-30,TR023,OP034,Stockpile,73.33,31.92,64.6,105.1,2.39,30.7,2.297,0
2025-07-13,TR029,OP049,Crusher,88.28,38.91,79.0,228.8,3.68,24.0,2.269,0
2025-07-31,TR010,OP024,South Pit,45.62,27.04,72.3,131.6,1.5,30.4,1.687,0
2025-12-21,TR006,OP030,Crusher,21.2,9.3,21.4,71.9,0.84,25.3,2.28,0
2025-01-26,TR016,OP015,Crusher,48.52,17.23,6.5,48.7,1.99,24.4,2.816,0
2025-11-30,TR028,OP018,East Pit,68.42,33.61,87.3,224.6,2.61,26.2,2.036,0
2025-06-28,TR030,OP046,North Pit,91.1,34.74,16.0,115.9,3.37,27.0,2.622,0
2025-05-19,TR017,OP042,West Pit,97.06,51.95,65.1,231.9,2.65,36.6,1.868,0
2025-08-11,TR016,OP013,Crusher,15.2,8.75,6.7,167.1,0.53,28.6,1.737,0
2025-02-12,TR010,OP021,East Pit,27.36,13.61,43.7,218.1,0.72,37.8,2.01,0
2025-09-29,TR030,OP029,East Pit,41.46,17.21,60.9,212.5,1.48,28.0,2.409,0
2025-02-04,TR008,OP041,Stockpile,24.31,16.29,38.1,90.9,0.84,29.1,1.492,0
2025-06-06,TR019,OP027,Stockpile,42.64,39.33,55.9,90.5,2.02,21.1,1.084,1
2025-03-15,TR009,OP015,East Pit,61.32,25.67,32.2,212.9,2.66,23.1,2.389,0
2025-04-21,TR029,OP033,Crusher,98.39,41.98,39.2,96.8,3.63,27.1,2.344,0
2025-06-21,TR021,OP038,Crusher,20.12,16.75,56.9,136.8,1.1,18.2,1.201,0
2025-01-03,TR021,OP021,South Pit,22.37,12.22,49.3,73.4,0.78,28.8,1.831,0
2025-11-21,TR017,OP028,North Pit,99.68,56.64,28.5,154.3,3.31,30.1,1.76,0
2025-10-04,TR026,OP049,South Pit,9.32,10.29,58.6,86.2,0.27,34.3,0.906,0
2025-12-16,TR025,OP028,West Pit,54.07,29.04,24.3,219.7,2.13,25.4,1.862,0
2025-01-29,TR026,OP015,Crusher,20.85,11.09,35.7,145.7,0.6,34.8,1.88,0
2025-03-06,TR014,OP033,West Pit,88.93,43.57,80.4,193.4,2.37,37.6,2.041,0
2025-06-28,TR001,OP011,Crusher,80.08,35.36,8.2,46.1,3.39,23.6,2.265,0
2025-11-09,TR024,OP044,Crusher,45.23,23.37,78.6,225.4,1.33,34.1,1.935,0
2025-04-22,TR028,OP036,South Pit,43.43,18.38,24.9,48.2,1.32,32.9,2.363,0
2025-04-20,TR026,OP005,East Pit,75.52,26.52,18.0,143.1,3.37,22.4,2.848,0
2025-11-03,TR007,OP017,West Pit,58.17,32.01,51.0,97.1,2.04,28.6,1.817,0
2025-01-01,TR006,OP008,Crusher,71.55,40.52,31.1,206.6,3.02,23.7,1.766,1
2025-12-13,TR014,OP041,North Pit,102.09,54.82,58.7,47.0,4.05,25.2,1.862,0
2025-03-11,TR029,OP012,North Pit,88.67,46.4,56.3,193.8,2.7,32.8,1.911,0
2025-04-27,TR003,OP044,East Pit,16.24,8.15,29.6,112.0,0.76,21.5,1.993,0
2025-04-29,TR017,OP032,West Pit,42.67,32.54,86.7,76.2,1.43,29.8,1.311,0
2025-11-24,TR018,OP049,South Pit,56.01,24.97,28.9,52.1,1.78,31.4,2.243,0
2025-10-27,TR009,OP016,Crusher,31.22,18.5,77.7,52.9,0.95,32.9,1.688,0
2025-05-04,TR006,OP001,Crusher,11.66,11.89,43.8,154.6,0.55,21.2,0.981,0
2025-05-05,TR023,OP020,West Pit,117.41,49.34,84.0,177.7,6.01,19.5,2.38,0
2025-10-24,TR003,OP043,Stockpile,107.13,42.99,75.7,80.2,3.06,35.0,2.492,0
2025-04-14,TR014,OP013,East Pit,15.43,7.15,25.9,103.5,0.42,37.0,2.158,0
2025-10-19,TR022,OP018,East Pit,23.76,14.59,66.5,72.9,0.72,33.1,1.629,0
2025-10-25,TR004,OP029,East Pit,98.57,49.31,68.2,169.0,3.22,30.6,1.999,0
2025-08-28,TR023,OP003,Stockpile,69.81,32.39,70.9,40.3,2.51,27.8,2.155,0
2025-09-29,TR010,OP009,South Pit,25.91,23.53,69.2,206.0,0.74,35.1,1.101,0
2025-03-25,TR017,OP049,West Pit,111.56,70.07,89.5,169.9,2.96,37.7,1.592,0
2025-07-25,TR025,OP018,East Pit,73.04,29.93,35.0,73.8,2.22,33.0,2.44,0
2025-02-20,TR003,OP022,East Pit,9.37,11.55,30.3,42.3,0.3,31.8,0.811,1
2025-01-22,TR013,OP027,South Pit,35.04,15.71,27.7,88.9,1.22,28.6,2.23,0
2025-06-04,TR010,OP044,Crusher,18.26,17.77,69.4,114.3,0.57,31.9,1.028,0
2025-04-18,TR026,OP045,Stockpile,34.41,19.67,74.7,134.2,1.44,23.9,1.749,0
2025-02-25,TR006,OP044,East Pit,70.26,26.47,41.7,131.6,2.86,24.6,2.654,0
2025-07-12,TR003,OP027,West Pit,113.24,40.56,85.2,134.5,5.94,19.1,2.792,0
2025-11-15,TR007,OP011,West Pit,57.62,29.47,89.3,154.7,1.56,36.8,1.955,0
2025-04-01,TR028,OP040,Crusher,55.14,26.33,45.2,61.7,1.56,35.3,2.094,0
2025-03-07,TR024,OP031,North Pit,100.21,43.06,24.3,142.2,4.67,21.5,2.327,0
2025-11-13,TR018,OP013,West Pit,8.43,11.56,66.9,42.4,0.36,23.5,0.729,0
2025-01-12,TR006,OP041,Crusher,50.44,17.87,13.1,78.3,1.37,36.9,2.823,0
2025-08-03,TR003,OP003,West Pit,104.92,52.22,31.9,113.3,4.32,24.3,2.009,0
2025-07-24,TR003,OP013,North Pit,52.03,21.86,86.1,131.8,1.49,34.9,2.38,0
2025-06-20,TR029,OP013,Stockpile,76.57,32.58,61.9,212.2,2.13,35.9,2.35,0
2025-06-06,TR026,OP008,East Pit,93.28,51.92,31.3,193.1,3.09,30.1,1.797,0
2025-01-10,TR026,OP004,East Pit,50.27,27.18,49.5,52.8,1.48,34.0,1.85,0
2025-11-10,TR027,OP011,South Pit,98.18,36.36,18.4,80.2,3.18,30.9,2.7,0
2025-01-25,TR018,OP031,East Pit,102.59,38.37,86.1,111.0,3.14,32.6,2.674,0
2025-02-28,TR030,OP018,East Pit,30.24,21.08,39.3,84.0,0.82,37.0,1.435,0
2025-11-18,TR018,OP010,Stockpile,8.46,9.2,51.2,168.9,0.24,34.6,0.92,0
2025-05-12,TR023,OP019,Crusher,19.44,9.61,65.7,120.2,0.99,19.6,2.023,0
2025-06-17,TR018,OP023,West Pit,76.52,24.06,8.0,138.1,2.07,37.0,3.18,0
2025-08-22,TR027,OP038,West Pit,55.08,26.38,75.4,211.4,1.94,28.4,2.088,0
2025-07-25,TR014,OP022,North Pit,69.13,35.16,55.0,155.4,2.2,31.4,1.966,0
2025-12-06,TR010,OP041,East Pit,68.39,46.92,86.3,163.0,2.53,27.1,1.458,0
2025-12-09,TR022,OP026,South Pit,68.24,29.0,82.4,122.9,3.25,21.0,2.353,0
2025-04-06,TR010,OP008,South Pit,22.71,16.54,77.0,151.9,0.96,23.6,1.373,0
2025-10-06,TR016,OP003,East Pit,43.03,18.21,23.8,134.1,1.27,33.9,2.363,0
2025-09-09,TR012,OP023,Stockpile,44.08,21.0,12.4,107.9,2.16,20.4,2.099,0
2025-04-01,TR010,OP044,Stockpile,57.39,20.72,42.4,151.3,1.52,37.8,2.77,0
2025-02-24,TR001,OP026,South Pit,12.46,11.36,67.0,217.3,0.64,19.4,1.097,0
2025-10-25,TR029,OP039,Stockpile,63.69,32.94,47.9,228.1,2.08,30.6,1.934,0
2025-09-28,TR030,OP043,South Pit,79.84,36.29,61.0,92.3,2.18,36.6,2.2,0
2025-05-17,TR027,OP046,West Pit,102.16,58.84,21.6,164.5,3.42,29.9,1.736,0
2025-04-18,TR008,OP033,Crusher,84.07,38.08,69.2,238.8,4.07,20.6,2.208,0
2025-09-09,TR028,OP005,East Pit,54.85,27.86,54.3,187.4,1.65,33.2,1.969,0
2025-03-30,TR011,OP028,East Pit,54.77,20.92,35.5,47.8,1.85,29.7,2.618,0
2025-06-19,TR014,OP011,West Pit,77.62,36.37,43.1,226.3,3.02,25.7,2.134,0
2025-03-25,TR003,OP008,South Pit,77.92,32.22,41.0,220.6,2.76,28.3,2.418,0
2025-08-14,TR001,OP035,West Pit,31.22,13.29,13.4,73.4,1.04,30.0,2.349,0
2025-05-16,TR023,OP037,Stockpile,115.15,37.98,23.1,116.9,4.33,26.6,3.032,0
2025-09-01,TR022,OP017,South Pit,41.31,19.0,78.9,182.0,1.49,27.8,2.174,0
2025-04-30,TR016,OP045,Stockpile,77.51,76.14,84.4,133.3,2.23,34.8,1.018,1
2025-08-17,TR028,OP020,Stockpile,116.33,52.87,88.2,87.8,3.39,34.3,2.2,0
2025-08-12,TR022,OP036,Crusher,90.87,44.25,64.3,237.5,2.56,35.5,2.054,0
2025-06-14,TR010,OP006,Stockpile,76.65,43.82,82.6,210.5,2.37,32.3,1.749,0
2025-07-18,TR010,OP018,East Pit,14.78,5.91,27.6,224.7,0.48,30.8,2.501,0
2025-03-07,TR024,OP041,South Pit,115.47,56.51,24.1,155.7,5.08,22.7,2.043,0
2025-10-01,TR007,OP001,North Pit,65.73,31.5,47.1,233.0,3.41,19.3,2.087,0
2025-09-20,TR007,OP036,South Pit,101.19,61.06,84.8,187.0,4.63,21.9,1.657,0
2025-04-18,TR013,OP018,East Pit,82.42,52.73,77.4,96.7,2.64,31.2,1.563,0
2025-06-03,TR003,OP039,North Pit,112.49,40.69,84.8,201.8,3.99,28.2,2.765,0
2025-12-17,TR012,OP045,West Pit,76.9,41.9,86.7,54.5,2.95,26.0,1.835,0
2025-02-16,TR004,OP020,West Pit,63.08,19.82,15.2,121.7,1.7,37.0,3.183,0
2025-07-18,TR012,OP044,East Pit,85.01,38.22,82.8,175.5,2.28,37.3,2.224,0
2025-07-14,TR026,OP018,South Pit,12.07,5.31,6.7,196.6,0.52,23.2,2.273,0
2025-09-05,TR013,OP031,Crusher,10.19,6.38,38.6,174.9,0.44,23.0,1.597,0
2025-06-12,TR022,OP040,South Pit,39.39,13.23,13.0,203.0,1.27,31.1,2.977,0
2025-09-09,TR027,OP036,South Pit,71.08,28.17,38.7,209.0,1.94,36.7,2.523,0
2025-02-10,TR012,OP040,South Pit,42.57,27.48,69.8,86.0,1.12,38.0,1.549,0
2025-02-25,TR024,OP015,South Pit,74.48,43.92,75.8,100.0,2.36,31.6,1.696,0
2025-07-14,TR026,OP016,East Pit,52.22,24.37,48.0,147.4,2.74,19.1,2.143,0
2025-02-22,TR009,OP010,Stockpile,87.56,38.73,57.7,70.4,3.13,28.0,2.261,0
2025-01-09,TR030,OP005,West Pit,115.78,47.65,19.9,137.3,4.1,28.2,2.43,0
2025-06-18,TR010,OP012,Crusher,105.05,103.25,14.3,234.3,3.07,34.2,1.017,1
2025-09-13,TR030,OP034,West Pit,118.76,41.05,38.7,101.4,4.71,25.2,2.893,0
2025-07-10,TR015,OP041,North Pit,104.34,42.03,69.1,73.2,4.76,21.9,2.483,0
2025-11-16,TR016,OP040,North Pit,71.6,23.33,20.2,194.3,2.7,26.5,3.069,0
2025-04-10,TR018,OP011,Crusher,21.47,11.82,31.0,202.5,0.62,34.7,1.816,0
2025-06-13,TR006,OP011,West Pit,82.98,39.54,27.0,110.0,4.33,19.2,2.099,0
2025-03-07,TR026,OP041,South Pit,111.03,65.56,28.2,174.4,2.97,37.4,1.694,0
2025-04-04,TR001,OP016,North Pit,79.01,27.59,63.4,163.0,3.68,21.4,2.864,0
2025-07-03,TR011,OP006,East Pit,64.48,29.19,14.3,213.7,2.37,27.2,2.209,0
2025-08-09,TR021,OP042,North Pit,19.64,10.85,42.5,139.3,0.56,35.1,1.81,0
2025-08-29,TR013,OP030,Crusher,79.62,79.79,42.3,196.3,2.64,30.2,0.998,1
2025-04-06,TR005,OP016,Stockpile,42.45,29.43,67.1,117.8,1.77,24.0,1.442,0
2025-03-25,TR029,OP005,South Pit,111.82,35.81,27.6,135.6,4.65,24.0,3.123,0
2025-05-30,TR021,OP041,South Pit,88.88,31.93,63.9,70.1,2.6,34.2,2.784,0
2025-03-21,TR002,OP024,East Pit,36.99,20.36,10.2,209.7,1.66,22.3,1.817,0
2025-03-24,TR018,OP022,Crusher,93.44,53.86,75.4,229.7,2.48,37.7,1.735,0
2025-12-15,TR025,OP023,Stockpile,83.74,48.84,52.4,47.6,2.23,37.6,1.715,0
2025-05-03,TR023,OP017,Stockpile,15.51,5.56,10.5,225.1,0.65,24.0,2.79,0
2025-09-22,TR013,OP024,South Pit,16.26,6.69,26.3,185.6,0.63,25.8,2.43,0
2025-04-27,TR007,OP050,Stockpile,32.42,17.37,41.4,193.6,0.96,33.7,1.866,0
2025-01-13,TR005,OP015,Crusher,27.84,17.75,73.0,98.9,1.3,21.5,1.568,0
2025-01-19,TR009,OP018,East Pit,118.09,46.26,55.3,115.0,5.07,23.3,2.553,0
2025-12-25,TR014,OP037,South Pit,85.71,36.38,56.4,179.3,2.63,32.6,2.356,0
2025-05-14,TR010,OP037,West Pit,104.75,42.11,41.2,219.4,3.13,33.5,2.488,0
2025-01-04,TR024,OP029,Stockpile,39.79,23.16,74.0,88.6,1.19,33.5,1.718,0
2025-05-19,TR022,OP046,East Pit,75.0,31.15,62.3,198.1,2.08,36.1,2.408,0
2025-04-07,TR006,OP048,East Pit,98.43,45.68,89.2,90.7,5.25,18.8,2.155,0
2025-09-03,TR014,OP043,Crusher,101.52,50.81,65.5,65.2,2.78,36.5,1.998,0
2025-12-01,TR012,OP042,East Pit,55.39,21.87,56.4,89.2,2.26,24.5,2.533,0
2025-11-23,TR005,OP040,West Pit,15.77,8.8,31.1,79.1,0.57,27.6,1.792,0
2025-01-30,TR004,OP026,Crusher,108.68,64.78,75.8,196.6,3.57,30.5,1.678,0
2025-01-02,TR006,OP042,South Pit,64.56,34.24,48.3,105.0,2.0,32.2,1.886,0
2025-11-08,TR027,OP029,Crusher,100.5,50.83,81.6,219.5,5.33,18.9,1.977,0
2025-03-07,TR010,OP009,Crusher,113.96,59.1,81.3,128.7,6.1,18.7,1.928,0
2025-02-22,TR008,OP007,North Pit,21.06,12.49,13.9,71.3,1.05,20.0,1.686,0
2025-12-12,TR018,OP048,Stockpile,34.69,26.26,62.2,210.1,1.01,34.3,1.321,0
2025-03-07,TR026,OP026,Stockpile,102.95,43.24,85.7,128.8,4.52,22.8,2.381,0
2025-11-10,TR012,OP014,East Pit,73.36,30.23,47.5,75.3,2.12,34.5,2.427,0
2025-10-14,TR025,OP006,Stockpile,108.09,40.1,28.0,237.0,3.11,34.8,2.696,0
2025-03-15,TR012,OP041,East Pit,73.43,22.89,6.2,215.3,3.83,19.2,3.208,0
2025-11-23,TR030,OP024,East Pit,103.6,60.1,46.2,166.2,3.06,33.8,1.724,0
2025-08-17,TR018,OP030,North Pit,38.95,17.85,18.7,118.0,1.76,22.1,2.182,0
2025-06-18,TR012,OP011,South Pit,23.6,12.41,63.9,168.3,0.77,30.8,1.902,0
2025-06-28,TR029,OP022,Crusher,107.55,49.92,51.5,65.7,5.11,21.0,2.154,0
2025-01-15,TR026,OP015,Stockpile,30.34,20.7,74.2,197.2,0.84,36.2,1.466,0
2025-11-14,TR004,OP015,Crusher,35.05,22.27,49.7,190.3,0.96,36.6,1.574,0
2025-04-26,TR003,OP016,East Pit,66.86,36.7,80.8,167.5,2.71,24.7,1.822,0
2025-04-12,TR024,OP014,South Pit,15.9,6.31,21.7,114.6,0.69,23.2,2.52,0
2025-01-06,TR023,OP050,Stockpile,78.49,38.73,25.8,155.2,3.81,20.6,2.027,0
2025-04-06,TR014,OP031,Crusher,18.53,11.94,31.6,168.5,0.64,28.7,1.552,0
2025-05-08,TR013,OP012,Stockpile,68.07,44.75,68.4,191.7,2.46,27.7,1.521,0
2025-01-17,TR007,OP014,East Pit,100.01,90.0,49.7,120.6,2.88,34.8,1.111,1
2025-08-29,TR015,OP011,West Pit,15.25,10.85,44.6,186.8,0.58,26.5,1.406,0
2025-02-21,TR027,OP007,Stockpile,86.03,35.94,81.5,41.8,2.48,34.8,2.394,0
2025-04-07,TR024,OP038,North Pit,96.67,37.08,81.6,129.7,3.61,26.8,2.607,0
2025-06-25,TR011,OP035,North Pit,9.74,13.74,75.1,204.8,0.51,18.9,0.709,0
2025-08-26,TR009,OP026,South Pit,116.23,44.97,77.5,58.2,4.42,26.3,2.585,0
2025-03-09,TR016,OP040,South Pit,43.42,15.95,20.9,86.3,1.87,23.2,2.722,0
2025-12-05,TR030,OP009,Crusher,68.93,41.02,38.0,103.9,3.06,22.6,1.68,0
2025-07-09,TR013,OP046,East Pit,118.87,57.16,74.4,151.7,5.64,21.1,2.08,0
2025-06-20,TR014,OP018,Crusher,119.2,66.34,38.3,43.2,4.26,28.0,1.797,0
2025-09-30,TR016,OP030,North Pit,63.25,21.47,22.0,232.3,1.67,37.9,2.946,0
2025-03-17,TR008,OP040,Crusher,85.4,45.85,40.4,194.6,2.83,30.1,1.863,0
2025-04-13,TR022,OP032,Stockpile,118.13,52.89,83.6,234.5,3.94,30.0,2.234,0
2025-12-03,TR016,OP031,West Pit,45.56,22.62,17.0,193.1,1.44,31.6,2.014,0
2025-09-14,TR024,OP041,North Pit,17.82,8.2,28.2,156.4,0.78,22.8,2.173,0
2025-12-12,TR029,OP044,Crusher,105.5,52.06,71.0,48.7,2.86,36.9,2.027,0
2025-08-18,TR012,OP036,Stockpile,8.4,9.44,49.6,203.9,0.24,34.9,0.89,0
2025-02-19,TR016,OP049,South Pit,101.7,39.92,53.0,57.6,3.05,33.3,2.548,0
2025-10-03,TR009,OP018,West Pit,110.53,45.24,57.2,98.8,5.65,19.6,2.443,0
2025-11-25,TR013,OP004,Stockpile,33.76,14.28,9.3,202.5,1.36,24.8,2.364,0
2025-02-15,TR003,OP025,East Pit,86.53,41.28,50.7,155.0,2.54,34.1,2.096,0
2025-04-17,TR018,OP026,West Pit,99.52,40.21,32.2,206.6,3.45,28.8,2.475,0
2025-10-13,TR018,OP043,Stockpile,55.87,19.58,56.4,201.8,1.75,31.9,2.853,0
2025-02-16,TR004,OP013,East Pit,78.22,36.5,69.5,67.1,2.9,27.0,2.143,0
2025-12-21,TR016,OP001,Crusher,37.03,22.57,33.8,189.1,1.52,24.4,1.641,0
2025-02-13,TR023,OP042,West Pit,26.02,20.82,44.9,129.0,0.91,28.7,1.25,0
2025-01-10,TR022,OP008,North Pit,8.36,11.92,35.4,130.2,0.31,26.9,0.701,1
2025-10-05,TR018,OP024,South Pit,73.5,37.03,72.5,145.1,2.16,34.0,1.985,0
2025-01-02,TR030,OP010,East Pit,21.4,30.06,65.3,210.9,0.59,36.6,0.712,1
2025-02-02,TR017,OP025,East Pit,99.38,54.45,46.6,147.7,3.97,25.0,1.825,0
2025-09-04,TR019,OP009,North Pit,65.41,29.26,51.8,143.1,3.07,21.3,2.235,0
2025-10-06,TR015,OP032,South Pit,96.54,45.63,42.8,90.3,2.58,37.4,2.116,0
2025-11-20,TR014,OP030,North Pit,35.61,15.32,40.9,219.8,0.99,36.0,2.324,0
2025-03-29,TR004,OP009,Stockpile,18.46,11.75,68.2,58.4,0.88,21.0,1.571,0
2025-10-25,TR027,OP030,West Pit,74.01,35.07,60.9,94.0,2.64,28.1,2.11,0
2025-06-02,TR028,OP033,Stockpile,109.48,38.74,38.1,228.1,3.38,32.4,2.826,0
2025-10-10,TR029,OP011,West Pit,54.18,25.25,31.8,49.4,1.7,31.9,2.146,0
2025-02-22,TR026,OP026,East Pit,81.21,44.9,43.7,161.1,4.29,18.9,1.809,0
2025-09-23,TR028,OP026,Crusher,64.6,40.3,84.9,71.0,2.08,31.1,1.603,0
2025-08-27,TR013,OP037,West Pit,80.14,42.22,73.3,124.7,3.85,20.8,1.898,0
2025-05-30,TR005,OP031,Stockpile,97.48,57.24,69.0,220.2,3.86,25.2,1.703,0
2025-06-17,TR030,OP039,South Pit,14.77,7.11,36.9,64.6,0.44,33.5,2.077,0
2025-03-05,TR015,OP032,South Pit,91.81,38.91,65.7,160.9,3.83,24.0,2.36,0
2025-05-24,TR013,OP011,East Pit,108.1,49.89,56.6,104.3,3.26,33.1,2.167,0
2025-08-11,TR004,OP034,West Pit,95.63,51.55,50.0,125.1,5.02,19.0,1.855,0
2025-10-21,TR030,OP026,East Pit,114.4,38.37,5.5,161.6,3.88,29.5,2.981,0
2025-08-06,TR009,OP012,North Pit,50.1,18.9,52.7,204.6,1.81,27.8,2.651,0
2025-06-17,TR016,OP024,South Pit,58.65,28.81,14.2,217.9,3.16,18.6,2.036,0
2025-09-20,TR025,OP035,Crusher,91.17,39.49,18.0,162.3,2.98,30.6,2.309,0
2025-09-10,TR001,OP030,North Pit,29.6,19.24,74.2,131.0,1.49,19.8,1.538,0
2025-12-11,TR016,OP029,East Pit,33.13,13.78,5.8,74.2,1.02,32.5,2.404,0
2025-10-13,TR017,OP003,East Pit,57.86,25.14,24.3,202.9,2.48,23.3,2.302,0
2025-01-26,TR024,OP007,East Pit,69.14,41.21,76.7,95.3,1.84,37.6,1.678,0
2025-08-13,TR017,OP037,East Pit,87.68,34.41,70.7,83.2,2.62,33.4,2.548,0
2025-09-17,TR012,OP012,North Pit,43.4,31.43,83.9,186.8,2.21,19.6,1.381,0
2025-12-17,TR025,OP006,North Pit,62.37,27.66,9.3,134.1,1.78,35.0,2.255,0
2025-10-05,TR014,OP018,Stockpile,43.29,19.27,88.9,64.4,1.38,31.5,2.246,0
2025-07-21,TR023,OP029,North Pit,45.67,22.22,19.8,167.3,1.28,35.8,2.055,0
2025-01-16,TR008,OP048,North Pit,11.42,6.07,11.1,109.4,0.51,22.3,1.881,0
2025-03-21,TR020,OP025,North Pit,98.34,34.4,19.7,57.2,2.6,37.9,2.859,0
2025-10-06,TR028,OP050,North Pit,81.11,38.2,8.0,237.0,2.9,28.0,2.123,0
2025-07-17,TR027,OP017,Crusher,76.97,33.67,48.9,123.3,2.22,34.6,2.286,0
2025-09-08,TR027,OP038,North Pit,58.71,23.7,41.8,40.2,1.62,36.2,2.477,0
2025-03-31,TR019,OP005,Stockpile,82.37,30.33,36.8,183.9,2.93,28.1,2.716,0
2025-10-17,TR024,OP024,Stockpile,33.38,23.47,72.1,123.5,1.66,20.1,1.422,0
2025-01-31,TR028,OP039,North Pit,53.28,29.44,33.0,192.4,2.21,24.1,1.81,0
2025-12-21,TR027,OP043,East Pit,15.11,10.37,41.3,138.5,0.42,35.9,1.457,0
2025-10-04,TR019,OP047,West Pit,12.48,16.33,77.4,165.6,0.66,18.9,0.764,0
2025-09-07,TR012,OP031,East Pit,8.71,12.59,70.8,123.5,0.37,23.4,0.692,0
2025-04-07,TR005,OP017,Stockpile,57.22,31.3,59.1,171.9,2.71,21.1,1.828,0
2025-10-19,TR006,OP043,West Pit,115.18,42.13,46.7,69.9,4.18,27.5,2.734,0
2025-04-25,TR016,OP049,Crusher,20.27,14.7,69.2,143.0,0.54,37.8,1.379,0
2025-11-06,TR011,OP030,South Pit,85.83,42.06,85.6,95.2,2.7,31.8,2.041,0
2025-12-27,TR014,OP034,North Pit,18.27,11.44,56.0,112.0,0.91,20.1,1.597,0
2025-11-10,TR024,OP017,South Pit,88.19,49.72,89.3,72.5,3.47,25.4,1.774,0
2025-05-27,TR008,OP017,Crusher,115.31,65.88,49.6,85.7,3.17,36.4,1.75,0
2025-11-27,TR003,OP014,East Pit,79.22,32.53,30.5,96.6,4.3,18.4,2.435,0
2025-06-11,TR027,OP011,North Pit,22.06,9.41,36.9,104.1,0.64,34.3,2.344,0
2025-10-28,TR025,OP026,Crusher,108.48,41.98,22.4,198.3,3.94,27.5,2.584,0
2025-12-03,TR019,OP028,North Pit,46.73,26.29,6.6,188.5,1.95,24.0,1.777,0
2025-05-21,TR027,OP040,North Pit,40.85,19.15,42.6,116.9,1.23,33.1,2.133,0
2025-10-16,TR023,OP027,North Pit,17.55,7.41,8.1,69.8,0.82,21.3,2.368,0
2025-12-25,TR004,OP029,East Pit,64.56,30.18,7.0,148.5,2.88,22.4,2.139,0
2025-11-10,TR010,OP031,West Pit,47.1,23.77,37.2,55.6,2.21,21.3,1.981,0
2025-03-16,TR010,OP049,Crusher,100.98,37.55,5.6,183.1,2.87,35.2,2.689,0
2025-06-20,TR010,OP029,Stockpile,10.59,5.18,28.8,96.4,0.44,24.1,2.044,0
2025-06-12,TR028,OP011,Crusher,38.82,17.59,37.1,145.3,1.08,36.0,2.207,0
2025-03-19,TR010,OP037,South Pit,106.15,51.47,58.1,58.4,3.16,33.6,2.062,0
2025-03-22,TR022,OP002,North Pit,47.37,15.48,10.2,180.1,1.77,26.7,3.06,0
2025-01-24,TR026,OP029,North Pit,95.55,44.9,72.2,216.2,2.98,32.0,2.128,0
2025-09-11,TR020,OP011,East Pit,110.84,47.99,69.8,52.1,3.41,32.5,2.31,0
2025-01-30,TR008,OP033,West Pit,70.64,45.55,53.1,201.2,2.09,33.8,1.551,0
2025-02-16,TR006,OP016,South Pit,92.76,37.52,89.4,160.9,5.03,18.4,2.472,0
2025-02-20,TR005,OP037,South Pit,78.9,28.74,73.3,67.5,2.58,30.6,2.745,0
2025-07-09,TR026,OP034,Stockpile,55.09,27.1,46.5,217.9,2.74,20.1,2.033,0
2025-04-09,TR007,OP034,Stockpile,12.48,6.13,10.3,194.4,0.4,31.4,2.036,0
2025-06-15,TR015,OP020,Stockpile,19.48,11.7,66.3,79.5,0.78,24.8,1.665,0
2025-10-11,TR022,OP044,West Pit,78.35,31.3,43.8,216.4,2.15,36.5,2.503,0
2025-05-12,TR002,OP014,West Pit,47.45,27.0,82.6,209.2,1.31,36.1,1.757,0
2025-03-25,TR004,OP027,Crusher,39.95,13.91,11.6,227.1,1.69,23.7,2.872,0
2025-01-29,TR027,OP025,East Pit,110.18,47.44,56.5,185.9,3.8,29.0,2.323,0
2025-06-03,TR017,OP008,Crusher,79.93,38.88,77.2,151.0,2.58,31.0,2.056,0
2025-10-26,TR030,OP040,South Pit,101.33,47.25,40.9,193.9,4.88,20.8,2.145,0
2025-06-17,TR014,OP029,Crusher,17.3,10.34,14.2,139.8,0.72,24.2,1.673,0
2025-04-08,TR019,OP005,South Pit,31.37,15.54,29.3,119.1,1.24,25.3,2.019,0
2025-04-24,TR009,OP036,South Pit,41.74,25.66,82.5,220.4,1.4,29.8,1.627,0
2025-01-07,TR020,OP007,North Pit,86.76,40.97,22.8,211.5,3.89,22.3,2.118,0
2025-03-06,TR024,OP013,Crusher,98.43,47.44,52.5,111.7,4.06,24.3,2.075,0
2025-02-07,TR002,OP011,South Pit,65.04,38.43,54.3,200.2,2.98,21.9,1.692,0
2025-04-08,TR010,OP017,North Pit,91.69,49.46,32.0,46.1,4.51,20.3,1.854,0
2025-12-10,TR019,OP039,Stockpile,78.69,40.94,89.6,140.1,3.38,23.3,1.922,0
2025-11-08,TR009,OP022,Crusher,56.6,37.88,73.0,118.8,1.71,33.1,1.494,0
2025-10-03,TR026,OP024,South Pit,113.24,41.55,7.8,110.7,4.63,24.5,2.725,0
2025-12-29,TR028,OP033,East Pit,118.99,84.44,14.4,159.0,3.16,37.6,1.409,1
2025-04-23,TR023,OP001,Stockpile,80.37,28.14,26.1,93.5,2.53,31.8,2.856,0
2025-05-16,TR013,OP016,North Pit,19.7,12.71,68.0,95.8,0.68,29.0,1.55,0
2025-01-14,TR006,OP048,North Pit,70.89,31.71,37.5,168.2,2.83,25.0,2.236,0
2025-06-18,TR001,OP004,South Pit,85.21,37.81,39.5,215.2,2.71,31.4,2.254,0
2025-07-08,TR003,OP022,South Pit,77.59,41.58,51.8,85.1,2.77,28.1,1.866,0
2025-05-03,TR006,OP005,West Pit,57.87,20.66,10.7,193.7,2.56,22.6,2.801,0
2025-09-01,TR019,OP029,Crusher,60.28,32.84,22.6,227.5,2.08,29.0,1.836,0
2025-05-14,TR009,OP024,Crusher,92.19,90.64,35.1,63.4,3.19,28.9,1.017,1
2025-06-13,TR011,OP040,West Pit,111.69,44.59,71.6,54.9,3.54,31.5,2.505,0
2025-09-08,TR022,OP024,Stockpile,22.2,20.1,84.2,144.5,0.81,27.3,1.104,0
2025-09-11,TR011,OP037,Stockpile,76.29,38.43,55.1,107.2,2.87,26.6,1.985,0
2025-09-26,TR014,OP021,West Pit,76.45,37.63,9.9,223.0,3.71,20.6,2.032,0
2025-09-09,TR016,OP012,West Pit,22.09,11.83,48.8,123.5,1.05,21.1,1.867,0
2025-04-26,TR026,OP042,North Pit,10.27,10.04,69.9,238.7,0.56,18.4,1.023,0
2025-03-25,TR001,OP026,Stockpile,29.54,13.36,32.1,194.2,0.82,36.0,2.211,0
2025-02-22,TR009,OP005,East Pit,100.31,61.69,81.5,205.1,3.68,27.3,1.626,0
2025-04-29,TR007,OP035,Crusher,86.4,28.05,16.5,230.8,2.82,30.7,3.08,0
2025-09-16,TR030,OP041,East Pit,99.63,39.58,9.2,48.3,2.72,36.7,2.517,0
2025-11-04,TR024,OP023,Crusher,64.54,24.92,24.6,174.6,2.63,24.5,2.59,0
2025-06-10,TR003,OP029,South Pit,36.39,20.05,32.2,95.0,1.37,26.6,1.815,0
2025-01-28,TR008,OP015,Stockpile,118.59,40.78,29.3,53.1,3.54,33.5,2.908,0
2025-12-01,TR026,OP030,Crusher,119.58,65.0,88.0,122.7,6.57,18.2,1.84,0
2025-10-28,TR017,OP044,West Pit,39.09,20.71,22.6,175.2,1.69,23.1,1.887,0
2025-05-30,TR014,OP020,Crusher,42.48,32.14,79.0,224.7,1.26,33.8,1.322,0
2025-08-14,TR029,OP005,South Pit,118.4,68.04,77.4,127.1,3.27,36.2,1.74,0
2025-01-11,TR011,OP010,North Pit,110.15,46.56,24.7,213.2,4.03,27.3,2.366,0
2025-05-30,TR023,OP016,South Pit,36.74,14.54,30.4,104.6,0.99,37.0,2.527,0
2025-09-23,TR006,OP025,South Pit,103.53,37.22,27.6,90.2,2.91,35.6,2.782,0
2025-09-29,TR025,OP050,East Pit,118.8,58.09,81.8,67.6,3.56,33.3,2.045,0
2025-12-26,TR008,OP009,Stockpile,100.45,47.75,29.6,222.5,4.16,24.1,2.104,0
2025-07-03,TR030,OP040,Stockpile,15.54,10.95,40.5,49.9,0.45,34.7,1.419,0
2025-06-20,TR021,OP017,Stockpile,60.94,30.54,80.2,213.5,2.76,22.1,1.995,0
2025-07-16,TR023,OP016,West Pit,99.28,50.69,80.2,174.0,2.74,36.2,1.959,0
2025-12-14,TR004,OP015,West Pit,10.23,11.12,87.3,228.2,0.29,35.6,0.92,0
2025-02-14,TR008,OP015,North Pit,89.16,36.56,36.0,109.4,2.37,37.7,2.439,0
2025-03-01,TR002,OP039,North Pit,72.81,24.94,19.3,57.4,2.42,30.1,2.919,0
2025-10-20,TR017,OP007,South Pit,71.09,41.15,52.1,99.1,3.95,18.0,1.728,0
2025-03-19,TR027,OP038,South Pit,69.38,27.35,49.7,233.9,2.2,31.6,2.537,0
2025-08-19,TR025,OP020,North Pit,68.24,35.82,47.5,49.0,1.81,37.8,1.905,0
2025-05-05,TR003,OP008,Stockpile,59.3,25.78,41.2,52.3,2.76,21.5,2.3,0
2025-10-03,TR015,OP028,Stockpile,12.64,5.64,7.3,52.8,0.36,34.7,2.241,0
2025-05-29,TR029,OP027,South Pit,95.21,35.52,29.1,70.1,4.1,23.2,2.68,0
2025-03-01,TR029,OP028,Stockpile,26.5,16.87,46.0,190.1,1.3,20.3,1.571,0
2025-11-25,TR016,OP003,Crusher,59.36,23.09,28.5,42.5,1.99,29.8,2.571,0
2025-01-04,TR018,OP012,South Pit,104.91,39.57,5.6,106.4,5.02,20.9,2.651,0
2025-12-21,TR019,OP040,West Pit,41.06,21.17,39.6,48.2,1.51,27.2,1.94,0
2025-01-17,TR017,OP006,East Pit,74.25,29.11,32.7,206.9,3.65,20.4,2.551,0
2025-07-06,TR012,OP001,East Pit,74.6,40.46,79.5,130.1,2.21,33.8,1.844,0
2025-11-30,TR011,OP007,West Pit,110.45,48.33,25.5,77.5,5.7,19.4,2.285,0
2025-09-12,TR028,OP050,North Pit,13.18,12.11,43.9,187.5,0.4,32.8,1.088,0
2025-03-22,TR024,OP021,Crusher,72.62,80.18,51.3,169.8,2.57,28.3,0.906,1
2025-08-18,TR002,OP039,South Pit,71.71,30.78,15.4,57.1,1.97,36.4,2.33,0
2025-03-18,TR011,OP024,West Pit,26.83,14.95,46.2,92.2,1.01,26.6,1.795,0
2025-11-11,TR005,OP044,West Pit,45.91,25.22,23.4,139.2,2.36,19.5,1.82,0
2025-01-25,TR014,OP013,West Pit,67.78,26.94,35.6,60.3,3.61,18.8,2.516,0
2025-02-09,TR013,OP019,Crusher,49.34,30.96,44.5,110.4,1.85,26.6,1.594,0
2025-09-16,TR012,OP043,Stockpile,69.73,29.39,13.9,113.7,2.18,32.0,2.373,0
2025-07-25,TR007,OP047,Crusher,108.04,33.86,12.8,85.9,3.38,31.9,3.191,0
2025-09-29,TR017,OP049,West Pit,84.54,36.63,88.8,164.8,4.64,18.2,2.308,0
2025-10-23,TR025,OP011,West Pit,34.36,19.6,37.5,139.8,1.4,24.5,1.753,0
2025-01-31,TR012,OP004,West Pit,45.68,37.09,10.4,208.9,2.2,20.7,1.232,1
2025-10-10,TR016,OP031,East Pit,50.67,21.73,6.0,182.8,2.56,19.8,2.332,0
2025-05-17,TR003,OP045,West Pit,38.44,16.23,86.0,70.2,1.11,34.7,2.368,0
2025-10-08,TR018,OP009,Crusher,95.53,57.5,56.9,77.9,4.28,22.3,1.661,0
2025-03-17,TR018,OP047,West Pit,77.61,39.83,15.6,223.8,2.92,26.6,1.949,0
2025-12-25,TR014,OP028,North Pit,38.54,20.86,46.9,81.8,1.49,25.9,1.848,0
2025-06-25,TR020,OP018,West Pit,103.97,41.46,73.7,56.1,5.55,18.7,2.508,0
2025-01-11,TR016,OP009,West Pit,62.95,31.8,48.9,115.9,1.81,34.9,1.98,0
2025-09-19,TR009,OP046,North Pit,68.99,25.79,15.3,49.7,3.16,21.8,2.675,0
2025-02-08,TR017,OP015,Stockpile,22.04,21.01,60.5,60.1,0.6,36.5,1.049,0
2025-08-07,TR014,OP002,East Pit,38.24,21.36,30.7,161.6,1.13,33.9,1.79,0
2025-02-25,TR018,OP019,South Pit,114.65,44.0,41.9,163.0,5.12,22.4,2.606,0
2025-03-21,TR011,OP046,Stockpile,66.91,24.22,28.0,207.9,1.79,37.5,2.763,0
2025-08-01,TR011,OP026,West Pit,115.95,62.05,57.2,224.2,4.76,24.4,1.869,0
2025-07-31,TR012,OP012,Stockpile,87.83,33.9,36.2,221.6,2.37,37.1,2.591,0
2025-06-07,TR014,OP030,North Pit,93.36,42.08,55.1,197.2,3.01,31.0,2.219,0
2025-04-14,TR002,OP048,Stockpile,98.2,32.39,30.0,91.2,5.05,19.4,3.032,0
2025-01-24,TR023,OP050,South Pit,13.0,12.41,82.1,112.6,0.36,36.1,1.048,0
2025-05-04,TR020,OP048,East Pit,43.73,32.89,73.5,215.4,1.19,36.6,1.33,0
2025-04-12,TR015,OP020,West Pit,92.63,46.55,48.1,231.2,3.05,30.3,1.99,0
2025-12-28,TR030,OP002,East Pit,88.12,40.72,76.0,86.1,4.33,20.3,2.164,0
2025-05-23,TR023,OP046,Stockpile,119.15,40.41,28.3,55.6,4.53,26.3,2.949,0
2025-07-17,TR020,OP003,East Pit,94.02,39.16,33.7,180.0,4.89,19.2,2.401,0
2025-07-04,TR008,OP015,South Pit,108.32,57.81,12.4,80.9,3.84,28.2,1.874,0
2025-12-05,TR011,OP018,Stockpile,42.86,16.48,45.9,167.8,1.81,23.7,2.601,0
2025-10-03,TR027,OP028,Crusher,54.07,23.07,58.6,152.7,1.87,28.8,2.344,0
2025-07-21,TR018,OP024,East Pit,76.09,38.21,46.2,211.5,2.39,31.9,1.991,0
2025-06-28,TR016,OP007,West Pit,98.61,38.36,44.0,150.0,3.3,29.9,2.571,0
2025-11-24,TR013,OP016,Stockpile,69.16,34.01,49.6,201.1,2.15,32.1,2.034,0
2025-10-29,TR003,OP041,West Pit,82.04,38.98,8.0,210.0,2.42,33.9,2.105,0
2025-09-10,TR021,OP044,Stockpile,84.22,38.12,14.9,79.8,2.26,37.2,2.209,0
2025-07-17,TR012,OP047,North Pit,41.63,16.82,10.6,146.4,1.74,23.9,2.475,0
2025-02-09,TR008,OP027,Stockpile,80.06,38.98,31.7,77.8,2.37,33.8,2.054,0
2025-05-11,TR028,OP043,North Pit,69.69,34.85,73.5,124.7,2.94,23.7,2.0,0
2025-09-14,TR012,OP017,Crusher,67.78,32.54,20.4,107.2,2.57,26.3,2.083,0
2025-10-22,TR025,OP039,Crusher,8.28,9.05,48.6,212.5,0.23,36.2,0.915,0
2025-09-05,TR001,OP024,Stockpile,73.54,26.76,47.1,210.8,4.08,18.0,2.748,0
2025-03-10,TR023,OP031,East Pit,101.6,55.15,56.0,130.5,2.79,36.4,1.842,0
2025-03-19,TR002,OP050,North Pit,90.86,28.28,10.2,179.5,5.04,18.0,3.213,0
2025-11-21,TR020,OP020,East Pit,111.21,56.71,37.5,214.3,3.53,31.5,1.961,0
2025-05-09,TR017,OP023,North Pit,71.87,24.77,27.7,200.8,2.95,24.4,2.901,0
2025-09-03,TR004,OP034,South Pit,81.6,39.73,41.7,86.9,2.93,27.9,2.054,0
2025-03-12,TR013,OP021,South Pit,18.83,13.52,87.9,131.8,0.99,19.1,1.393,0
2025-12-14,TR017,OP049,East Pit,112.34,55.02,24.0,206.9,3.0,37.5,2.042,0
2025-04-12,TR007,OP020,South Pit,91.77,40.62,67.5,121.8,2.48,36.9,2.259,0
2025-03-18,TR009,OP003,East Pit,37.69,18.14,50.7,130.0,1.17,32.3,2.078,0
2025-04-09,TR002,OP018,Stockpile,14.24,8.3,41.4,182.9,0.47,30.1,1.716,0
2025-03-26,TR025,OP017,Stockpile,71.47,35.03,53.1,121.5,3.35,21.3,2.04,0
2025-02-04,TR022,OP046,North Pit,8.25,10.77,84.0,114.6,0.23,35.4,0.766,0
2025-06-16,TR028,OP029,North Pit,15.53,7.72,36.3,152.2,0.61,25.6,2.012,0
2025-07-28,TR027,OP046,East Pit,25.0,19.29,69.1,132.9,1.0,25.1,1.296,0
2025-02-24,TR017,OP026,Stockpile,61.91,34.51,52.9,57.5,2.83,21.8,1.794,0
2025-06-19,TR001,OP016,North Pit,76.71,34.9,59.0,108.8,3.32,23.1,2.198,0
2025-01-15,TR017,OP011,Crusher,69.37,34.92,73.1,56.6,2.5,27.7,1.987,0
2025-07-21,TR009,OP003,West Pit,107.34,57.67,54.1,121.2,3.23,33.2,1.861,0
2025-05-09,TR028,OP043,South Pit,111.41,36.48,10.8,75.6,3.31,33.7,3.054,0
2025-09-05,TR013,OP020,Crusher,72.61,34.65,9.5,188.9,2.61,27.8,2.096,0
2025-10-02,TR030,OP025,North Pit,53.31,22.3,43.8,83.6,2.23,23.9,2.391,0
2025-02-28,TR007,OP028,North Pit,90.79,45.64,88.3,117.7,4.96,18.3,1.989,0
2025-11-21,TR006,OP020,West Pit,10.12,6.53,12.5,77.9,0.36,28.3,1.55,0
2025-10-16,TR004,OP015,South Pit,113.35,43.32,64.5,88.6,4.2,27.0,2.617,0
2025-03-27,TR001,OP013,East Pit,80.03,31.35,28.5,109.4,4.11,19.5,2.553,0
2025-06-10,TR012,OP045,North Pit,12.13,11.57,73.7,46.2,0.38,31.9,1.048,0
2025-12-11,TR027,OP027,East Pit,101.85,34.49,30.4,117.2,5.59,18.2,2.953,0
2025-11-18,TR009,OP003,West Pit,20.28,15.17,88.1,47.9,0.92,22.1,1.337,0
2025-01-29,TR024,OP001,North Pit,100.14,40.92,66.4,231.4,4.17,24.0,2.447,0
2025-11-23,TR026,OP028,West Pit,111.7,41.16,89.1,65.7,4.62,24.2,2.714,0
2025-01-29,TR016,OP026,South Pit,106.17,45.51,36.9,119.2,4.94,21.5,2.333,0
2025-05-02,TR024,OP048,North Pit,46.9,18.44,44.7,92.7,1.44,32.6,2.543,0
2025-09-15,TR026,OP005,North Pit,47.08,16.6,22.0,58.2,2.11,22.3,2.836,0
2025-10-28,TR017,OP007,East Pit,78.86,33.97,32.4,157.0,2.37,33.3,2.321,0
2025-01-25,TR008,OP002,Stockpile,108.75,56.54,16.8,66.1,5.02,21.7,1.923,0
2025-12-17,TR007,OP005,East Pit,87.41,104.71,28.1,161.3,3.95,22.1,0.835,1
2025-12-21,TR013,OP042,Crusher,18.26,11.24,60.5,130.5,0.87,21.0,1.625,0
2025-05-20,TR001,OP024,East Pit,64.33,31.17,33.4,236.3,2.09,30.8,2.064,0
2025-04-11,TR001,OP005,Crusher,29.89,16.73,26.3,40.8,0.91,33.0,1.787,0
2025-02-08,TR012,OP018,East Pit,72.29,32.31,68.8,89.5,2.11,34.2,2.237,0
2025-02-16,TR015,OP018,Crusher,37.19,18.8,17.5,185.3,1.62,23.0,1.978,0
2025-01-22,TR001,OP045,West Pit,56.2,21.86,34.2,226.4,1.66,33.8,2.571,0
2025-10-08,TR022,OP038,South Pit,76.78,33.79,73.5,173.1,2.31,33.3,2.272,0
2025-06-05,TR026,OP004,North Pit,28.26,21.21,68.9,237.1,0.74,38.0,1.332,0
2025-06-04,TR009,OP028,East Pit,103.54,47.09,20.2,64.8,2.78,37.3,2.199,0
2025-04-06,TR030,OP034,North Pit,41.09,16.58,59.5,175.6,1.11,37.2,2.478,0
2025-11-25,TR011,OP004,East Pit,100.58,40.33,33.3,78.2,5.09,19.8,2.494,0
2025-07-11,TR026,OP025,Stockpile,23.81,14.48,71.4,160.3,0.69,34.4,1.644,0
2025-06-29,TR019,OP007,East Pit,87.93,41.43,75.9,155.5,2.68,32.9,2.122,0
2025-05-21,TR022,OP016,South Pit,97.1,35.27,42.4,107.0,3.19,30.5,2.753,0
2025-01-03,TR012,OP049,East Pit,15.96,12.15,54.5,56.7,0.76,20.9,1.314,0
2025-03-01,TR013,OP041,East Pit,68.2,32.78,46.0,215.2,1.83,37.2,2.081,0
2025-03-01,TR024,OP019,West Pit,106.88,45.71,63.7,74.2,3.49,30.6,2.338,0
2025-06-04,TR029,OP030,East Pit,64.38,28.55,47.9,71.5,2.92,22.1,2.255,0
2025-02-06,TR025,OP050,Crusher,22.95,17.54,71.1,162.6,0.7,33.0,1.308,0
2025-11-26,TR013,OP009,Stockpile,36.56,27.69,75.8,75.2,0.97,37.5,1.32,0
2025-03-08,TR008,OP036,South Pit,25.46,13.13,31.1,181.1,1.25,20.4,1.939,0
2025-08-01,TR027,OP047,East Pit,10.14,14.31,75.3,151.1,0.27,37.7,0.709,0
2025-04-09,TR006,OP050,West Pit,42.57,15.08,15.0,214.1,2.08,20.5,2.823,0
2025-02-01,TR021,OP040,South Pit,33.78,13.96,41.4,124.4,1.13,29.9,2.42,0
2025-01-28,TR025,OP025,South Pit,89.96,31.62,18.0,184.6,3.04,29.6,2.845,0
2025-06-23,TR028,OP049,Crusher,78.06,28.73,28.4,131.7,3.27,23.9,2.717,0
2025-11-17,TR020,OP050,South Pit,30.3,34.77,85.1,110.5,1.06,28.7,0.871,1
2025-09-23,TR025,OP029,Crusher,82.56,45.13,86.4,127.4,4.36,18.9,1.829,0
2025-09-03,TR027,OP047,West Pit,23.24,15.91,47.9,169.8,0.74,31.2,1.461,0
2025-08-18,TR013,OP046,East Pit,14.39,10.04,38.2,76.5,0.43,33.5,1.433,0
2025-06-12,TR006,OP027,West Pit,72.08,28.54,53.4,132.7,2.11,34.2,2.526,0
2025-09-11,TR019,OP018,West Pit,25.71,17.12,69.6,86.5,0.93,27.8,1.502,0
2025-11-25,TR010,OP023,South Pit,104.28,59.91,60.3,41.7,4.68,22.3,1.741,0
2025-07-13,TR011,OP018,West Pit,46.83,25.7,78.3,137.4,1.55,30.3,1.822,0
2025-08-12,TR010,OP031,East Pit,51.67,24.54,32.4,146.1,2.74,18.9,2.106,0
2025-03-11,TR027,OP017,West Pit,30.14,13.85,17.1,140.6,1.38,21.9,2.176,0
2025-09-06,TR019,OP026,Crusher,108.85,60.14,56.3,164.0,4.31,25.2,1.81,0
2025-02-10,TR002,OP011,East Pit,70.74,31.51,34.2,58.0,1.86,38.0,2.245,0
2025-09-18,TR026,OP002,East Pit,78.25,43.11,41.3,192.2,2.75,28.5,1.815,0
2025-12-30,TR009,OP047,South Pit,36.27,14.66,16.5,215.2,1.52,23.9,2.474,0
2025-06-10,TR017,OP040,East Pit,56.17,27.48,83.5,60.8,2.18,25.7,2.044,0
2025-07-09,TR026,OP029,East Pit,41.89,18.91,62.8,195.2,1.94,21.6,2.215,0
2025-04-18,TR011,OP011,South Pit,86.53,35.53,23.0,172.7,2.33,37.2,2.435,0
2025-10-02,TR011,OP006,South Pit,17.01,14.83,72.0,79.6,0.8,21.2,1.147,0
2025-11-20,TR017,OP027,West Pit,112.69,54.0,62.6,125.2,3.93,28.7,2.087,0
2025-03-01,TR001,OP034,North Pit,31.29,14.35,16.6,57.0,1.03,30.4,2.18,0
2025-05-15,TR002,OP049,Stockpile,40.89,19.63,89.0,214.4,2.08,19.7,2.083,0
2025-05-13,TR007,OP017,Crusher,93.45,38.57,76.4,45.9,3.04,30.7,2.423,0
2025-06-09,TR005,OP012,Crusher,24.71,10.87,25.4,197.5,1.28,19.4,2.273,0
2025-01-07,TR003,OP037,East Pit,12.39,12.7,71.3,42.7,0.48,25.7,0.976,0
2025-04-11,TR017,OP044,North Pit,31.31,11.7,9.0,77.2,1.13,27.7,2.676,0
2025-06-30,TR012,OP012,Crusher,80.91,30.97,43.3,159.4,2.38,33.9,2.613,0
2025-07-22,TR011,OP048,North Pit,17.86,16.56,73.2,174.4,0.57,31.1,1.079,0
2025-10-08,TR018,OP026,South Pit,112.92,58.34,32.8,227.6,3.52,32.1,1.936,0
2025-07-16,TR022,OP006,Stockpile,95.97,30.55,10.1,112.5,3.59,26.7,3.141,0
2025-01-16,TR022,OP013,North Pit,113.01,42.85,64.8,153.1,3.03,37.4,2.637,0
2025-06-07,TR026,OP036,Stockpile,37.37,27.78,78.5,153.1,1.2,31.0,1.345,0
2025-06-08,TR025,OP035,Crusher,57.09,19.5,39.6,60.1,2.0,28.6,2.928,0
2025-05-09,TR003,OP023,East Pit,60.17,37.4,75.6,43.1,2.58,23.4,1.609,0
2025-04-13,TR020,OP028,Stockpile,35.47,16.89,80.7,105.1,1.39,25.5,2.1,0
2025-07-17,TR021,OP009,Crusher,111.86,33.98,5.2,202.3,3.23,34.7,3.292,0
2025-06-19,TR013,OP048,West Pit,107.77,48.73,5.9,116.5,3.6,29.9,2.212,0
2025-05-20,TR008,OP022,South Pit,88.65,40.33,72.6,121.2,4.03,22.0,2.198,0
2025-12-26,TR028,OP047,Stockpile,97.31,37.6,62.5,165.7,2.63,37.0,2.588,0
2025-10-12,TR002,OP004,North Pit,74.38,26.92,68.8,107.5,2.25,33.1,2.763,0
2025-02-21,TR023,OP028,South Pit,88.72,30.42,15.9,105.1,3.49,25.4,2.917,0
2025-02-25,TR019,OP024,North Pit,117.11,36.89,16.8,168.9,4.96,23.6,3.175,0
2025-04-12,TR005,OP006,East Pit,23.92,12.51,59.6,194.2,1.0,23.9,1.912,0
2025-09-20,TR026,OP016,Crusher,27.71,19.01,63.8,212.3,1.31,21.2,1.458,0
2025-03-17,TR001,OP017,North Pit,96.7,34.24,67.0,98.6,3.59,26.9,2.824,0
2025-03-18,TR007,OP044,Stockpile,9.29,5.05,13.9,184.5,0.24,37.9,1.84,0
2025-12-30,TR002,OP021,Crusher,17.45,15.7,69.0,67.4,0.53,33.2,1.111,0
2025-12-07,TR001,OP028,South Pit,92.19,35.96,55.5,77.3,4.58,20.1,2.564,0
2025-09-14,TR015,OP035,North Pit,34.28,13.83,7.7,238.0,0.92,37.4,2.479,0
2025-05-21,TR025,OP017,West Pit,94.23,56.99,45.6,113.8,2.82,33.4,1.653,0
2025-08-23,TR018,OP019,East Pit,54.0,22.17,22.3,131.3,2.14,25.2,2.436,0
2025-04-29,TR014,OP039,West Pit,67.08,34.66,35.6,195.2,2.91,23.0,1.935,0
2025-01-06,TR002,OP019,Stockpile,103.98,47.4,62.6,201.6,4.31,24.1,2.194,0
2025-11-25,TR010,OP029,Stockpile,53.0,23.91,39.5,150.4,1.44,36.7,2.217,0
2025-12-28,TR007,OP028,West Pit,71.38,29.66,39.5,87.5,2.57,27.8,2.407,0
2025-01-18,TR011,OP018,Stockpile,72.33,46.06,65.2,130.0,2.95,24.5,1.57,0
2025-07-27,TR008,OP039,West Pit,64.18,20.37,15.7,76.5,1.92,33.4,3.151,0
2025-12-23,TR011,OP008,South Pit,31.58,15.01,29.7,156.3,1.39,22.8,2.104,0
2025-10-26,TR003,OP031,West Pit,117.49,50.09,50.2,172.1,4.58,25.6,2.346,0
2025-12-05,TR019,OP049,Stockpile,15.82,11.8,75.6,63.7,0.46,34.4,1.341,0
2025-10-19,TR014,OP041,Stockpile,112.8,53.55,78.2,91.9,5.04,22.4,2.106,0
2025-08-31,TR027,OP024,Stockpile,42.39,27.7,86.1,148.1,1.95,21.8,1.53,0
2025-07-06,TR027,OP023,South Pit,21.14,10.29,37.8,45.7,0.6,35.4,2.054,0
2025-07-27,TR029,OP023,West Pit,48.06,30.14,83.7,62.0,1.27,37.9,1.595,0
2025-01-08,TR019,OP044,South Pit,110.47,60.07,80.3,154.8,3.38,32.7,1.839,0
2025-07-11,TR021,OP007,East Pit,80.7,32.02,50.7,210.7,2.14,37.7,2.52,0
2025-01-12,TR015,OP011,West Pit,90.49,30.48,18.4,154.7,4.1,22.1,2.969,0
2025-01-31,TR015,OP008,North Pit,23.4,13.82,35.4,208.1,0.84,27.9,1.693,0
2025-10-31,TR018,OP044,East Pit,90.29,44.21,9.4,105.9,2.94,30.7,2.042,0
2025-02-03,TR008,OP039,North Pit,14.11,11.2,46.4,207.4,0.61,23.2,1.26,0
2025-07-26,TR003,OP031,South Pit,89.31,49.01,37.7,209.4,4.58,19.5,1.822,0
2025-09-10,TR013,OP013,Stockpile,111.28,38.09,47.9,237.0,5.05,22.1,2.922,0
2025-01-09,TR011,OP005,North Pit,38.94,15.99,62.8,85.3,1.43,27.2,2.435,0
2025-12-16,TR016,OP029,South Pit,91.57,51.83,65.4,221.4,3.55,25.8,1.767,0
2025-05-31,TR005,OP032,North Pit,8.63,8.28,61.4,168.0,0.4,21.5,1.042,0
2025-07-06,TR021,OP007,East Pit,90.09,42.24,70.9,93.7,3.16,28.5,2.133,0
2025-12-11,TR004,OP039,East Pit,101.63,51.45,81.3,184.9,5.44,18.7,1.975,0
2025-01-01,TR019,OP038,Crusher,14.77,12.61,46.2,135.0,0.59,24.8,1.171,0
2025-02-15,TR023,OP037,West Pit,72.73,37.14,52.9,232.8,2.04,35.6,1.958,0
2025-10-30,TR012,OP016,East Pit,28.2,17.16,70.7,222.9,1.55,18.1,1.643,0
2025-04-24,TR030,OP041,North Pit,85.68,46.53,9.3,80.5,2.39,35.8,1.841,0
2025-10-31,TR022,OP006,West Pit,42.16,21.51,46.4,46.7,1.47,28.8,1.96,0
2025-12-06,TR025,OP048,East Pit,60.24,32.97,76.4,132.1,1.86,32.4,1.827,0
2025-05-03,TR026,OP009,West Pit,69.33,27.96,77.5,105.4,1.9,36.6,2.48,0
2025-01-02,TR012,OP016,East Pit,36.43,18.49,8.9,165.9,1.84,19.8,1.97,0
2025-09-06,TR029,OP034,Stockpile,93.44,35.31,82.8,209.1,2.96,31.5,2.646,0
2025-10-18,TR017,OP004,West Pit,9.28,7.23,34.8,162.4,0.39,23.7,1.284,0
2025-02-21,TR029,OP008,North Pit,15.94,14.82,67.2,187.3,0.46,34.7,1.076,0
2025-04-03,TR028,OP049,North Pit,37.12,20.03,80.6,109.4,1.1,33.8,1.853,0
2025-03-01,TR011,OP027,South Pit,50.48,22.52,47.4,182.4,1.49,33.8,2.242,0
2025-08-08,TR027,OP036,North Pit,73.78,26.89,38.2,157.5,2.91,25.3,2.744,0
2025-09-17,TR029,OP027,East Pit,73.16,25.57,17.1,237.5,1.93,37.8,2.861,0
2025-01-13,TR006,OP011,West Pit,41.16,23.26,27.6,170.5,1.24,33.2,1.77,0
2025-07-06,TR008,OP044,North Pit,101.83,59.71,87.0,216.3,3.8,26.8,1.705,0
2025-09-24,TR010,OP003,Stockpile,45.2,22.17,65.8,54.8,1.19,37.9,2.039,0
2025-08-03,TR016,OP007,Stockpile,58.94,35.08,64.1,207.5,2.58,22.8,1.68,0
2025-12-26,TR022,OP005,East Pit,26.44,11.48,5.7,198.7,1.09,24.2,2.303,0
2025-07-11,TR029,OP005,Stockpile,30.49,17.97,89.0,73.7,0.85,36.1,1.697,0
2025-12-06,TR023,OP024,Stockpile,94.24,37.92,84.2,98.8,2.95,31.9,2.485,0
2025-12-10,TR016,OP014,West Pit,41.96,29.29,73.2,108.9,1.35,31.1,1.433,0
2025-03-07,TR029,OP046,East Pit,26.51,17.27,59.3,64.8,1.01,26.3,1.535,0
2025-10-15,TR026,OP046,East Pit,78.05,34.14,55.6,191.5,2.49,31.3,2.286,0
2025-08-16,TR022,OP005,West Pit,30.43,17.94,37.0,195.7,1.27,23.9,1.696,0
2025-11-25,TR023,OP012,East Pit,75.66,40.62,78.6,161.0,3.38,22.4,1.863,0
2025-04-01,TR012,OP027,Stockpile,84.87,26.48,18.6,159.8,2.25,37.8,3.205,0
2025-04-17,TR016,OP028,East Pit,73.68,31.73,40.4,116.4,2.23,33.1,2.322,0
2025-05-29,TR006,OP036,North Pit,67.87,43.79,79.1,168.3,2.13,31.9,1.55,0
2025-12-24,TR015,OP022,Stockpile,119.87,38.73,45.6,140.3,5.73,20.9,3.095,0
2025-12-31,TR011,OP028,East Pit,24.36,11.33,48.7,138.5,0.94,25.8,2.15,0
2025-10-26,TR007,OP011,Crusher,25.58,12.68,35.9,189.3,0.74,34.4,2.017,0
2025-01-19,TR010,OP026,South Pit,102.51,40.26,71.6,237.0,3.27,31.4,2.546,0
2025-02-06,TR030,OP039,East Pit,10.54,9.3,42.2,205.2,0.29,36.7,1.133,0
2025-09-05,TR014,OP049,South Pit,11.7,13.55,63.4,169.5,0.43,27.2,0.863,0
2025-02-01,TR009,OP002,Crusher,59.84,25.75,13.8,192.1,1.75,34.3,2.324,0
2025-12-20,TR026,OP011,Crusher,47.79,29.66,49.9,213.1,2.25,21.3,1.611,0
2025-03-11,TR014,OP043,South Pit,22.88,9.64,32.6,108.2,0.61,37.4,2.373,0
2025-12-11,TR021,OP028,West Pit,67.34,27.41,50.0,61.9,1.8,37.5,2.457,0
2025-05-03,TR030,OP038,Stockpile,89.26,29.14,8.7,215.6,3.76,23.7,3.063,0
2025-04-06,TR022,OP017,West Pit,43.4,22.37,86.5,159.2,1.47,29.5,1.94,0
2025-03-22,TR013,OP009,East Pit,94.48,38.17,44.9,161.3,3.59,26.3,2.475,0
2025-10-08,TR012,OP039,Stockpile,70.67,35.32,22.8,76.9,3.43,20.6,2.001,0
2025-01-19,TR004,OP021,North Pit,89.75,32.6,74.9,218.0,3.34,26.9,2.753,0
2025-08-04,TR005,OP018,Crusher,32.02,11.17,10.1,204.9,1.09,29.3,2.867,0
2025-06-12,TR002,OP015,West Pit,61.15,25.98,15.3,213.3,1.86,32.9,2.354,0
2025-07-19,TR020,OP008,North Pit,39.81,21.21,84.5,90.3,1.32,30.2,1.877,0
2025-04-06,TR010,OP041,South Pit,11.7,15.58,88.2,194.2,0.53,22.2,0.751,0
2025-01-23,TR025,OP002,North Pit,25.87,11.52,9.3,103.1,0.73,35.7,2.246,0
2025-06-18,TR009,OP048,Stockpile,32.32,15.27,22.2,207.7,1.22,26.5,2.117,0
2025-04-26,TR019,OP011,East Pit,29.66,16.04,26.8,108.3,1.58,18.8,1.849,0
2025-10-13,TR006,OP034,East Pit,57.21,30.43,70.1,97.0,2.62,21.8,1.88,0
2025-05-03,TR012,OP039,Crusher,73.54,29.84,40.8,82.1,2.06,35.7,2.464,0
2025-04-28,TR020,OP040,Stockpile,110.79,48.76,62.9,66.5,3.28,33.8,2.272,0
2025-05-21,TR010,OP011,North Pit,17.15,12.8,34.9,204.3,0.73,23.4,1.34,0
2025-01-15,TR013,OP024,South Pit,32.97,16.76,77.2,199.6,1.32,24.9,1.967,0
2025-07-02,TR006,OP012,North Pit,54.61,30.82,54.8,209.3,1.78,30.7,1.772,0
2025-11-01,TR007,OP022,North Pit,70.71,29.18,75.3,221.7,2.53,27.9,2.423,0
2025-07-04,TR020,OP013,Stockpile,110.29,59.25,27.5,214.2,5.16,21.4,1.861,0
2025-06-28,TR003,OP003,East Pit,114.32,47.35,81.5,88.8,4.53,25.3,2.414,0
2025-06-30,TR006,OP009,Stockpile,14.9,10.24,49.2,133.3,0.78,19.2,1.455,0
2025-03-31,TR016,OP014,Stockpile,87.86,39.32,41.0,234.8,2.38,36.9,2.234,0
2025-02-09,TR012,OP049,North Pit,59.01,33.93,73.7,68.1,2.53,23.3,1.739,0
2025-12-05,TR015,OP013,South Pit,13.18,9.54,38.7,150.3,0.65,20.3,1.382,0
2025-10-14,TR024,OP044,North Pit,110.81,45.45,65.8,165.0,5.97,18.6,2.438,0
2025-09-26,TR013,OP034,West Pit,69.38,24.08,27.1,160.8,2.17,32.0,2.881,0
2025-01-22,TR026,OP025,East Pit,116.61,50.12,64.6,150.4,4.01,29.1,2.327,0
2025-06-03,TR006,OP009,Stockpile,54.89,22.47,24.5,172.0,1.54,35.6,2.443,0
2025-01-01,TR022,OP008,West Pit,13.49,8.23,47.3,148.9,0.4,33.3,1.639,0
2025-05-07,TR021,OP009,Stockpile,13.61,11.16,52.5,75.3,0.5,27.3,1.22,0
2025-02-05,TR013,OP006,Stockpile,93.33,29.51,8.3,145.6,4.39,21.3,3.163,0
2025-01-26,TR003,OP032,Stockpile,88.69,45.81,85.0,187.8,3.24,27.3,1.936,0
2025-06-19,TR020,OP007,Stockpile,38.98,30.87,89.7,199.4,1.69,23.0,1.263,0
2025-04-15,TR030,OP050,Crusher,14.39,13.12,58.9,107.4,0.39,36.5,1.097,0
2025-12-23,TR027,OP027,East Pit,19.99,14.59,85.9,90.9,0.76,26.2,1.37,0
2025-09-19,TR023,OP041,North Pit,11.29,6.46,30.4,210.2,0.51,22.3,1.748,0
2025-05-10,TR016,OP007,Stockpile,13.84,15.73,71.8,61.1,0.43,32.4,0.88,0
2025-01-28,TR014,OP001,Crusher,28.31,26.71,77.9,208.8,1.31,21.6,1.06,0
2025-08-25,TR010,OP041,North Pit,70.51,33.25,19.1,159.7,3.18,22.1,2.121,0
2025-05-18,TR028,OP043,North Pit,104.15,59.66,34.8,178.3,5.62,18.5,1.746,0
2025-05-19,TR002,OP020,Stockpile,12.99,14.56,76.6,225.2,0.5,25.9,0.892,0
2025-08-04,TR021,OP002,East Pit,79.8,38.01,14.9,119.3,2.28,35.1,2.099,0
2025-05-29,TR020,OP024,Stockpile,72.61,42.05,88.9,182.8,2.59,28.1,1.727,0
2025-09-28,TR005,OP034,North Pit,61.72,22.51,26.4,62.8,1.93,32.0,2.742,0
2025-11-17,TR013,OP026,East Pit,21.85,13.77,82.9,141.5,0.9,24.2,1.587,0
2025-09-29,TR005,OP025,East Pit,55.44,31.16,80.2,145.3,2.65,20.9,1.779,0
2025-12-25,TR025,OP021,East Pit,13.6,14.0,77.4,95.9,0.45,30.2,0.971,0
2025-04-17,TR020,OP025,Stockpile,41.33,28.1,58.8,151.3,1.23,33.7,1.471,0
2025-04-22,TR002,OP033,West Pit,117.6,54.62,18.2,45.6,3.78,31.1,2.153,0
2025-05-01,TR002,OP039,North Pit,31.81,19.64,81.7,141.9,1.67,19.1,1.62,0
2025-03-11,TR010,OP033,North Pit,68.94,22.57,15.9,106.9,1.94,35.6,3.054,0
2025-02-27,TR009,OP039,West Pit,53.4,21.78,28.9,214.8,1.43,37.4,2.452,0
2025-03-11,TR030,OP045,Crusher,75.23,32.57,74.8,58.6,2.5,30.1,2.31,0
2025-09-24,TR003,OP041,East Pit,30.93,15.91,48.4,68.7,1.7,18.2,1.944,0
2025-07-04,TR001,OP009,North Pit,56.33,25.51,56.7,160.2,1.7,33.1,2.208,0
2025-04-07,TR012,OP041,Stockpile,30.81,25.67,83.5,85.3,1.15,26.8,1.2,0
2025-08-28,TR011,OP016,West Pit,50.66,23.78,88.8,235.4,1.8,28.1,2.13,0
2025-06-25,TR002,OP035,South Pit,14.28,10.06,44.8,201.5,0.65,22.0,1.419,0
2025-01-03,TR006,OP030,Stockpile,16.49,6.44,12.1,183.3,0.91,18.1,2.561,0
2025-11-25,TR010,OP026,West Pit,41.44,22.24,46.5,234.2,2.19,18.9,1.863,0
2025-05-17,TR003,OP027,West Pit,9.94,17.61,82.6,219.7,0.3,33.1,0.564,0
2025-01-03,TR002,OP032,West Pit,25.21,17.46,44.0,80.3,0.71,35.4,1.444,0
2025-03-08,TR015,OP031,Crusher,117.45,64.0,9.0,200.6,5.12,22.9,1.835,0
2025-11-09,TR026,OP026,Stockpile,96.69,47.18,24.2,188.4,2.71,35.7,2.049,0
2025-08-23,TR014,OP042,South Pit,96.01,48.18,21.5,192.9,4.69,20.5,1.993,0
2025-09-28,TR007,OP032,West Pit,15.41,11.92,65.4,104.4,0.49,31.3,1.293,0
2025-05-01,TR025,OP036,North Pit,111.59,50.16,72.3,125.9,3.91,28.5,2.225,0
2025-08-24,TR028,OP040,East Pit,94.4,42.0,17.8,212.1,5.05,18.7,2.248,0
2025-04-23,TR027,OP039,West Pit,30.5,25.77,77.2,207.3,0.8,37.9,1.184,0
2025-05-29,TR005,OP010,Stockpile,39.41,15.96,30.4,133.6,1.12,35.1,2.469,0
2025-03-03,TR021,OP041,Stockpile,73.97,32.32,26.1,176.7,3.59,20.6,2.289,0
2025-08-16,TR030,OP020,Stockpile,48.7,25.71,79.3,160.6,2.39,20.3,1.894,0
2025-08-09,TR004,OP015,Crusher,22.47,16.61,82.9,61.3,0.64,35.1,1.353,0
2025-12-13,TR025,OP034,South Pit,78.13,36.89,20.9,169.0,2.76,28.3,2.118,0
2025-09-03,TR002,OP031,Crusher,23.01,13.96,14.5,229.2,0.63,36.7,1.648,0
2025-02-04,TR026,OP003,Stockpile,45.13,45.44,24.6,235.1,1.32,34.2,0.993,1
2025-04-08,TR029,OP032,East Pit,110.07,60.16,52.8,72.8,3.22,34.2,1.83,0
2025-01-25,TR016,OP008,North Pit,111.18,53.19,78.1,108.7,2.93,38.0,2.09,0
2025-04-13,TR020,OP025,Stockpile,12.33,7.07,6.9,126.2,0.53,23.1,1.744,0
2025-05-05,TR016,OP047,Stockpile,68.28,25.73,44.7,167.7,3.31,20.6,2.654,0
2025-12-10,TR020,OP016,North Pit,42.56,25.32,57.3,121.5,1.98,21.5,1.681,0
2025-02-07,TR022,OP023,West Pit,13.49,7.99,34.9,119.9,0.58,23.4,1.688,0
2025-07-07,TR003,OP033,South Pit,70.59,28.6,50.3,82.6,3.45,20.5,2.468,0
2025-12-01,TR005,OP046,North Pit,67.86,31.28,78.5,209.6,2.44,27.8,2.169,0
2025-04-24,TR020,OP028,North Pit,10.77,4.97,6.3,124.5,0.29,36.7,2.167,0
2025-10-15,TR007,OP005,North Pit,88.5,55.01,82.5,147.8,4.08,21.7,1.609,0
2025-05-02,TR030,OP029,Stockpile,56.33,29.51,74.0,96.7,1.57,36.0,1.909,0
2025-02-27,TR021,OP024,East Pit,119.82,44.59,25.3,94.1,3.93,30.5,2.687,0
2025-08-02,TR004,OP023,Crusher,30.08,21.89,49.0,174.2,0.89,33.7,1.374,0
2025-05-17,TR014,OP015,North Pit,65.72,31.27,24.4,70.4,2.64,24.9,2.102,0
2025-01-01,TR030,OP043,South Pit,98.84,47.38,86.8,218.7,4.72,21.0,2.086,0
2025-06-01,TR002,OP022,Stockpile,45.49,24.14,71.7,99.0,2.23,20.4,1.884,0
2025-05-25,TR004,OP035,Stockpile,24.74,9.25,19.1,172.4,0.77,32.1,2.675,0
2025-12-15,TR014,OP023,Crusher,85.36,35.0,27.2,210.3,3.46,24.6,2.439,0
2025-11-10,TR028,OP050,North Pit,106.29,42.93,9.2,145.8,4.32,24.6,2.476,0
2025-05-01,TR010,OP042,Crusher,83.73,35.8,21.6,201.4,3.11,26.9,2.339,0
2025-09-28,TR002,OP044,Stockpile,98.53,37.72,76.9,225.6,3.28,30.0,2.612,0
2025-06-25,TR011,OP024,South Pit,64.33,32.58,88.1,187.1,1.78,36.2,1.975,0
2025-11-28,TR003,OP017,North Pit,64.46,34.32,68.0,220.2,3.0,21.5,1.878,0
2025-07-13,TR011,OP021,Crusher,57.74,26.85,68.8,47.6,2.26,25.6,2.15,0
2025-01-31,TR028,OP036,West Pit,112.18,61.18,50.8,221.0,3.01,37.2,1.834,0
2025-10-13,TR012,OP006,Stockpile,20.31,15.35,73.4,109.5,0.66,30.6,1.323,0
2025-09-02,TR029,OP049,North Pit,23.44,10.19,25.4,99.9,1.09,21.4,2.3,0
2025-11-13,TR018,OP014,East Pit,54.02,22.49,28.8,117.7,2.42,22.3,2.402,0
2025-09-19,TR009,OP041,West Pit,52.01,22.11,49.1,81.7,2.52,20.6,2.352,0
2025-09-02,TR023,OP007,Crusher,119.43,68.84,83.7,169.4,3.48,34.3,1.735,0
2025-05-12,TR011,OP024,Crusher,61.34,41.82,44.1,176.5,1.63,37.5,1.467,1
2025-05-13,TR010,OP018,North Pit,83.49,36.74,15.2,149.5,2.42,34.5,2.272,0
2025-05-20,TR009,OP001,South Pit,102.34,43.6,32.7,126.3,5.15,19.9,2.347,0
2025-03-25,TR018,OP008,South Pit,12.34,6.08,14.2,234.1,0.58,21.3,2.03,0
2025-09-16,TR010,OP039,North Pit,62.67,30.74,83.0,89.0,1.9,33.0,2.039,0
2025-05-26,TR012,OP020,East Pit,82.36,37.94,36.7,55.6,2.18,37.8,2.171,0
2025-12-18,TR014,OP026,North Pit,23.42,36.84,19.1,125.2,0.98,23.9,0.636,1
2025-07-30,TR004,OP016,South Pit,73.82,64.09,50.2,157.0,3.05,24.2,1.152,1
2025-04-20,TR005,OP035,Stockpile,114.04,61.62,28.8,169.8,5.23,21.8,1.851,0
2025-10-07,TR011,OP037,Crusher,71.4,40.7,60.8,229.7,2.54,28.1,1.754,0
2025-06-16,TR008,OP013,North Pit,82.43,27.23,32.4,41.0,2.98,27.7,3.027,0
2025-12-17,TR001,OP031,Stockpile,63.85,30.79,70.3,55.0,1.8,35.5,2.074,0
2025-10-20,TR008,OP005,Crusher,23.33,17.04,82.8,84.1,0.89,26.1,1.369,0
2025-11-15,TR015,OP037,Stockpile,28.75,10.03,10.0,141.5,0.97,29.6,2.866,0
2025-12-20,TR023,OP022,West Pit,15.57,11.36,52.1,114.9,0.8,19.6,1.371,0
2025-10-15,TR010,OP006,West Pit,107.64,36.17,24.7,44.0,4.87,22.1,2.976,0
2025-12-11,TR013,OP009,West Pit,39.49,24.3,81.7,97.2,1.56,25.3,1.625,0
2025-11-25,TR011,OP042,South Pit,18.39,10.96,80.2,73.3,0.51,36.4,1.678,0
2025-02-25,TR008,OP030,Stockpile,17.66,9.54,58.7,40.9,0.69,25.5,1.851,0
2025-09-12,TR020,OP016,South Pit,15.17,6.21,11.5,67.0,0.7,21.6,2.443,0
2025-07-22,TR002,OP002,East Pit,67.39,23.73,9.2,122.5,3.2,21.0,2.84,0
2025-12-12,TR006,OP009,South Pit,10.64,14.23,85.9,199.2,0.29,37.1,0.748,0
2025-10-04,TR028,OP012,West Pit,53.39,25.16,10.5,183.3,2.94,18.2,2.122,0
2025-07-07,TR026,OP001,East Pit,75.73,30.39,58.7,164.8,2.74,27.7,2.492,0
2025-08-21,TR002,OP027,West Pit,32.6,19.7,71.2,205.1,0.93,34.9,1.655,0
2025-02-03,TR016,OP010,South Pit,74.3,31.86,81.0,94.3,3.16,23.5,2.332,0
2025-05-10,TR030,OP028,East Pit,96.41,49.73,59.5,68.4,2.67,36.1,1.939,0
2025-09-24,TR025,OP043,East Pit,51.13,30.35,49.0,99.4,1.71,30.0,1.685,0
2025-06-06,TR001,OP016,South Pit,61.49,26.67,45.5,231.9,3.28,18.7,2.306,0
2025-12-13,TR020,OP014,Stockpile,36.64,16.91,56.2,76.3,1.91,19.2,2.167,0
2025-08-28,TR021,OP023,East Pit,86.21,37.22,71.2,153.9,3.19,27.0,2.316,0
2025-01-12,TR016,OP041,Crusher,71.44,40.55,62.7,153.0,2.61,27.3,1.762,0
2025-02-27,TR028,OP006,Crusher,36.22,19.6,6.8,187.9,1.19,30.3,1.848,0
2025-08-16,TR017,OP021,West Pit,89.11,45.1,68.8,110.7,2.53,35.2,1.976,0
2025-10-18,TR024,OP036,South Pit,25.34,14.92,51.1,92.3,0.96,26.3,1.698,0
2025-04-22,TR024,OP024,Stockpile,60.76,20.57,37.3,202.4,1.66,36.7,2.954,0
2025-05-24,TR022,OP013,Crusher,65.86,36.2,20.7,114.1,2.58,25.5,1.819,0
2025-05-28,TR006,OP014,South Pit,67.98,22.92,34.8,149.1,1.9,35.9,2.966,0
2025-04-01,TR018,OP019,North Pit,24.65,20.5,53.0,94.1,0.84,29.3,1.202,0
2025-12-02,TR010,OP023,East Pit,45.95,21.72,54.9,73.6,1.43,32.1,2.116,0
2025-07-02,TR008,OP026,South Pit,110.28,40.78,9.9,110.8,2.99,36.9,2.704,0
2025-05-03,TR012,OP016,Crusher,37.04,17.93,52.5,130.3,1.87,19.8,2.066,0
2025-12-08,TR017,OP015,North Pit,49.16,22.31,69.3,222.3,1.72,28.5,2.203,0
2025-08-17,TR015,OP028,West Pit,48.48,18.33,50.2,208.8,2.17,22.4,2.645,0
2025-01-04,TR009,OP013,West Pit,43.52,22.3,54.6,191.1,1.26,34.4,1.952,0
2025-06-04,TR024,OP018,Stockpile,21.14,12.12,77.8,191.7,0.64,32.8,1.744,0
2025-09-05,TR014,OP045,Crusher,62.15,30.5,64.5,191.0,3.17,19.6,2.038,0
2025-12-05,TR003,OP010,Crusher,10.92,6.96,29.9,186.8,0.41,26.4,1.569,0
2025-07-08,TR009,OP035,Stockpile,76.91,43.02,43.4,165.2,2.4,32.0,1.788,0
2025-05-15,TR027,OP024,South Pit,42.15,17.57,38.6,58.6,1.63,25.8,2.399,0
2025-04-29,TR018,OP032,North Pit,113.16,62.11,29.7,81.4,6.03,18.8,1.822,0
2025-02-06,TR017,OP026,South Pit,49.15,24.81,89.6,201.3,1.47,33.4,1.981,0
2025-02-03,TR003,OP038,North Pit,39.14,16.67,44.3,216.2,1.28,30.6,2.348,0
2025-06-02,TR004,OP034,East Pit,97.72,34.5,9.3,173.2,4.78,20.5,2.832,0
2025-10-14,TR030,OP026,West Pit,31.59,17.14,65.8,222.7,1.42,22.2,1.843,0
2025-05-28,TR004,OP024,Stockpile,115.87,118.82,24.9,83.9,3.9,29.7,0.975,1
2025-02-20,TR017,OP024,West Pit,11.34,9.46,65.3,142.1,0.38,30.2,1.199,0
2025-11-20,TR014,OP014,South Pit,38.99,25.68,79.1,148.1,2.14,18.2,1.518,0
2025-10-25,TR024,OP047,North Pit,90.22,32.62,47.0,213.8,3.58,25.2,2.766,0
2025-05-01,TR018,OP021,Stockpile,8.73,9.17,87.9,172.7,0.26,33.2,0.952,0
2025-05-04,TR007,OP046,South Pit,56.82,36.63,70.6,189.7,1.74,32.7,1.551,0
2025-04-18,TR011,OP040,West Pit,112.69,66.33,86.8,56.4,3.07,36.8,1.699,0
2025-02-22,TR013,OP030,East Pit,73.18,35.48,51.0,177.1,2.07,35.3,2.063,0
2025-05-29,TR013,OP042,West Pit,58.26,31.28,62.3,50.8,1.96,29.8,1.863,0
2025-06-22,TR012,OP011,North Pit,80.94,28.27,22.1,82.4,3.18,25.5,2.863,0
2025-09-10,TR019,OP029,South Pit,43.66,15.41,12.3,60.9,1.53,28.6,2.833,0
2025-03-07,TR017,OP005,North Pit,54.37,35.45,72.7,150.2,2.67,20.4,1.534,0
2025-06-04,TR010,OP032,North Pit,62.6,37.18,44.3,62.0,3.41,18.4,1.684,0
2025-01-05,TR003,OP007,West Pit,24.03,20.92,76.4,105.0,0.86,27.9,1.149,0
2025-07-10,TR001,OP011,North Pit,28.79,14.48,58.8,128.3,1.58,18.3,1.988,0
2025-06-01,TR010,OP015,North Pit,116.92,41.78,89.4,155.2,4.88,24.0,2.798,0
2025-09-17,TR017,OP042,Stockpile,11.91,5.83,15.0,210.6,0.32,37.4,2.043,0
2025-07-29,TR019,OP006,East Pit,29.74,16.29,88.9,41.1,1.28,23.1,1.826,0
2025-01-10,TR014,OP021,North Pit,91.31,52.18,31.4,99.1,2.75,33.2,1.75,0
2025-02-19,TR017,OP016,Stockpile,46.4,23.73,13.7,44.0,1.29,36.0,1.955,0
2025-02-18,TR009,OP013,Crusher,118.86,44.9,48.0,209.8,4.54,26.2,2.647,0
2025-10-28,TR017,OP033,North Pit,11.29,10.11,62.9,239.0,0.34,33.6,1.117,0
2025-09-22,TR009,OP032,North Pit,52.42,25.92,11.0,98.2,1.66,31.7,2.022,0
2025-02-28,TR006,OP047,East Pit,12.7,8.01,32.1,90.3,0.46,27.9,1.586,0
2025-11-28,TR014,OP040,West Pit,70.79,31.94,77.7,181.7,3.38,21.0,2.216,0
2025-07-13,TR012,OP011,East Pit,19.79,9.85,51.5,198.5,0.6,32.7,2.009,0
2025-11-13,TR025,OP040,East Pit,75.47,34.0,5.6,41.7,3.04,24.8,2.22,0
2025-03-17,TR005,OP027,Crusher,84.2,47.55,84.9,94.8,3.65,23.0,1.771,0
2025-09-16,TR025,OP007,East Pit,52.03,23.99,21.8,191.9,1.54,33.8,2.169,0
2025-08-22,TR011,OP030,Crusher,55.43,24.18,55.1,135.7,1.69,32.9,2.292,0
2025-12-25,TR002,OP043,South Pit,95.6,34.3,46.5,221.5,3.58,26.7,2.787,0
2025-06-06,TR012,OP008,Crusher,26.02,11.07,13.7,92.3,0.69,37.9,2.35,0
2025-11-08,TR014,OP023,North Pit,116.59,45.57,89.6,214.2,4.88,23.9,2.558,0
2025-01-24,TR016,OP047,Crusher,71.28,26.41,13.7,202.4,2.68,26.6,2.699,0
2025-09-11,TR023,OP012,Crusher,109.0,34.15,29.4,81.1,3.22,33.8,3.192,0
2025-07-24,TR026,OP037,Crusher,115.99,54.05,18.0,72.1,5.6,20.7,2.146,0
2025-08-22,TR025,OP035,West Pit,73.14,29.99,45.9,159.0,3.23,22.6,2.439,0
2025-10-17,TR030,OP021,South Pit,61.13,37.77,65.6,207.5,2.45,25.0,1.618,0
2025-11-08,TR005,OP010,Crusher,17.09,13.02,67.4,142.4,0.75,22.9,1.313,0
2025-01-29,TR003,OP033,East Pit,24.9,27.05,43.9,149.7,1.36,18.3,0.921,1
2025-11-18,TR010,OP031,Stockpile,116.25,57.47,47.1,211.1,5.3,21.9,2.023,0
2025-06-18,TR018,OP009,Crusher,14.96,9.73,76.4,108.3,0.46,32.4,1.538,0
2025-04-11,TR019,OP031,West Pit,60.31,22.14,50.5,115.1,1.63,37.1,2.724,0
2025-01-22,TR018,OP004,East Pit,90.32,42.01,13.4,55.3,2.77,32.6,2.15,0
2025-11-08,TR010,OP006,Crusher,62.82,53.49,10.4,149.6,2.93,21.4,1.174,1
2025-09-20,TR019,OP037,North Pit,10.12,7.5,57.8,138.4,0.48,21.1,1.349,0
2025-08-03,TR013,OP043,South Pit,79.41,104.88,25.9,203.2,2.9,27.3,0.757,1
2025-01-18,TR024,OP028,North Pit,21.79,15.23,89.8,230.8,1.05,20.8,1.431,0
2025-01-01,TR007,OP020,Stockpile,62.67,24.42,63.5,133.5,2.04,30.8,2.566,0
2025-04-19,TR023,OP040,Stockpile,30.35,12.09,21.1,83.2,0.94,32.3,2.51,0
2025-03-13,TR007,OP050,East Pit,49.29,24.9,57.6,236.7,2.57,19.2,1.98,0
2025-10-04,TR021,OP050,South Pit,118.4,49.79,33.9,112.5,3.49,33.9,2.378,0
2025-10-12,TR028,OP011,West Pit,8.48,3.51,5.2,91.1,0.32,26.4,2.416,0
2025-03-16,TR021,OP031,Stockpile,24.71,11.63,55.7,188.5,0.96,25.6,2.125,0
2025-05-05,TR005,OP003,West Pit,15.4,8.01,37.7,137.8,0.65,23.8,1.923,0
2025-01-21,TR004,OP026,North Pit,115.14,43.2,10.6,61.6,4.15,27.7,2.665,0
2025-11-04,TR014,OP006,Crusher,71.18,40.18,52.6,135.3,2.39,29.8,1.772,0
2025-01-15,TR011,OP046,South Pit,70.92,33.31,34.3,46.0,2.52,28.1,2.129,0
2025-08-08,TR014,OP019,Crusher,21.48,16.41,68.1,191.7,0.88,24.4,1.309,0
2025-08-14,TR023,OP026,West Pit,16.01,11.64,47.9,71.3,0.44,36.5,1.375,0
2025-12-27,TR029,OP048,North Pit,58.27,20.99,53.6,225.8,3.12,18.7,2.776,0
2025-06-13,TR027,OP019,Stockpile,113.29,64.08,53.1,118.2,3.97,28.6,1.768,0
2025-10-06,TR010,OP033,West Pit,107.24,36.55,7.5,209.4,3.9,27.5,2.934,0
2025-04-09,TR024,OP031,Crusher,20.97,10.29,20.6,152.7,1.13,18.5,2.038,0
2025-02-03,TR027,OP005,South Pit,32.15,13.29,21.1,95.3,1.14,28.1,2.419,0
2025-10-30,TR002,OP001,Stockpile,39.23,20.49,26.9,206.8,1.89,20.8,1.915,0
2025-11-02,TR025,OP033,Crusher,79.74,47.78,59.9,180.1,4.13,19.3,1.669,0
2025-12-04,TR008,OP023,South Pit,98.01,56.8,34.5,189.1,2.86,34.2,1.726,0
2025-08-31,TR014,OP010,North Pit,56.85,27.7,37.8,154.0,2.76,20.6,2.052,0
2025-02-10,TR027,OP024,East Pit,36.29,24.75,67.5,40.6,1.7,21.4,1.466,0
2025-03-22,TR017,OP026,Stockpile,53.67,19.13,14.6,125.7,1.87,28.6,2.806,0
2025-07-27,TR019,OP045,West Pit,55.94,27.07,56.9,207.1,2.59,21.6,2.066,0
2025-07-08,TR008,OP025,Stockpile,16.9,10.45,47.4,53.5,0.71,23.9,1.617,0
2025-02-04,TR011,OP021,Crusher,8.41,8.09,84.4,93.7,0.25,34.2,1.04,0
2025-02-28,TR029,OP026,Stockpile,43.32,19.62,45.6,47.5,1.31,33.0,2.208,0
2025-08-17,TR017,OP004,East Pit,116.54,68.28,51.8,208.1,5.5,21.2,1.707,0
2025-05-17,TR013,OP006,North Pit,59.06,29.75,37.2,50.1,2.31,25.5,1.985,0
2025-11-29,TR015,OP012,Crusher,24.31,14.21,27.2,48.4,0.73,33.5,1.711,0
2025-09-29,TR007,OP008,East Pit,9.0,9.77,63.7,132.6,0.25,35.7,0.921,0
2025-06-20,TR001,OP008,Stockpile,93.47,49.82,46.8,168.4,3.63,25.7,1.876,0
2025-06-15,TR018,OP011,Stockpile,10.72,6.7,19.4,151.6,0.4,26.9,1.6,0
2025-02-07,TR018,OP040,East Pit,71.58,41.37,41.1,70.9,2.56,28.0,1.73,0
2025-08-30,TR030,OP034,South Pit,115.14,39.29,39.3,233.8,4.05,28.4,2.931,0
2025-10-24,TR025,OP040,North Pit,117.66,39.64,52.4,105.1,3.28,35.8,2.968,0
2025-11-25,TR005,OP019,North Pit,50.83,34.41,52.1,118.1,1.47,34.6,1.477,0
2025-03-28,TR028,OP019,West Pit,29.87,13.44,5.9,136.4,1.2,24.8,2.222,0
2025-09-14,TR007,OP005,North Pit,26.9,19.54,84.3,52.2,1.18,22.8,1.377,0
2025-05-17,TR007,OP024,East Pit,82.39,42.33,60.9,92.9,2.26,36.4,1.946,0
2025-02-03,TR014,OP016,Stockpile,41.56,16.83,51.5,80.4,1.39,29.8,2.469,0
2025-02-24,TR014,OP044,North Pit,17.41,10.86,42.2,147.0,0.72,24.3,1.603,0
2025-05-31,TR015,OP049,Stockpile,85.5,28.53,10.5,180.4,2.86,29.9,2.997,0
2025-01-05,TR004,OP048,South Pit,25.09,10.55,35.2,77.9,0.74,33.7,2.378,0
2025-04-26,TR004,OP040,West Pit,80.32,41.81,31.5,222.3,2.16,37.3,1.921,0
2025-06-28,TR006,OP040,North Pit,79.99,45.85,77.5,175.7,3.84,20.8,1.745,0
2025-06-24,TR025,OP004,Stockpile,43.84,21.49,62.3,204.1,1.2,36.6,2.04,0
2025-11-16,TR013,OP016,Crusher,108.85,55.85,35.4,54.4,4.06,26.8,1.949,0
2025-11-24,TR001,OP021,East Pit,29.57,15.24,22.6,182.9,0.88,33.7,1.94,0
2025-05-25,TR023,OP015,Crusher,89.9,43.06,9.3,213.2,4.37,20.6,2.088,0
2025-05-06,TR015,OP028,Stockpile,10.66,5.19,16.2,168.0,0.48,22.2,2.054,0
2025-12-21,TR003,OP034,South Pit,11.75,10.92,76.1,79.4,0.34,34.7,1.076,0
2025-09-28,TR006,OP004,South Pit,96.56,34.91,79.6,235.0,2.59,37.3,2.766,0
2025-03-03,TR023,OP025,South Pit,63.73,32.41,57.7,211.1,1.81,35.2,1.966,0
2025-06-20,TR010,OP041,Crusher,27.51,14.93,74.0,157.6,1.12,24.6,1.843,0
2025-08-01,TR023,OP047,Crusher,59.65,23.87,49.8,128.7,1.69,35.3,2.499,0
2025-11-02,TR013,OP046,South Pit,55.65,31.53,30.5,68.4,1.74,31.9,1.765,0
2025-07-07,TR002,OP004,East Pit,8.0,6.04,45.4,156.2,0.3,26.7,1.325,0
2025-03-28,TR012,OP050,West Pit,86.88,36.18,11.8,114.4,3.04,28.6,2.401,0
2025-12-15,TR016,OP013,South Pit,23.44,18.05,72.4,173.3,0.66,35.6,1.299,0
2025-07-11,TR007,OP042,South Pit,108.13,43.04,83.5,107.8,3.53,30.6,2.512,0
2025-07-23,TR012,OP034,Stockpile,59.98,36.16,39.9,213.5,2.21,27.1,1.659,0
2025-08-19,TR030,OP032,South Pit,75.59,32.98,83.1,47.9,3.18,23.8,2.292,0
2025-12-10,TR017,OP042,West Pit,19.28,13.36,20.4,92.2,0.98,19.7,1.443,0
2025-05-18,TR022,OP040,South Pit,11.62,21.12,42.9,209.3,0.32,36.7,0.55,1
2025-11-11,TR029,OP038,East Pit,49.18,22.7,64.0,239.5,2.27,21.7,2.167,0
2025-07-25,TR018,OP013,Crusher,77.97,36.67,7.4,154.2,2.4,32.5,2.126,0
2025-11-21,TR017,OP027,Stockpile,24.8,12.94,74.7,45.2,0.73,33.7,1.917,0
2025-04-19,TR013,OP025,Stockpile,42.55,19.38,56.2,230.6,2.11,20.2,2.196,0
2025-11-15,TR009,OP006,East Pit,44.22,17.37,48.2,93.7,2.2,20.1,2.546,0
2025-12-27,TR001,OP016,North Pit,85.13,47.17,80.2,95.0,3.38,25.2,1.805,0
2025-07-03,TR010,OP041,Crusher,41.76,27.85,31.6,165.9,2.31,18.1,1.499,0
2025-09-08,TR029,OP027,Stockpile,38.87,20.23,72.9,225.1,1.46,26.6,1.921,0
2025-10-30,TR010,OP014,Crusher,45.86,24.51,81.9,63.5,1.67,27.5,1.871,0
2025-08-18,TR018,OP001,Crusher,85.73,45.43,70.6,114.7,2.4,35.8,1.887,0
2025-12-06,TR014,OP034,West Pit,77.7,34.84,36.2,185.9,2.66,29.2,2.23,0
2025-12-08,TR007,OP027,East Pit,20.35,13.21,47.9,209.1,0.6,33.9,1.54,0
2025-03-05,TR005,OP038,Stockpile,111.5,42.02,50.9,220.7,3.19,34.9,2.653,0
2025-06-10,TR001,OP016,Crusher,45.48,24.37,32.1,218.6,1.96,23.2,1.866,0
2025-10-23,TR005,OP046,Stockpile,104.78,50.38,34.3,235.2,4.28,24.5,2.08,0
2025-12-25,TR013,OP008,Crusher,78.05,26.16,50.4,157.3,2.67,29.2,2.984,0
2025-11-28,TR002,OP008,Stockpile,49.65,22.67,12.6,142.9,1.84,27.0,2.19,0
2025-02-02,TR014,OP040,Crusher,48.27,23.08,49.4,110.0,1.6,30.1,2.091,0
2025-10-26,TR016,OP040,West Pit,71.15,30.89,13.9,229.0,3.55,20.0,2.303,0
2025-12-27,TR012,OP016,West Pit,113.18,56.43,68.5,160.2,3.51,32.3,2.006,0
2025-02-14,TR016,OP003,Stockpile,114.06,61.48,8.4,231.1,5.06,22.5,1.855,0
2025-09-20,TR005,OP027,West Pit,99.63,82.16,37.6,114.8,4.71,21.1,1.213,1
2025-06-21,TR022,OP033,North Pit,64.08,34.8,12.5,144.0,1.73,37.1,1.841,0
2025-07-31,TR004,OP036,North Pit,81.78,32.42,12.1,40.4,3.26,25.1,2.523,0
2025-12-20,TR008,OP005,Stockpile,38.49,19.15,65.5,187.9,1.19,32.3,2.01,0
2025-05-11,TR015,OP038,North Pit,15.4,7.69,8.8,225.5,0.84,18.2,2.003,0
2025-04-11,TR022,OP016,South Pit,46.57,23.95,84.3,49.4,1.27,36.8,1.944,0
2025-03-16,TR024,OP043,West Pit,16.01,15.56,71.7,236.5,0.66,24.3,1.029,0
2025-03-14,TR021,OP002,Crusher,114.25,60.59,68.9,177.0,3.72,30.7,1.886,0
2025-12-25,TR022,OP034,Stockpile,10.91,10.57,47.4,142.6,0.29,37.6,1.032,0
2025-04-02,TR010,OP001,Stockpile,23.29,12.66,27.1,223.1,1.11,20.9,1.84,0
2025-03-27,TR014,OP029,South Pit,46.66,21.14,40.2,239.2,1.97,23.7,2.207,0
2025-07-03,TR005,OP046,Crusher,66.72,36.51,32.1,203.2,1.9,35.1,1.827,0
2025-11-18,TR029,OP047,East Pit,80.82,44.51,73.4,120.2,2.51,32.2,1.816,0
2025-11-01,TR014,OP011,North Pit,103.88,41.14,30.0,92.3,3.19,32.5,2.525,0
2025-01-21,TR020,OP009,Stockpile,98.92,47.01,88.9,154.6,3.57,27.7,2.104,0
2025-02-10,TR005,OP019,East Pit,118.55,52.44,37.0,228.6,5.12,23.1,2.261,0
2025-10-20,TR005,OP044,South Pit,119.56,69.63,81.2,174.9,4.06,29.4,1.717,0
2025-09-26,TR008,OP013,West Pit,98.54,34.74,5.8,120.1,2.61,37.8,2.836,0
2025-11-14,TR010,OP020,Crusher,62.15,23.3,23.4,192.5,2.73,22.8,2.667,0
2025-03-06,TR001,OP032,Stockpile,36.64,20.15,23.4,225.8,1.71,21.4,1.818,0
2025-03-31,TR029,OP032,Crusher,60.05,35.04,52.0,152.0,1.86,32.2,1.714,0
2025-12-27,TR019,OP035,Stockpile,100.58,39.79,53.7,93.3,3.74,26.9,2.528,0
2025-12-23,TR010,OP016,East Pit,58.13,30.51,45.6,184.7,2.48,23.4,1.905,0
2025-08-31,TR028,OP022,East Pit,27.71,18.03,83.7,195.9,0.76,36.6,1.537,0
2025-05-16,TR025,OP041,Stockpile,44.1,17.45,30.3,217.2,1.6,27.6,2.527,0
2025-10-06,TR019,OP008,South Pit,69.41,22.62,24.5,60.1,3.55,19.6,3.069,0
2025-02-27,TR007,OP050,Crusher,22.32,10.69,13.1,205.9,0.73,30.8,2.088,0
2025-08-24,TR028,OP045,North Pit,99.54,46.12,56.1,180.9,3.46,28.8,2.158,0
2025-06-03,TR024,OP017,South Pit,81.6,31.44,69.9,47.2,2.58,31.6,2.595,0
2025-11-07,TR021,OP033,South Pit,46.63,21.08,53.8,207.4,2.11,22.1,2.212,0
2025-12-21,TR016,OP047,Crusher,58.77,22.54,9.0,149.9,3.18,18.5,2.607,0
2025-06-06,TR016,OP035,Crusher,9.39,5.49,24.6,224.4,0.46,20.5,1.71,0
2025-02-11,TR001,OP037,Stockpile,29.69,11.75,13.9,201.4,0.91,32.6,2.527,0
2025-12-26,TR028,OP047,East Pit,20.06,22.95,19.5,142.9,0.93,21.7,0.874,1
2025-09-10,TR005,OP038,Crusher,84.08,45.03,15.5,200.0,3.42,24.6,1.867,0
2025-04-06,TR030,OP007,West Pit,95.83,31.01,12.5,179.6,3.43,27.9,3.09,0
2025-02-19,TR030,OP029,Crusher,33.49,18.13,13.3,209.3,1.11,30.1,1.847,0
2025-05-16,TR011,OP010,South Pit,83.59,47.93,53.7,122.5,3.53,23.7,1.744,0
2025-09-08,TR023,OP035,East Pit,12.89,11.49,55.0,177.4,0.48,27.0,1.122,0
2025-04-23,TR013,OP014,North Pit,93.2,51.6,77.5,83.3,4.97,18.8,1.806,0
2025-02-26,TR010,OP043,Stockpile,109.12,62.87,36.1,165.8,4.13,26.4,1.736,0
2025-05-18,TR009,OP007,East Pit,50.04,25.77,73.7,194.4,1.55,32.4,1.942,0
2025-12-11,TR016,OP023,South Pit,28.37,11.23,20.8,176.8,1.19,23.9,2.526,0
2025-04-25,TR023,OP042,North Pit,103.81,35.0,24.2,118.5,4.59,22.6,2.966,0
2025-11-30,TR015,OP035,Stockpile,91.4,103.68,67.9,210.4,3.27,28.0,0.882,1
2025-05-30,TR009,OP043,Crusher,96.96,48.63,73.4,227.1,4.02,24.1,1.994,0
2025-12-26,TR012,OP022,Stockpile,85.4,30.9,35.0,139.1,2.56,33.4,2.764,0
2025-12-12,TR027,OP012,East Pit,8.61,13.77,83.3,74.4,0.38,22.7,0.625,0
2025-11-17,TR014,OP008,East Pit,87.95,50.58,22.6,229.1,3.11,28.3,1.739,0
2025-01-23,TR029,OP028,East Pit,63.95,38.39,77.5,119.4,2.68,23.9,1.666,0
2025-05-21,TR010,OP016,East Pit,74.61,29.22,43.8,221.1,3.51,21.3,2.553,0
2025-10-25,TR006,OP013,Stockpile,88.76,54.83,83.3,57.6,2.9,30.7,1.619,0
2025-06-20,TR004,OP034,East Pit,15.72,6.75,19.0,163.2,0.5,31.7,2.329,0
2025-08-10,TR011,OP044,North Pit,105.81,41.69,21.1,60.1,3.02,35.1,2.538,0
2025-04-25,TR002,OP022,Crusher,88.7,41.09,76.6,162.9,2.4,37.0,2.159,0
2025-08-21,TR006,OP033,West Pit,103.67,51.48,11.1,128.1,3.84,27.0,2.014,0
2025-06-29,TR006,OP018,West Pit,110.38,56.87,17.4,101.4,6.07,18.2,1.941,0
2025-11-04,TR001,OP015,Stockpile,95.65,31.85,9.7,55.7,3.12,30.7,3.003,0
2025-03-28,TR007,OP001,East Pit,116.15,51.89,17.8,93.7,5.52,21.1,2.238,0
2025-03-13,TR026,OP006,Crusher,40.0,17.99,20.2,133.3,1.26,31.6,2.223,0
2025-12-17,TR004,OP045,Crusher,109.95,46.51,78.6,72.8,3.53,31.2,2.364,0
2025-07-05,TR025,OP031,East Pit,55.52,22.59,70.6,161.6,1.67,33.3,2.458,0
2025-06-02,TR015,OP013,North Pit,76.34,32.63,66.4,151.4,2.14,35.7,2.34,0
2025-02-19,TR012,OP029,West Pit,98.78,38.26,58.1,70.8,3.13,31.5,2.582,0
2025-05-03,TR005,OP005,Crusher,68.5,27.08,82.6,88.2,2.12,32.3,2.53,0
2025-10-18,TR005,OP029,Stockpile,17.18,8.75,11.6,177.8,0.72,24.0,1.963,0
2025-12-08,TR007,OP034,North Pit,105.13,58.88,16.1,228.0,4.18,25.2,1.785,0
2025-01-29,TR026,OP016,Stockpile,57.43,22.3,30.6,130.2,1.57,36.6,2.575,0
2025-05-07,TR021,OP041,Crusher,83.65,39.27,20.8,181.0,2.22,37.6,2.13,0
2025-02-11,TR028,OP031,West Pit,26.56,16.39,71.2,127.6,1.05,25.3,1.621,0
2025-06-03,TR022,OP006,Crusher,101.48,60.53,89.6,133.6,3.16,32.1,1.677,0
2025-01-22,TR006,OP018,South Pit,10.41,12.39,68.4,218.2,0.28,36.6,0.84,0
2025-08-18,TR018,OP048,North Pit,93.07,36.45,13.4,185.4,3.95,23.5,2.553,0
2025-06-20,TR011,OP028,Crusher,102.4,57.28,80.9,143.6,2.81,36.4,1.788,0
2025-09-24,TR021,OP003,West Pit,51.83,19.76,29.4,132.9,1.67,31.1,2.623,0
2025-02-09,TR024,OP008,North Pit,93.7,39.07,39.2,136.6,3.06,30.6,2.398,0
2025-06-05,TR002,OP025,East Pit,8.61,5.3,27.4,136.9,0.47,18.4,1.625,0
2025-10-06,TR026,OP035,North Pit,102.16,35.37,33.8,233.4,3.94,25.9,2.888,0
2025-03-23,TR003,OP050,West Pit,21.26,9.67,31.0,214.2,1.14,18.6,2.199,0
2025-04-13,TR030,OP001,East Pit,59.91,25.35,12.8,52.6,2.94,20.4,2.363,0
2025-08-15,TR027,OP015,North Pit,28.1,10.29,19.8,147.6,0.83,33.9,2.731,0
2025-10-15,TR028,OP043,South Pit,109.36,47.97,84.8,52.7,4.38,25.0,2.28,0
2025-03-04,TR012,OP030,Crusher,8.84,4.52,10.1,237.3,0.28,31.5,1.956,0
2025-05-26,TR025,OP045,North Pit,41.17,24.69,15.5,189.1,1.37,30.0,1.667,0
2025-08-14,TR016,OP032,North Pit,61.14,32.79,46.6,148.7,2.76,22.1,1.865,0
2025-12-04,TR019,OP032,East Pit,26.27,13.13,57.6,179.3,0.82,32.0,2.001,0
2025-08-23,TR022,OP014,West Pit,23.51,15.09,45.6,209.1,1.23,19.1,1.558,0
2025-07-11,TR004,OP022,East Pit,22.6,8.51,16.9,169.5,0.62,36.7,2.656,0
2025-08-22,TR014,OP020,West Pit,37.36,23.0,40.5,51.7,1.4,26.7,1.624,0
2025-02-07,TR027,OP027,North Pit,111.24,45.53,47.0,154.8,5.24,21.2,2.443,0
2025-05-09,TR014,OP048,East Pit,77.65,32.16,26.8,234.4,2.47,31.5,2.414,0
2025-07-25,TR029,OP017,Crusher,26.28,16.01,78.4,168.5,1.38,19.1,1.641,0
2025-05-25,TR003,OP020,Crusher,72.76,30.32,45.9,133.6,3.82,19.1,2.4,0
2025-02-02,TR019,OP041,Stockpile,77.0,25.95,8.9,187.6,2.04,37.8,2.967,0
2025-04-07,TR002,OP016,North Pit,34.09,19.61,54.3,174.6,1.46,23.3,1.738,0
2025-01-14,TR025,OP019,South Pit,99.36,39.54,40.3,221.7,2.8,35.5,2.513,0
2025-10-16,TR015,OP047,Crusher,53.51,29.91,87.1,65.4,2.52,21.3,1.789,0
2025-08-04,TR028,OP021,South Pit,66.72,37.03,69.0,198.0,2.89,23.1,1.802,0
2025-09-19,TR022,OP041,South Pit,52.85,22.06,72.8,181.8,1.58,33.4,2.396,0
2025-07-17,TR024,OP048,Stockpile,107.78,49.94,80.3,135.8,4.35,24.8,2.158,0
2025-09-10,TR014,OP025,East Pit,28.35,13.43,59.6,83.7,1.28,22.2,2.111,0
2025-08-03,TR013,OP037,South Pit,81.44,59.71,14.3,164.4,2.54,32.1,1.364,1
2025-12-21,TR027,OP049,North Pit,48.59,20.3,66.3,91.0,1.39,34.9,2.394,0
2025-04-30,TR008,OP034,East Pit,44.21,22.51,7.3,101.8,1.2,36.9,1.964,0
2025-11-20,TR029,OP027,West Pit,94.43,36.53,71.8,101.4,3.75,25.2,2.585,0
2025-02-04,TR003,OP006,East Pit,62.63,23.8,53.7,77.7,2.47,25.3,2.632,0
2025-06-06,TR004,OP034,East Pit,18.67,8.32,36.9,185.7,0.77,24.2,2.244,0
2025-12-18,TR008,OP030,Stockpile,50.48,19.32,26.3,55.6,1.76,28.7,2.613,0
2025-10-04,TR008,OP013,North Pit,106.8,41.03,80.4,102.3,5.8,18.4,2.603,0
2025-07-08,TR022,OP010,East Pit,87.2,45.94,44.0,90.1,3.49,25.0,1.898,0
2025-08-24,TR008,OP036,Crusher,14.65,14.43,83.4,100.9,0.44,33.5,1.015,0
2025-09-30,TR030,OP018,South Pit,52.57,29.18,33.0,189.8,1.78,29.5,1.802,0
2025-07-16,TR003,OP004,Stockpile,36.24,12.7,26.3,68.4,0.96,37.7,2.854,0
2025-10-25,TR001,OP002,East Pit,33.33,17.45,45.3,130.2,1.11,30.0,1.91,0
2025-02-21,TR021,OP031,North Pit,15.01,10.32,88.2,219.0,0.47,32.2,1.454,0
2025-09-11,TR017,OP035,Crusher,25.69,14.1,49.1,40.2,0.89,28.9,1.822,0
2025-06-30,TR009,OP006,Stockpile,46.49,19.01,77.6,105.9,1.4,33.3,2.446,0
2025-09-17,TR026,OP027,East Pit,88.07,34.71,54.5,62.9,2.79,31.6,2.537,0
2025-03-21,TR005,OP008,West Pit,20.66,18.52,79.3,118.1,0.9,22.8,1.116,0
2025-01-13,TR015,OP024,Stockpile,110.97,41.74,29.2,222.0,3.24,34.2,2.659,0
2025-10-23,TR011,OP001,West Pit,66.38,30.93,71.9,100.9,3.28,20.2,2.146,0
2025-01-16,TR014,OP025,West Pit,93.14,29.05,16.1,238.2,4.1,22.7,3.206,0
2025-09-27,TR030,OP025,East Pit,45.03,17.65,9.1,83.9,1.22,36.8,2.551,0
2025-04-26,TR022,OP012,South Pit,93.8,50.93,53.2,209.5,4.4,21.3,1.842,0
2025-03-07,TR008,OP048,North Pit,108.91,50.83,51.8,205.0,2.92,37.2,2.143,0
2025-06-26,TR002,OP027,Stockpile,19.42,11.26,83.7,124.1,0.75,25.8,1.725,0
2025-02-02,TR027,OP045,Stockpile,49.51,20.5,16.8,194.7,2.03,24.4,2.415,0
2025-09-27,TR023,OP050,Stockpile,83.48,39.54,6.0,134.3,2.45,34.0,2.111,0
2025-02-09,TR005,OP009,West Pit,111.77,42.68,76.2,174.7,4.37,25.6,2.619,0
2025-10-03,TR020,OP048,West Pit,62.75,34.51,37.3,140.7,1.88,33.4,1.818,0
2025-10-14,TR018,OP037,Stockpile,81.19,34.46,63.2,136.3,4.21,19.3,2.356,0
2025-06-04,TR030,OP026,Crusher,53.67,18.06,15.9,208.8,1.63,32.9,2.972,0
2025-12-10,TR030,OP012,East Pit,76.53,38.45,49.6,239.5,3.08,24.9,1.99,0
2025-11-08,TR016,OP018,West Pit,71.71,42.89,81.8,120.1,2.07,34.6,1.672,0
2025-04-16,TR030,OP029,East Pit,112.67,63.91,76.6,69.1,3.07,36.8,1.763,0
2025-12-04,TR021,OP042,West Pit,77.63,32.38,68.5,135.1,3.24,24.0,2.397,0
2025-02-09,TR017,OP030,Stockpile,26.76,13.22,6.0,103.4,1.03,26.0,2.024,0
2025-11-21,TR006,OP032,North Pit,64.56,21.9,31.5,152.1,1.99,32.5,2.948,0
2025-09-16,TR012,OP034,East Pit,113.6,56.7,51.2,66.6,3.81,29.8,2.004,0
2025-05-01,TR011,OP045,Stockpile,87.05,51.99,50.9,212.2,3.69,23.6,1.674,0
2025-07-10,TR012,OP048,Crusher,37.8,27.86,79.7,225.7,1.02,37.1,1.357,0
2025-03-27,TR028,OP043,East Pit,98.74,42.43,70.8,125.8,4.21,23.4,2.327,0
2025-08-10,TR028,OP047,Stockpile,83.54,28.02,29.6,137.3,2.86,29.2,2.981,0
2025-01-25,TR012,OP031,Crusher,53.56,28.63,73.4,41.3,2.54,21.1,1.871,0
2025-07-03,TR017,OP021,Stockpile,18.55,11.8,27.6,179.0,0.99,18.7,1.572,0
2025-09-15,TR015,OP017,North Pit,12.19,15.56,72.8,195.3,0.6,20.3,0.783,0
2025-10-23,TR024,OP029,West Pit,118.29,47.09,48.6,153.4,3.78,31.3,2.512,0
2025-01-14,TR003,OP037,South Pit,78.09,29.0,54.8,127.0,2.53,30.8,2.693,0
2025-08-02,TR026,OP007,Stockpile,32.18,15.87,39.3,228.6,1.11,29.0,2.028,0
2025-10-30,TR029,OP049,East Pit,38.01,16.94,67.2,117.6,2.07,18.4,2.244,0
2025-10-20,TR007,OP048,West Pit,39.3,20.94,84.0,222.2,1.35,29.1,1.877,0
2025-12-02,TR023,OP047,East Pit,88.17,50.06,41.2,90.3,3.81,23.1,1.761,0
2025-08-29,TR014,OP045,Crusher,44.49,27.68,46.4,162.8,1.21,36.8,1.607,0
2025-05-08,TR014,OP015,West Pit,92.68,47.64,47.5,77.8,4.58,20.2,1.945,0
2025-09-08,TR021,OP024,Crusher,109.11,48.76,46.3,95.3,2.98,36.6,2.238,0
2025-03-26,TR023,OP037,South Pit,68.51,44.47,86.7,146.1,1.99,34.4,1.541,0
2025-09-26,TR013,OP011,East Pit,11.7,10.19,56.1,180.3,0.39,30.3,1.148,0
2025-03-25,TR003,OP036,South Pit,101.13,57.41,84.2,215.7,2.93,34.5,1.762,0
2025-07-31,TR020,OP019,West Pit,69.72,34.38,75.5,116.4,2.49,28.0,2.028,0
2025-06-07,TR018,OP001,West Pit,24.76,16.65,39.1,170.4,0.76,32.5,1.487,0
2025-05-12,TR021,OP042,North Pit,39.37,15.94,34.2,121.6,2.17,18.2,2.47,0
2025-11-12,TR021,OP032,Crusher,36.23,21.22,60.1,174.0,1.09,33.3,1.707,0
2025-05-25,TR009,OP030,North Pit,85.7,37.11,81.9,156.6,2.51,34.2,2.309,0
2025-08-21,TR004,OP027,Stockpile,76.98,43.99,24.2,143.9,2.15,35.8,1.75,0
2025-01-09,TR003,OP027,North Pit,109.01,55.16,44.3,183.0,4.95,22.0,1.976,0
2025-09-16,TR020,OP029,Stockpile,56.55,35.58,62.9,155.4,2.28,24.8,1.589,0
2025-01-14,TR017,OP033,East Pit,32.64,25.76,71.8,45.5,1.13,29.0,1.267,0
2025-07-26,TR004,OP025,South Pit,27.92,18.26,54.2,193.4,1.51,18.5,1.529,0
2025-06-19,TR009,OP013,North Pit,55.76,21.54,20.1,58.9,1.81,30.8,2.589,0
2025-10-21,TR015,OP013,East Pit,68.09,26.44,55.5,136.6,2.13,32.0,2.575,0
2025-10-20,TR016,OP033,East Pit,47.57,21.82,77.6,93.0,1.61,29.6,2.18,0
2025-07-08,TR015,OP004,Stockpile,89.9,50.95,77.7,115.9,4.14,21.7,1.764,0
2025-09-16,TR023,OP045,Crusher,30.67,14.9,31.3,50.0,0.99,30.9,2.058,0
2025-02-08,TR004,OP021,North Pit,54.9,21.88,45.4,175.0,2.97,18.5,2.509,0
2025-05-21,TR026,OP016,Crusher,82.64,30.21,12.8,152.8,3.75,22.1,2.736,0
2025-08-01,TR011,OP033,Crusher,9.75,9.88,69.3,70.4,0.45,21.7,0.987,0
2025-06-25,TR008,OP025,East Pit,114.69,69.92,87.1,167.9,4.98,23.0,1.64,0
2025-04-25,TR023,OP013,West Pit,76.11,31.78,25.2,155.5,4.06,18.8,2.395,0
2025-11-02,TR008,OP042,North Pit,25.23,11.18,22.0,182.3,1.38,18.3,2.257,0
2025-02-26,TR003,OP028,South Pit,15.97,12.95,53.1,67.6,0.61,26.3,1.233,0
2025-10-15,TR006,OP045,East Pit,40.71,19.42,13.2,57.6,1.12,36.4,2.096,0
2025-03-23,TR029,OP037,Stockpile,65.3,20.47,8.1,69.2,2.28,28.6,3.19,0
2025-08-11,TR009,OP027,North Pit,116.67,55.3,8.4,209.7,4.3,27.1,2.11,0
2025-07-19,TR015,OP016,North Pit,110.93,45.85,89.1,79.7,4.0,27.8,2.419,0
2025-11-06,TR009,OP013,Crusher,10.52,6.01,36.9,96.2,0.53,20.0,1.75,0
2025-06-04,TR007,OP004,South Pit,99.23,43.04,47.4,130.3,3.03,32.7,2.306,0
2025-12-24,TR003,OP016,West Pit,78.89,25.27,12.0,69.7,2.34,33.7,3.122,0
2025-02-07,TR015,OP041,West Pit,116.35,45.43,41.1,139.8,5.99,19.4,2.561,0
2025-08-16,TR013,OP008,Stockpile,22.63,22.78,19.9,154.3,1.16,19.5,0.993,1
2025-03-01,TR008,OP037,West Pit,41.23,26.64,72.8,91.1,1.09,37.8,1.548,0
2025-12-21,TR020,OP016,Stockpile,27.39,14.83,15.8,195.4,1.24,22.1,1.847,0
2025-09-30,TR007,OP039,East Pit,72.99,26.8,20.6,225.7,2.29,31.8,2.724,0
2025-01-29,TR005,OP034,Stockpile,13.33,10.05,16.1,126.9,0.52,25.5,1.326,1
2025-10-26,TR020,OP027,Stockpile,119.07,63.39,11.6,117.8,4.6,25.9,1.878,0
2025-10-11,TR025,OP036,East Pit,16.98,14.47,64.2,137.6,0.77,22.1,1.173,0
2025-03-31,TR030,OP041,Stockpile,33.63,17.72,89.4,221.1,0.91,37.1,1.898,0
2025-02-05,TR029,OP017,West Pit,36.5,28.68,75.6,170.9,1.03,35.3,1.273,0
2025-02-06,TR003,OP043,Crusher,87.52,49.45,60.7,41.7,2.54,34.5,1.77,0
2025-03-22,TR011,OP035,South Pit,56.57,22.83,58.5,192.3,1.85,30.5,2.478,0
2025-02-08,TR005,OP007,East Pit,46.41,17.32,42.3,117.4,1.38,33.7,2.68,0
2025-05-04,TR009,OP027,West Pit,31.37,14.99,20.9,87.2,1.15,27.3,2.093,0
2025-08-09,TR019,OP004,Crusher,19.67,10.69,44.7,210.2,0.56,35.0,1.84,0
2025-02-12,TR028,OP038,North Pit,31.93,20.79,46.1,168.5,1.55,20.6,1.536,0
2025-07-24,TR004,OP038,West Pit,29.09,17.11,79.6,115.2,1.06,27.5,1.7,0
2025-09-19,TR029,OP033,Crusher,75.94,28.96,31.4,46.1,2.07,36.7,2.622,0
2025-03-03,TR002,OP044,East Pit,80.62,35.73,39.5,47.6,3.47,23.2,2.256,0
2025-05-08,TR001,OP050,Stockpile,97.21,44.96,18.0,186.2,4.26,22.8,2.162,0
2025-11-18,TR030,OP010,Stockpile,19.58,15.35,88.8,51.0,0.68,28.7,1.276,0
2025-03-03,TR010,OP042,North Pit,38.45,28.58,65.1,179.9,1.06,36.1,1.345,0
2025-01-02,TR022,OP004,Crusher,34.73,17.64,84.2,208.7,1.06,32.8,1.969,0
2025-03-20,TR018,OP031,North Pit,63.83,27.9,75.9,183.2,3.36,19.0,2.288,0
2025-07-11,TR029,OP003,Stockpile,32.02,16.54,49.5,229.7,1.6,20.0,1.936,0
2025-01-10,TR022,OP037,East Pit,32.81,19.38,68.3,209.0,1.27,25.8,1.693,0
2025-09-19,TR023,OP037,South Pit,20.49,9.2,29.8,73.3,1.07,19.1,2.227,0
2025-12-17,TR026,OP045,Stockpile,11.11,10.98,68.9,215.2,0.47,23.7,1.012,0
2025-06-09,TR015,OP002,West Pit,87.43,35.86,50.0,80.0,4.4,19.9,2.438,0
2025-12-14,TR019,OP022,North Pit,84.69,39.46,68.7,152.5,3.48,24.3,2.146,0
2025-04-24,TR008,OP016,East Pit,99.82,53.4,8.3,86.4,2.8,35.6,1.869,0
2025-04-03,TR028,OP029,Crusher,49.24,32.17,83.5,222.0,1.98,24.9,1.531,0
2025-10-15,TR006,OP002,East Pit,103.11,47.66,64.9,109.5,5.56,18.5,2.163,0
2025-09-13,TR004,OP025,North Pit,70.55,39.58,66.8,222.8,2.93,24.1,1.782,0
2025-01-24,TR009,OP044,Crusher,77.98,46.96,82.7,164.6,3.1,25.1,1.661,0
2025-01-17,TR006,OP013,West Pit,45.11,23.35,75.8,208.6,1.19,37.8,1.932,0
2025-01-09,TR013,OP032,Stockpile,30.51,25.21,84.6,46.7,0.81,37.8,1.21,0
2025-05-08,TR025,OP022,North Pit,108.7,41.7,47.5,193.7,6.03,18.0,2.607,0
2025-07-17,TR003,OP005,Stockpile,95.38,31.59,9.6,200.6,3.5,27.3,3.019,0
2025-09-04,TR028,OP003,West Pit,69.64,36.11,32.2,239.4,2.45,28.4,1.929,0
2025-01-22,TR016,OP002,Stockpile,44.71,21.11,51.8,202.0,1.32,33.8,2.118,0
2025-03-25,TR005,OP021,West Pit,87.52,51.1,76.7,211.4,2.32,37.7,1.713,0
2025-11-19,TR013,OP038,West Pit,96.47,56.8,87.5,202.3,4.77,20.2,1.698,0
2025-05-04,TR005,OP023,West Pit,26.56,14.41,41.3,128.9,1.17,22.6,1.843,0
2025-01-04,TR015,OP004,West Pit,68.89,22.45,20.1,146.8,1.89,36.4,3.069,0
2025-02-17,TR021,OP025,South Pit,54.03,23.45,47.4,95.1,1.44,37.5,2.304,0
2025-11-01,TR001,OP049,North Pit,90.22,52.15,89.9,63.7,4.13,21.8,1.73,0
2025-02-25,TR014,OP023,West Pit,72.29,39.65,84.8,177.0,2.28,31.8,1.823,0
2025-09-18,TR008,OP042,North Pit,39.39,32.51,82.2,104.8,1.91,20.6,1.212,0
2025-01-03,TR027,OP038,West Pit,13.19,12.94,77.0,159.5,0.43,30.9,1.019,0
2025-08-14,TR013,OP048,South Pit,81.71,46.93,21.8,237.6,3.91,20.9,1.741,0
2025-05-04,TR004,OP030,Crusher,46.03,20.3,47.4,164.3,2.18,21.1,2.267,0
2025-06-25,TR014,OP023,Stockpile,63.69,35.11,43.3,235.7,2.34,27.2,1.814,0
2025-06-05,TR015,OP029,Stockpile,40.05,19.89,53.1,86.1,1.57,25.5,2.014,0
2025-12-23,TR024,OP017,North Pit,71.14,33.88,74.7,45.7,2.04,34.9,2.1,0
2025-06-04,TR021,OP037,South Pit,41.84,19.38,39.8,40.1,1.47,28.5,2.159,0
2025-12-25,TR023,OP029,Stockpile,53.32,20.13,21.4,215.4,1.43,37.2,2.649,0
2025-04-14,TR002,OP028,Stockpile,11.85,6.79,22.7,209.2,0.35,34.0,1.745,0
2025-09-13,TR022,OP019,Crusher,65.57,27.66,49.3,231.5,1.73,38.0,2.371,0
2025-07-14,TR001,OP006,North Pit,91.89,44.11,51.2,160.3,3.66,25.1,2.083,0
2025-07-21,TR009,OP023,East Pit,114.92,47.38,57.8,98.1,3.05,37.7,2.425,0
2025-01-10,TR015,OP004,North Pit,89.35,54.81,73.7,84.2,2.84,31.5,1.63,0
2025-03-06,TR005,OP023,East Pit,78.39,28.78,23.7,113.8,2.3,34.1,2.724,0
2025-05-29,TR006,OP041,Crusher,65.24,39.96,53.3,178.4,2.47,26.4,1.633,0
2025-05-13,TR014,OP015,South Pit,10.39,5.31,14.5,214.3,0.29,36.0,1.957,0
2025-08-12,TR028,OP016,West Pit,39.61,21.0,88.0,170.0,1.39,28.6,1.886,0
2025-01-05,TR013,OP038,South Pit,29.87,22.16,50.5,215.5,0.97,30.9,1.348,0
2025-10-06,TR007,OP034,East Pit,43.7,27.78,87.5,232.8,1.67,26.2,1.573,0
2025-02-04,TR012,OP046,South Pit,82.71,46.81,30.3,185.0,2.2,37.6,1.767,0
2025-12-29,TR025,OP002,Stockpile,17.3,14.15,88.0,104.2,0.75,23.1,1.223,0
2025-03-21,TR002,OP032,South Pit,34.58,14.99,76.9,191.2,1.25,27.7,2.307,0
2025-06-10,TR026,OP010,Crusher,53.55,26.99,56.7,80.5,1.43,37.5,1.984,0
2025-05-26,TR008,OP030,South Pit,110.63,45.18,87.7,236.3,2.98,37.1,2.449,0
2025-12-10,TR019,OP027,East Pit,65.87,24.39,20.5,139.5,1.91,34.6,2.701,0
2025-12-02,TR025,OP032,East Pit,84.6,41.72,57.3,193.5,3.31,25.6,2.028,0
2025-12-01,TR003,OP036,Crusher,102.45,36.38,43.7,162.4,4.06,25.3,2.816,0
2025-10-14,TR014,OP014,South Pit,96.66,34.41,27.1,185.4,2.61,37.1,2.809,0
2025-02-20,TR021,OP014,East Pit,32.83,23.39,74.3,199.4,1.31,25.0,1.404,0
2025-04-10,TR001,OP014,South Pit,31.9,23.95,64.5,152.7,1.13,28.1,1.332,0
2025-07-02,TR024,OP032,South Pit,19.61,15.85,71.2,152.5,0.88,22.4,1.237,0
2025-07-25,TR002,OP011,Crusher,110.41,56.1,88.4,40.2,4.6,24.0,1.968,0
2025-03-23,TR029,OP045,North Pit,89.15,47.71,5.4,101.2,2.48,35.9,1.869,0
2025-10-08,TR030,OP037,Crusher,119.59,54.87,29.6,68.3,3.71,32.3,2.18,0
2025-10-17,TR011,OP042,North Pit,33.99,14.61,27.4,218.7,1.14,29.8,2.326,0
2025-09-22,TR011,OP002,Stockpile,74.38,25.15,25.6,194.8,2.52,29.5,2.957,0
2025-09-26,TR025,OP043,West Pit,66.21,27.45,8.8,94.3,2.05,32.3,2.412,0
2025-11-06,TR018,OP039,Crusher,30.17,20.47,42.9,78.2,1.06,28.6,1.474,0
2025-12-22,TR023,OP005,North Pit,56.28,25.49,32.7,121.5,2.31,24.3,2.208,0
2025-06-11,TR024,OP001,South Pit,34.47,22.78,35.7,156.7,1.05,32.8,1.513,0
2025-01-22,TR027,OP017,East Pit,30.31,12.17,53.8,61.7,1.35,22.4,2.491,0
2025-12-11,TR013,OP011,South Pit,108.5,40.99,22.0,130.1,2.87,37.8,2.647,0
2025-06-08,TR011,OP031,South Pit,69.37,33.99,56.1,156.2,2.04,34.0,2.041,0
2025-07-02,TR012,OP013,South Pit,12.22,8.81,55.3,81.9,0.59,20.6,1.387,0
2025-05-14,TR026,OP002,North Pit,114.35,42.99,38.7,102.6,4.77,24.0,2.66,0
2025-10-01,TR007,OP031,South Pit,15.1,9.78,23.1,214.2,0.55,27.5,1.544,0
2025-08-28,TR006,OP048,Stockpile,43.23,19.46,16.9,161.6,1.81,23.9,2.221,0
2025-02-22,TR001,OP038,Crusher,107.43,43.29,68.1,200.3,3.7,29.1,2.482,0
2025-07-13,TR017,OP048,North Pit,36.41,24.54,50.2,63.0,0.99,36.9,1.484,0
2025-09-07,TR007,OP024,West Pit,31.44,10.82,14.3,75.8,1.02,30.7,2.906,0
2025-07-28,TR008,OP014,South Pit,116.52,61.46,78.8,208.8,3.9,29.9,1.896,0
2025-07-08,TR003,OP023,Crusher,39.85,19.28,74.1,156.8,2.01,19.8,2.067,0
2025-02-21,TR021,OP043,Crusher,17.39,8.31,35.9,157.6,0.64,27.0,2.093,0
2025-04-30,TR003,OP005,North Pit,40.37,20.77,44.6,136.1,1.86,21.8,1.944,0
2025-12-10,TR009,OP018,North Pit,80.93,32.3,53.1,73.0,3.06,26.4,2.506,0
2025-09-21,TR022,OP012,West Pit,74.26,37.33,86.1,130.9,2.69,27.6,1.989,0
2025-04-29,TR018,OP026,East Pit,68.59,32.55,22.5,109.9,1.98,34.6,2.107,0
2025-05-20,TR017,OP004,South Pit,16.92,11.78,56.4,163.8,0.52,32.4,1.436,0
2025-05-24,TR015,OP004,West Pit,33.58,14.62,35.1,184.0,1.1,30.6,2.297,0
2025-03-27,TR017,OP042,North Pit,75.4,29.63,54.4,133.9,2.65,28.4,2.545,0
2025-03-25,TR021,OP025,Crusher,20.24,10.6,22.7,60.9,1.07,18.9,1.909,0
2025-03-10,TR022,OP048,West Pit,83.5,40.17,64.9,141.5,2.95,28.3,2.079,0
2025-04-21,TR030,OP020,East Pit,52.64,26.65,84.0,200.6,2.4,21.9,1.975,0
2025-03-16,TR005,OP045,East Pit,92.53,37.11,16.2,234.5,3.46,26.7,2.493,0
2025-05-19,TR029,OP011,Crusher,20.16,14.76,53.2,195.3,0.58,35.0,1.366,0
2025-06-25,TR018,OP048,East Pit,113.93,60.67,44.2,133.9,4.97,22.9,1.878,0
2025-04-06,TR026,OP002,North Pit,28.85,12.73,16.4,148.3,0.97,29.8,2.266,0
2025-11-27,TR026,OP042,South Pit,42.95,18.33,32.7,206.8,1.64,26.3,2.343,0
2025-06-15,TR005,OP011,Stockpile,20.72,12.14,37.6,59.2,0.9,23.0,1.707,0
2025-08-10,TR005,OP040,North Pit,95.23,38.79,87.0,173.5,4.88,19.5,2.455,0
2025-11-01,TR004,OP028,Stockpile,116.03,49.79,73.7,220.6,3.7,31.3,2.33,0
2025-03-22,TR018,OP022,West Pit,84.92,41.93,30.0,105.6,3.3,25.7,2.025,0
2025-11-04,TR009,OP001,Stockpile,99.72,42.21,5.0,223.5,4.1,24.3,2.362,0
2025-12-21,TR030,OP036,South Pit,82.21,41.74,68.3,169.1,3.45,23.8,1.97,0
2025-08-12,TR024,OP009,West Pit,47.26,17.78,55.6,148.4,1.52,31.1,2.658,0
2025-08-25,TR027,OP043,West Pit,100.71,42.12,42.8,195.3,2.98,33.8,2.391,0
2025-07-21,TR010,OP018,Crusher,75.54,37.5,33.8,234.4,2.76,27.3,2.014,0
2025-05-06,TR005,OP047,West Pit,53.12,17.12,7.9,211.7,1.89,28.1,3.103,0
2025-08-08,TR030,OP012,Stockpile,92.14,44.7,78.2,203.2,4.43,20.8,2.061,0
2025-05-29,TR030,OP041,East Pit,68.57,31.75,84.8,122.6,1.96,35.0,2.16,0
2025-07-04,TR027,OP018,West Pit,95.17,48.13,59.1,161.9,3.34,28.5,1.977,0
2025-02-22,TR026,OP048,South Pit,95.4,38.03,58.4,187.6,2.88,33.1,2.509,0
2025-01-26,TR009,OP019,South Pit,24.29,14.91,89.8,92.7,0.67,36.4,1.629,0
2025-06-08,TR008,OP007,Stockpile,67.8,30.38,62.1,171.9,2.83,24.0,2.232,0
2025-02-07,TR015,OP009,Stockpile,67.88,39.44,73.4,55.9,2.27,29.9,1.721,0
2025-10-31,TR002,OP017,South Pit,48.71,18.34,15.9,182.3,1.29,37.7,2.656,0
2025-06-24,TR018,OP036,South Pit,97.36,40.25,19.8,151.5,2.58,37.8,2.419,0
2025-12-31,TR018,OP035,North Pit,115.15,64.89,17.8,108.8,3.13,36.7,1.775,0
2025-01-27,TR025,OP040,South Pit,90.45,54.93,56.2,171.1,3.71,24.4,1.647,0
2025-01-28,TR028,OP016,Crusher,57.12,36.05,75.4,189.1,2.56,22.3,1.584,0
2025-02-17,TR014,OP004,Stockpile,77.54,33.69,78.6,51.0,4.3,18.0,2.302,0
2025-05-04,TR023,OP050,Crusher,34.43,15.02,47.0,85.8,1.05,32.9,2.292,0
2025-08-17,TR005,OP023,Stockpile,62.94,46.25,88.6,177.2,2.79,22.5,1.361,0
2025-05-13,TR027,OP011,Stockpile,79.82,38.54,69.0,86.6,3.46,23.0,2.071,0
2025-12-12,TR022,OP004,South Pit,28.46,10.97,16.9,172.8,1.07,26.7,2.594,0
2025-12-28,TR026,OP044,Crusher,65.61,30.18,59.9,199.0,3.43,19.1,2.174,0
2025-01-13,TR004,OP021,South Pit,107.38,41.18,55.1,218.2,2.87,37.4,2.608,0
2025-08-24,TR016,OP041,West Pit,45.95,20.33,65.3,183.3,1.58,29.0,2.26,0
2025-08-08,TR010,OP019,West Pit,55.34,29.7,21.4,118.8,2.85,19.4,1.863,0
2025-11-10,TR020,OP021,North Pit,67.4,38.16,14.9,201.5,3.16,21.3,1.766,0
2025-06-15,TR008,OP013,South Pit,97.17,55.79,37.3,176.4,4.41,22.0,1.742,0
2025-02-02,TR001,OP022,East Pit,107.78,66.88,54.9,93.9,4.26,25.3,1.612,0
2025-01-15,TR020,OP014,North Pit,67.02,38.61,27.8,174.3,2.14,31.3,1.736,0
2025-03-01,TR013,OP020,East Pit,44.31,20.59,30.0,42.5,1.52,29.2,2.152,0
2025-10-12,TR017,OP001,West Pit,104.65,39.13,67.7,55.5,3.43,30.5,2.674,0
2025-02-03,TR011,OP047,Stockpile,97.24,53.69,19.1,96.4,2.7,36.0,1.811,0
2025-09-15,TR028,OP011,Crusher,62.12,27.83,27.4,66.7,1.82,34.2,2.232,0
2025-02-15,TR025,OP046,Crusher,96.96,31.25,18.4,150.2,3.1,31.3,3.103,0
2025-12-08,TR010,OP004,Stockpile,74.84,35.74,82.8,172.9,3.17,23.6,2.094,0
2025-02-12,TR017,OP010,Crusher,47.87,18.72,12.8,114.8,1.78,26.9,2.557,0
2025-08-31,TR003,OP041,Crusher,35.17,16.75,33.0,116.7,1.14,30.9,2.1,0
2025-01-06,TR011,OP044,West Pit,38.44,22.77,83.8,227.7,2.09,18.4,1.688,0
2025-09-19,TR021,OP007,North Pit,89.92,35.83,21.4,46.5,4.9,18.4,2.51,0
2025-01-25,TR014,OP026,West Pit,61.6,28.95,33.9,106.6,3.05,20.2,2.128,0
2025-05-12,TR021,OP004,South Pit,108.85,37.91,33.8,158.6,3.26,33.4,2.871,0
2025-11-09,TR005,OP011,East Pit,39.52,22.4,56.2,191.0,1.26,31.3,1.764,0
2025-07-31,TR007,OP027,South Pit,72.62,31.65,9.9,79.6,2.96,24.6,2.294,0
2025-05-05,TR027,OP007,East Pit,85.91,35.96,88.5,76.6,3.9,22.0,2.389,0
2025-08-15,TR004,OP034,East Pit,38.61,19.42,14.0,108.8,1.96,19.7,1.988,0
2025-08-15,TR022,OP031,North Pit,30.48,19.4,82.3,79.4,0.91,33.6,1.571,0
2025-02-12,TR013,OP007,East Pit,68.45,32.16,69.0,151.8,2.26,30.3,2.128,0
2025-06-22,TR012,OP035,Stockpile,59.21,20.34,24.4,41.6,2.0,29.7,2.911,0
2025-03-14,TR029,OP011,North Pit,58.17,36.47,76.2,145.7,2.81,20.7,1.595,0
2025-06-24,TR021,OP044,Stockpile,16.0,16.28,76.2,81.2,0.84,19.1,0.983,0
2025-03-28,TR028,OP020,East Pit,80.81,28.48,26.8,49.7,4.24,19.1,2.837,0
2025-04-04,TR004,OP011,Stockpile,41.94,22.51,66.4,158.7,1.21,34.8,1.863,0
2025-08-11,TR010,OP018,North Pit,58.78,30.74,36.1,164.3,2.31,25.4,1.912,0
2025-06-20,TR005,OP007,South Pit,94.93,54.5,30.7,202.0,4.04,23.5,1.742,0
2025-07-18,TR008,OP012,Stockpile,102.82,34.58,31.7,118.2,3.16,32.5,2.973,0
2025-02-14,TR022,OP019,South Pit,72.08,27.59,46.8,69.5,2.08,34.6,2.613,0
2025-04-28,TR015,OP035,Stockpile,20.32,10.41,30.5,123.4,1.04,19.5,1.952,0
2025-05-03,TR025,OP045,South Pit,70.06,25.03,72.2,94.0,3.56,19.7,2.799,0
2025-10-16,TR006,OP047,South Pit,84.2,37.86,8.5,100.4,3.41,24.7,2.224,0
2025-05-15,TR009,OP016,Stockpile,85.36,57.07,81.5,62.6,2.41,35.4,1.496,0
2025-09-10,TR021,OP047,East Pit,20.03,14.95,76.1,101.5,0.58,34.5,1.34,0
2025-11-10,TR015,OP003,East Pit,54.16,28.47,76.8,204.9,1.71,31.8,1.902,0
2025-02-20,TR009,OP050,Crusher,118.66,48.2,41.4,45.1,4.57,26.0,2.462,0
2025-01-31,TR001,OP046,North Pit,35.58,16.68,55.5,83.1,1.42,25.0,2.133,0
2025-10-16,TR007,OP029,Crusher,98.34,37.41,76.6,103.7,2.62,37.6,2.629,0
2025-04-24,TR017,OP039,Stockpile,35.68,12.87,16.8,65.4,1.42,25.1,2.772,0
2025-04-23,TR024,OP021,East Pit,16.89,9.16,30.0,220.5,0.51,33.1,1.844,0
2025-12-31,TR014,OP001,West Pit,112.24,40.49,57.1,192.3,3.8,29.5,2.772,0
2025-06-20,TR028,OP037,Stockpile,86.49,37.34,53.3,73.8,3.31,26.1,2.316,0
2025-08-14,TR028,OP006,Stockpile,100.84,53.27,11.7,102.3,4.98,20.2,1.893,0
2025-03-08,TR028,OP010,North Pit,54.26,27.74,39.4,208.4,2.34,23.2,1.956,0
2025-04-04,TR004,OP043,Stockpile,23.78,8.76,13.7,62.1,0.8,29.6,2.715,0
2025-05-28,TR025,OP013,South Pit,118.78,48.38,16.7,74.3,3.71,32.0,2.455,0
2025-01-08,TR030,OP048,West Pit,80.12,42.15,55.8,233.9,2.66,30.1,1.901,0
2025-03-25,TR014,OP043,Crusher,49.41,19.29,85.5,73.8,1.6,31.0,2.561,0
2025-12-27,TR012,OP048,South Pit,24.04,9.26,23.0,72.7,0.79,30.6,2.596,0
2025-09-25,TR014,OP038,Crusher,55.55,28.58,65.4,64.9,1.97,28.3,1.944,0
2025-08-02,TR004,OP043,East Pit,116.42,42.99,22.1,42.2,3.11,37.5,2.708,0
2025-08-03,TR018,OP010,South Pit,49.04,33.31,77.8,178.7,1.41,34.7,1.472,0
2025-05-03,TR017,OP009,North Pit,85.33,42.34,15.5,67.9,4.03,21.2,2.015,0
2025-11-18,TR003,OP049,Stockpile,32.03,20.62,70.1,95.2,1.45,22.1,1.553,0
2025-06-20,TR026,OP024,West Pit,69.97,30.67,18.6,105.6,2.38,29.4,2.281,0
2025-02-27,TR020,OP019,Stockpile,17.35,11.21,24.0,120.8,0.86,20.3,1.548,0
2025-01-22,TR028,OP001,Crusher,81.33,33.38,48.2,112.0,2.25,36.2,2.436,0
2025-07-29,TR017,OP033,East Pit,75.0,27.18,56.6,53.6,3.72,20.2,2.759,0
2025-02-13,TR019,OP001,East Pit,38.09,28.42,89.9,151.9,1.88,20.2,1.34,0
2025-06-22,TR010,OP041,Crusher,8.78,4.49,12.2,49.2,0.37,23.5,1.955,0
2025-11-04,TR003,OP034,Stockpile,47.07,27.93,67.0,65.6,1.78,26.5,1.685,0
2025-06-23,TR016,OP023,Crusher,104.25,40.4,33.6,59.9,2.77,37.6,2.58,0
2025-08-08,TR015,OP046,Stockpile,80.31,33.66,41.1,109.3,2.98,27.0,2.386,0
2025-10-03,TR025,OP032,West Pit,92.47,35.17,13.4,237.7,3.03,30.5,2.629,0
2025-05-31,TR030,OP039,West Pit,31.71,21.2,75.2,179.3,1.67,19.0,1.496,0
2025-06-01,TR011,OP049,Crusher,24.55,13.09,48.3,48.6,1.05,23.3,1.875,0
2025-01-29,TR003,OP030,Crusher,86.23,40.52,69.7,53.0,2.34,36.8,2.128,0
2025-09-11,TR004,OP026,West Pit,92.68,42.08,43.6,164.6,2.6,35.7,2.202,0
2025-01-06,TR026,OP031,South Pit,57.1,23.24,43.6,74.6,2.13,26.8,2.457,0
2025-04-12,TR016,OP009,South Pit,40.96,26.34,63.4,96.9,1.64,25.0,1.555,0
2025-04-10,TR017,OP035,Stockpile,82.27,27.87,23.6,141.0,2.26,36.5,2.952,0
2025-02-16,TR020,OP014,Crusher,73.9,40.6,11.9,104.5,2.54,29.1,1.82,0
2025-10-04,TR025,OP035,Stockpile,119.28,63.39,13.5,59.0,4.08,29.2,1.882,0
2025-10-17,TR029,OP020,Crusher,96.73,31.88,22.8,114.5,4.78,20.2,3.034,0
2025-02-16,TR019,OP025,East Pit,86.88,42.34,81.3,139.5,2.52,34.5,2.052,0
2025-07-11,TR010,OP024,Crusher,91.01,39.2,86.2,144.9,2.78,32.7,2.322,0
2025-03-29,TR030,OP030,North Pit,19.29,10.19,37.7,183.7,0.67,28.9,1.893,0
2025-04-01,TR025,OP025,West Pit,54.71,22.61,29.0,190.0,1.85,29.6,2.42,0
2025-02-27,TR015,OP023,Stockpile,107.41,58.59,20.5,92.9,5.64,19.0,1.833,0
2025-06-14,TR029,OP021,Stockpile,38.81,20.75,73.2,133.3,2.02,19.2,1.87,0
2025-12-18,TR006,OP012,West Pit,16.67,8.39,7.4,210.0,0.87,19.1,1.987,0
2025-08-19,TR008,OP041,Crusher,11.53,9.86,43.6,115.9,0.44,26.4,1.169,0
2025-01-03,TR014,OP022,North Pit,68.79,33.22,12.2,170.1,2.22,31.0,2.071,0
2025-04-01,TR027,OP027,Stockpile,47.01,23.6,75.5,44.6,1.29,36.5,1.992,0
2025-04-21,TR019,OP019,Stockpile,16.01,7.19,16.2,147.6,0.49,32.7,2.227,0
2025-03-07,TR007,OP024,South Pit,84.02,49.83,72.8,45.3,3.25,25.9,1.686,0
2025-03-02,TR008,OP019,West Pit,76.28,27.27,15.9,75.0,2.85,26.7,2.797,0
2025-12-28,TR002,OP044,West Pit,28.24,17.54,59.8,58.3,1.21,23.3,1.61,0
2025-08-30,TR013,OP040,Crusher,113.36,52.43,86.5,46.8,3.16,35.9,2.162,0
2025-03-09,TR030,OP014,Crusher,115.25,49.11,66.4,40.3,3.74,30.8,2.347,0
2025-07-08,TR021,OP005,East Pit,29.68,12.83,5.3,54.1,0.89,33.3,2.313,0
2025-05-03,TR003,OP025,West Pit,98.37,44.24,86.9,137.4,3.99,24.6,2.224,0
2025-05-01,TR010,OP019,East Pit,76.77,37.16,70.0,113.3,3.73,20.6,2.066,0
2025-05-26,TR019,OP031,West Pit,89.56,30.01,29.3,137.4,4.55,19.7,2.984,0
2025-12-09,TR002,OP031,North Pit,73.13,38.24,13.0,116.8,2.74,26.7,1.912,0
2025-11-11,TR030,OP033,South Pit,114.15,65.08,66.2,94.4,4.32,26.4,1.754,0
2025-07-20,TR008,OP011,East Pit,16.16,8.71,31.6,239.0,0.76,21.3,1.855,0
2025-04-12,TR010,OP001,Stockpile,91.84,32.52,58.4,162.1,3.62,25.3,2.824,0
2025-11-18,TR012,OP006,South Pit,103.89,46.0,62.4,96.9,3.39,30.6,2.258,0
2025-03-22,TR007,OP024,South Pit,17.47,9.49,21.2,69.3,0.72,24.2,1.841,0
2025-01-11,TR010,OP003,North Pit,53.27,34.52,55.0,197.6,1.91,27.9,1.543,0
2025-02-16,TR010,OP034,West Pit,17.71,9.91,31.4,136.5,0.47,37.5,1.787,0
2025-07-13,TR010,OP035,East Pit,12.78,11.42,60.7,149.0,0.34,37.9,1.119,0
2025-10-05,TR004,OP011,North Pit,69.2,27.88,16.4,101.2,1.84,37.7,2.482,0
2025-03-25,TR012,OP041,East Pit,9.13,8.15,48.7,190.4,0.3,30.0,1.12,0
2025-07-26,TR003,OP025,West Pit,48.29,29.98,63.6,135.8,1.65,29.3,1.611,0
2025-04-14,TR019,OP042,Crusher,27.35,13.83,32.9,79.3,1.18,23.2,1.978,0
2025-02-04,TR027,OP022,South Pit,71.03,38.19,24.8,88.8,2.67,26.6,1.86,0
2025-08-23,TR015,OP029,Crusher,116.65,54.3,12.9,120.0,3.59,32.5,2.148,0
2025-06-16,TR014,OP022,Crusher,73.2,24.97,16.4,81.5,3.11,23.5,2.932,0
2025-05-16,TR003,OP014,South Pit,72.79,37.07,75.3,204.9,2.38,30.5,1.964,0
2025-12-27,TR003,OP029,Crusher,49.64,24.58,29.8,93.0,1.81,27.5,2.02,0
2025-12-18,TR022,OP024,Crusher,53.58,17.94,10.8,175.4,2.08,25.8,2.987,0
2025-12-03,TR028,OP035,West Pit,32.46,19.46,28.2,45.2,1.64,19.8,1.668,0
2025-03-15,TR026,OP033,West Pit,90.98,36.48,21.6,182.1,2.45,37.1,2.494,0
2025-07-25,TR001,OP040,North Pit,75.92,44.2,43.5,51.1,3.17,23.9,1.718,0
2025-05-24,TR014,OP044,South Pit,40.65,25.41,82.5,49.3,1.43,28.4,1.6,0
2025-03-27,TR023,OP027,South Pit,66.43,33.92,87.5,96.7,2.44,27.3,1.958,0
2025-07-15,TR006,OP043,Stockpile,66.52,42.37,71.6,220.6,2.1,31.6,1.57,0
2025-08-03,TR022,OP026,West Pit,112.55,53.69,51.1,117.6,3.11,36.1,2.096,0
2025-10-29,TR021,OP006,Stockpile,13.01,6.97,41.6,99.6,0.68,19.1,1.867,0
2025-07-07,TR024,OP023,South Pit,98.59,41.8,71.0,239.0,2.65,37.2,2.359,0
2025-08-01,TR025,OP005,East Pit,110.43,36.63,36.4,141.4,2.95,37.4,3.015,0
2025-12-21,TR008,OP049,West Pit,105.21,50.0,39.4,65.9,3.82,27.6,2.104,0
2025-02-27,TR020,OP004,South Pit,19.44,14.67,5.6,163.7,0.74,26.1,1.325,1
2025-01-06,TR017,OP022,East Pit,50.06,34.12,54.0,91.0,1.71,29.3,1.467,0
2025-03-05,TR015,OP020,East Pit,87.22,30.88,53.0,53.8,2.75,31.7,2.824,0
2025-04-24,TR021,OP046,Crusher,19.44,38.71,72.4,111.2,0.59,32.8,0.502,1
2025-04-16,TR002,OP038,East Pit,101.69,49.05,81.3,222.4,4.15,24.5,2.073,0
2025-05-28,TR021,OP044,Stockpile,43.36,47.24,35.5,138.2,1.23,35.3,0.918,1
2025-08-30,TR007,OP016,South Pit,60.66,23.93,34.2,97.5,2.77,21.9,2.535,0
2025-09-24,TR006,OP036,South Pit,44.42,16.1,21.8,142.3,2.14,20.8,2.759,0
2025-09-07,TR006,OP043,West Pit,50.19,16.12,18.5,70.8,2.18,23.0,3.114,0
2025-10-01,TR005,OP034,Stockpile,25.53,17.66,65.0,142.8,0.79,32.4,1.446,0
2025-07-11,TR030,OP040,Crusher,30.53,18.0,22.8,237.8,1.05,29.1,1.696,0
2025-09-25,TR023,OP030,North Pit,81.51,31.52,71.5,108.0,3.65,22.3,2.586,0
2025-11-16,TR004,OP031,Crusher,44.56,27.58,84.1,225.3,1.89,23.6,1.616,0
2025-07-27,TR030,OP003,East Pit,9.6,10.91,58.4,105.9,0.34,28.4,0.88,0
2025-10-19,TR019,OP033,Crusher,84.04,32.1,83.2,225.1,2.62,32.1,2.618,0
2025-07-21,TR018,OP022,North Pit,8.24,10.57,88.7,78.8,0.43,19.0,0.78,0
2025-05-09,TR013,OP039,East Pit,15.84,8.48,20.4,84.1,0.67,23.7,1.868,0
2025-04-16,TR024,OP050,South Pit,115.42,55.14,40.6,51.5,5.82,19.8,2.093,0
2025-11-07,TR010,OP027,North Pit,82.74,33.71,82.6,70.4,2.73,30.3,2.454,0
2025-11-14,TR004,OP001,East Pit,87.21,48.73,61.3,222.9,2.67,32.7,1.79,0
2025-03-12,TR010,OP034,North Pit,48.39,27.09,63.3,183.4,1.35,35.9,1.786,0
2025-06-05,TR003,OP037,West Pit,88.27,32.25,17.3,113.5,2.99,29.5,2.737,0
2025-08-18,TR005,OP009,West Pit,114.41,43.7,45.5,117.2,3.18,36.0,2.618,0
2025-05-11,TR022,OP021,Stockpile,86.12,40.83,88.0,222.5,4.41,19.5,2.109,0
2025-07-07,TR008,OP040,East Pit,65.46,29.88,51.5,50.7,3.47,18.8,2.191,0
2025-10-18,TR023,OP027,Crusher,81.33,44.83,19.3,154.9,2.83,28.8,1.814,0
2025-04-01,TR028,OP032,Stockpile,52.89,21.78,84.5,163.4,2.64,20.0,2.428,0
2025-09-22,TR015,OP045,North Pit,87.05,32.3,81.8,94.1,3.28,26.5,2.695,0
2025-06-01,TR001,OP025,Stockpile,42.17,19.77,62.6,140.4,2.17,19.4,2.133,0
2025-04-27,TR022,OP040,East Pit,103.8,55.78,53.1,155.7,3.01,34.5,1.861,0
2025-01-22,TR020,OP009,Crusher,71.31,31.45,75.1,91.9,2.65,26.9,2.267,0
2025-01-09,TR023,OP048,West Pit,15.07,7.54,25.0,104.2,0.43,34.8,1.999,0
2025-03-13,TR030,OP028,East Pit,95.77,43.32,89.9,55.3,2.62,36.5,2.211,0
2025-01-04,TR011,OP017,Crusher,63.03,32.69,51.8,148.7,1.73,36.4,1.928,0
2025-07-16,TR030,OP024,South Pit,26.46,11.86,41.4,145.4,0.8,33.2,2.231,0
2025-11-07,TR007,OP008,Crusher,31.81,22.55,85.8,216.1,1.13,28.0,1.411,0
2025-01-12,TR030,OP037,North Pit,31.43,12.03,21.1,106.6,0.92,34.2,2.613,0
2025-02-25,TR018,OP030,Crusher,28.32,17.88,44.2,60.9,1.25,22.6,1.584,0
2025-11-14,TR004,OP005,Crusher,36.99,16.05,28.2,188.7,1.16,31.8,2.305,0
2025-08-08,TR006,OP001,West Pit,12.15,14.47,63.1,68.9,0.52,23.4,0.84,0
2025-10-09,TR005,OP036,East Pit,83.42,29.86,31.2,54.7,2.26,37.0,2.794,0
2025-08-04,TR028,OP003,East Pit,83.54,29.16,28.3,144.2,3.7,22.6,2.865,0
2025-12-13,TR009,OP050,Stockpile,68.31,27.03,43.3,51.4,1.9,36.0,2.527,0
2025-03-24,TR010,OP039,North Pit,98.14,37.38,35.9,58.4,3.36,29.2,2.625,0
2025-11-04,TR002,OP039,East Pit,54.55,23.54,82.4,133.8,1.44,37.9,2.317,0
2025-06-12,TR017,OP025,West Pit,16.33,5.61,11.5,129.2,0.43,38.0,2.911,0
2025-01-13,TR007,OP045,Crusher,27.34,12.56,70.2,158.0,0.8,34.3,2.177,0
2025-06-02,TR014,OP023,Crusher,55.01,22.09,7.8,215.3,1.56,35.4,2.49,0
2025-05-31,TR026,OP006,Stockpile,114.57,43.92,30.1,72.4,3.95,29.0,2.609,0
2025-07-03,TR011,OP005,West Pit,63.16,32.83,70.4,106.9,1.79,35.2,1.924,0
2025-03-03,TR010,OP018,West Pit,73.08,31.09,18.1,62.9,2.26,32.4,2.351,0
2025-11-09,TR023,OP021,Stockpile,56.77,20.47,9.8,53.7,1.85,30.7,2.773,0
2025-04-23,TR017,OP034,West Pit,54.84,24.52,89.9,212.0,1.91,28.7,2.237,0
2025-12-01,TR006,OP046,South Pit,68.16,35.17,66.1,145.4,2.23,30.5,1.938,0
2025-12-31,TR026,OP027,East Pit,88.18,31.52,29.3,59.2,2.46,35.8,2.798,0
2025-02-01,TR028,OP036,Crusher,49.6,19.58,48.0,74.0,1.57,31.7,2.533,0
2025-09-26,TR010,OP030,Stockpile,52.99,23.95,39.5,203.8,2.59,20.4,2.213,0
2025-06-06,TR003,OP050,Stockpile,40.46,13.75,16.9,237.8,1.4,28.9,2.943,0
2025-07-09,TR022,OP023,North Pit,89.78,34.59,20.4,208.3,2.76,32.6,2.596,0
2025-04-18,TR004,OP040,Stockpile,93.0,36.91,25.7,126.6,4.08,22.8,2.52,0
2025-05-27,TR024,OP029,South Pit,53.44,26.81,20.7,68.6,2.76,19.3,1.993,0
2025-10-15,TR026,OP043,North Pit,23.63,8.26,13.2,216.7,1.27,18.6,2.861,0
2025-08-03,TR026,OP029,Crusher,50.43,23.39,87.6,137.6,2.27,22.2,2.156,0
2025-05-07,TR005,OP019,Crusher,35.58,17.7,64.6,147.4,1.42,25.1,2.01,0
2025-09-17,TR006,OP024,Crusher,27.71,15.72,82.4,226.2,0.92,30.2,1.763,0
2025-06-27,TR023,OP024,North Pit,94.43,43.64,88.5,48.6,4.15,22.8,2.164,0
2025-09-19,TR028,OP017,West Pit,55.68,24.78,70.9,182.9,1.63,34.2,2.247,0
2025-09-15,TR023,OP031,Stockpile,60.28,25.66,49.1,99.7,1.8,33.5,2.349,0
2025-11-16,TR013,OP008,East Pit,87.24,41.36,33.6,103.6,2.31,37.8,2.109,0
2025-08-20,TR018,OP047,East Pit,46.33,25.57,30.6,91.4,1.85,25.1,1.812,0
2025-09-28,TR006,OP050,Crusher,16.97,11.67,50.2,120.9,0.83,20.4,1.454,0
2025-09-29,TR025,OP031,Crusher,118.25,38.5,41.6,65.8,3.33,35.5,3.071,0
2025-10-21,TR017,OP026,West Pit,57.62,25.37,53.8,187.7,1.93,29.9,2.271,0
2025-06-07,TR027,OP043,South Pit,81.24,32.33,69.1,76.4,3.7,21.9,2.513,0
2025-04-06,TR009,OP012,South Pit,13.05,9.93,37.8,167.7,0.66,19.8,1.314,0
2025-07-17,TR021,OP019,Stockpile,9.58,7.77,31.0,220.5,0.28,34.0,1.233,0
2025-06-13,TR016,OP015,Stockpile,57.57,27.75,37.1,235.2,1.98,29.0,2.075,0
2025-04-10,TR009,OP030,East Pit,9.02,11.54,17.0,51.1,0.36,25.2,0.782,1
2025-03-29,TR012,OP021,North Pit,55.31,30.26,31.8,134.2,1.99,27.7,1.828,0
2025-10-11,TR029,OP022,Stockpile,20.74,14.52,49.0,192.5,0.56,36.9,1.428,0
2025-08-03,TR020,OP043,West Pit,23.37,13.51,15.6,126.0,0.87,26.7,1.73,0
2025-11-13,TR001,OP050,South Pit,97.88,42.73,42.0,61.3,2.69,36.4,2.291,0
2025-07-15,TR028,OP031,South Pit,47.16,16.86,9.3,93.1,1.38,34.2,2.797,0
2025-04-21,TR007,OP043,Crusher,92.65,40.65,31.9,58.3,3.1,29.9,2.279,0
2025-11-07,TR025,OP035,South Pit,61.02,28.41,76.7,129.8,1.95,31.3,2.148,0
2025-07-01,TR013,OP022,Stockpile,26.13,14.43,14.7,155.9,1.39,18.7,1.811,0
2025-01-05,TR026,OP032,Crusher,24.36,10.31,26.4,78.6,0.79,30.9,2.363,0
2025-02-08,TR029,OP028,South Pit,111.33,44.71,51.9,150.6,5.94,18.7,2.49,0
2025-07-11,TR023,OP038,South Pit,59.45,26.64,39.4,87.4,2.54,23.4,2.232,0
2025-02-10,TR006,OP001,Crusher,36.16,23.05,54.7,158.8,1.61,22.5,1.569,0
2025-10-22,TR023,OP045,Stockpile,36.43,21.87,29.1,204.0,1.07,34.1,1.666,0
2025-02-22,TR015,OP012,Stockpile,31.99,14.91,7.2,176.7,1.01,31.7,2.146,0
2025-06-22,TR005,OP008,North Pit,119.03,50.65,68.5,88.3,4.48,26.6,2.35,0
2025-08-18,TR013,OP006,South Pit,87.13,34.6,9.8,81.5,2.62,33.2,2.518,0
2025-01-09,TR029,OP027,South Pit,41.94,20.94,22.8,233.5,1.52,27.6,2.003,0
2025-10-14,TR018,OP017,West Pit,50.79,21.63,27.7,216.9,1.52,33.4,2.348,0
2025-01-31,TR021,OP047,Stockpile,26.15,18.6,67.7,92.6,1.34,19.6,1.406,0
2025-02-17,TR019,OP049,West Pit,90.21,36.67,63.3,85.4,2.77,32.5,2.46,0
2025-01-17,TR015,OP015,West Pit,49.8,19.03,21.5,160.9,1.91,26.0,2.617,0
2025-12-31,TR007,OP001,West Pit,77.32,31.21,69.6,57.1,3.24,23.9,2.477,0
2025-06-07,TR010,OP050,West Pit,72.28,26.45,6.9,153.7,3.19,22.7,2.733,0
2025-05-10,TR027,OP044,Crusher,72.27,34.96,32.7,223.6,3.09,23.4,2.067,0
2025-03-24,TR018,OP037,South Pit,102.51,61.49,70.9,58.7,3.25,31.6,1.667,0
2025-11-23,TR020,OP015,Crusher,39.95,16.68,54.7,126.5,1.06,37.6,2.395,0
2025-08-09,TR007,OP003,East Pit,79.88,32.47,11.7,212.3,2.29,34.9,2.46,0
2025-12-31,TR020,OP007,North Pit,12.06,9.52,82.6,161.6,0.39,30.7,1.267,0
2025-12-27,TR001,OP006,North Pit,68.95,27.91,38.2,59.2,2.0,34.4,2.47,0
2025-11-03,TR017,OP025,Stockpile,74.09,28.49,30.8,96.5,2.54,29.2,2.601,0
2025-10-11,TR013,OP030,North Pit,89.52,42.75,17.9,133.3,2.75,32.6,2.094,0
2025-05-19,TR013,OP036,North Pit,91.52,53.13,51.8,192.6,2.75,33.3,1.723,0
2025-05-04,TR005,OP048,West Pit,73.67,30.53,21.2,179.6,2.89,25.5,2.413,0
2025-01-09,TR011,OP036,Crusher,100.13,42.68,30.7,236.7,4.48,22.4,2.346,0
2025-10-16,TR026,OP046,North Pit,70.02,38.16,83.0,89.5,2.49,28.1,1.835,0
2025-07-05,TR015,OP003,North Pit,82.55,29.84,54.0,111.4,4.12,20.0,2.766,0
2025-11-15,TR014,OP014,South Pit,91.41,39.46,81.0,123.3,3.72,24.6,2.317,0
2025-06-28,TR012,OP045,North Pit,60.89,29.26,80.1,187.7,2.1,28.9,2.081,0
2025-01-03,TR022,OP007,Stockpile,82.14,41.09,53.3,143.6,3.17,25.9,1.999,0
2025-01-02,TR020,OP009,Crusher,20.4,9.59,23.6,198.8,0.72,28.5,2.127,0
2025-10-21,TR019,OP035,Crusher,34.05,21.09,68.3,126.0,1.87,18.2,1.615,0
2025-11-14,TR026,OP008,South Pit,33.45,20.71,64.9,44.9,1.68,19.9,1.615,0
2025-05-10,TR027,OP015,North Pit,12.61,15.47,70.3,41.4,0.44,28.4,0.815,0
2025-02-23,TR029,OP004,East Pit,54.04,18.51,9.5,90.4,2.64,20.5,2.92,0
2025-01-21,TR018,OP030,Crusher,73.87,44.4,88.0,114.7,2.76,26.8,1.664,0
2025-08-17,TR028,OP005,Crusher,63.81,23.23,21.6,192.2,2.67,23.9,2.747,0
2025-10-30,TR013,OP014,South Pit,115.99,61.21,10.3,186.5,5.99,19.4,1.895,0
2025-04-06,TR013,OP021,East Pit,18.64,9.82,30.2,223.4,0.72,25.8,1.898,0
2025-03-11,TR019,OP026,South Pit,60.22,24.63,77.1,113.6,3.29,18.3,2.445,0
2025-06-01,TR018,OP009,South Pit,90.59,43.91,42.5,237.0,3.92,23.1,2.063,0
2025-10-15,TR001,OP046,North Pit,91.2,42.59,81.9,215.6,4.38,20.8,2.141,0
2025-06-21,TR004,OP007,South Pit,112.03,41.86,8.6,152.0,3.19,35.2,2.676,0
2025-07-08,TR002,OP042,North Pit,49.37,26.01,7.7,83.1,2.52,19.6,1.898,0
2025-08-03,TR009,OP004,East Pit,103.08,98.68,62.3,224.0,3.71,27.8,1.045,1
2025-07-14,TR010,OP027,South Pit,9.99,5.44,42.4,74.4,0.3,32.8,1.836,0
2025-07-09,TR002,OP031,West Pit,87.8,48.38,77.5,194.0,2.45,35.8,1.815,0
2025-01-27,TR029,OP015,West Pit,118.52,64.9,87.5,217.5,4.89,24.2,1.826,0
2025-05-14,TR015,OP009,Crusher,13.85,7.71,8.7,183.6,0.47,29.5,1.796,0
2025-08-07,TR029,OP001,West Pit,79.68,28.36,23.4,89.1,2.4,33.2,2.81,0
2025-01-15,TR002,OP004,East Pit,41.12,18.31,41.5,179.8,2.02,20.4,2.246,0
2025-10-24,TR019,OP026,South Pit,21.61,11.35,27.4,41.9,0.6,36.3,1.904,0
2025-02-16,TR009,OP010,Stockpile,62.3,29.66,20.1,215.8,3.44,18.1,2.1,0
2025-01-05,TR024,OP038,West Pit,25.04,15.03,78.6,97.5,0.77,32.5,1.666,0
2025-08-16,TR006,OP040,South Pit,91.53,35.34,28.6,160.7,2.71,33.8,2.59,0
2025-08-24,TR006,OP036,West Pit,8.27,10.3,72.5,234.0,0.27,30.5,0.803,0
2025-08-10,TR015,OP020,North Pit,99.04,33.19,24.8,106.9,4.15,23.9,2.984,0
2025-07-26,TR005,OP028,East Pit,92.09,54.22,89.7,193.0,3.28,28.1,1.698,0
2025-09-01,TR001,OP001,North Pit,58.18,31.58,71.5,196.2,2.18,26.6,1.842,0
2025-05-13,TR025,OP003,West Pit,107.14,34.88,7.7,143.6,3.72,28.8,3.072,0
2025-01-30,TR001,OP001,South Pit,79.46,28.32,29.5,108.5,3.3,24.0,2.806,0
2025-09-22,TR006,OP026,South Pit,64.75,23.95,19.6,58.4,3.18,20.3,2.704,0
2025-04-02,TR027,OP002,Stockpile,48.06,25.66,44.0,120.6,1.45,33.2,1.873,0
2025-01-30,TR004,OP018,Crusher,17.29,11.3,51.5,58.8,0.47,36.7,1.53,0
2025-03-27,TR021,OP040,West Pit,19.5,11.63,42.8,69.4,0.75,25.9,1.677,0
2025-11-18,TR023,OP005,Crusher,111.02,40.19,51.8,117.1,3.51,31.6,2.762,0
2025-10-25,TR016,OP008,West Pit,52.66,21.08,31.2,43.9,1.49,35.3,2.498,0
2025-02-09,TR003,OP037,East Pit,112.34,53.28,9.5,78.5,4.8,23.4,2.108,0
2025-10-05,TR020,OP037,West Pit,81.55,43.02,81.8,159.0,2.34,34.9,1.896,0
2025-07-21,TR006,OP033,East Pit,66.15,37.11,81.0,180.1,3.0,22.0,1.783,0
2025-10-02,TR021,OP001,West Pit,81.44,44.1,46.1,110.5,3.36,24.3,1.847,0
2025-09-19,TR025,OP022,West Pit,64.39,27.64,15.1,149.3,2.34,27.5,2.33,0
2025-12-21,TR007,OP012,West Pit,16.39,12.78,60.9,54.6,0.61,26.8,1.282,0
2025-08-10,TR002,OP041,East Pit,67.88,31.32,56.5,147.3,3.59,18.9,2.167,0
2025-12-01,TR010,OP028,Crusher,23.38,11.71,33.0,161.4,0.8,29.4,1.997,0
2025-10-11,TR029,OP039,East Pit,59.76,24.37,69.4,201.9,1.99,30.1,2.452,0
2025-08-24,TR017,OP029,North Pit,68.76,26.23,56.6,234.8,2.24,30.7,2.621,0
2025-05-18,TR025,OP029,Stockpile,109.66,41.72,8.8,106.6,2.9,37.8,2.628,0
2025-07-05,TR025,OP003,Stockpile,106.58,40.66,48.4,193.7,4.96,21.5,2.621,0
2025-12-01,TR006,OP044,Crusher,85.6,35.19,24.2,71.0,2.34,36.6,2.433,0
2025-10-26,TR008,OP019,North Pit,52.9,45.12,7.2,169.6,2.43,21.8,1.172,1
2025-06-29,TR026,OP008,Stockpile,113.61,59.46,66.2,97.7,3.28,34.6,1.911,0
2025-07-20,TR013,OP038,Crusher,73.95,31.32,51.3,222.5,2.31,32.0,2.361,0
2025-08-14,TR016,OP044,Crusher,27.33,12.51,66.6,238.2,0.82,33.4,2.185,0
2025-10-08,TR010,OP037,North Pit,99.54,56.12,64.3,55.0,3.86,25.8,1.774,0
2025-03-27,TR019,OP033,East Pit,65.6,27.96,36.8,239.0,2.36,27.8,2.346,0
2025-03-07,TR001,OP027,South Pit,79.72,30.39,12.4,49.1,3.48,22.9,2.623,0
2025-09-25,TR029,OP012,West Pit,57.44,35.43,60.6,161.6,3.18,18.1,1.621,0
2025-07-07,TR010,OP041,East Pit,9.51,8.4,42.2,95.5,0.44,21.7,1.132,0
2025-07-20,TR026,OP034,East Pit,28.76,21.81,56.0,102.1,1.1,26.0,1.319,0
2025-06-26,TR021,OP049,Crusher,19.49,7.02,8.7,42.5,0.67,29.0,2.776,0
2025-09-11,TR012,OP031,South Pit,36.81,14.12,43.9,57.8,1.25,29.4,2.607,0
2025-06-26,TR019,OP019,Stockpile,75.82,24.64,25.7,234.5,2.32,32.7,3.077,0
2025-09-04,TR012,OP031,South Pit,30.96,13.36,5.5,67.4,0.84,36.8,2.317,0
2025-07-09,TR028,OP002,North Pit,61.07,45.26,74.1,71.6,2.99,20.5,1.349,1
2025-01-17,TR026,OP003,South Pit,24.28,14.23,70.1,183.6,0.92,26.3,1.706,0
2025-08-13,TR024,OP045,West Pit,20.34,17.17,68.2,223.7,1.03,19.7,1.185,0
2025-01-30,TR005,OP016,South Pit,109.83,49.88,78.2,239.4,4.46,24.6,2.202,0
2025-08-09,TR001,OP021,North Pit,43.54,25.12,80.7,213.3,2.1,20.8,1.733,0
2025-01-27,TR014,OP044,North Pit,34.21,25.44,77.7,218.9,1.57,21.8,1.345,0
2025-12-14,TR003,OP048,East Pit,25.18,12.25,59.7,230.7,0.73,34.3,2.056,0
2025-03-30,TR017,OP036,South Pit,34.46,22.47,51.3,106.0,1.4,24.6,1.534,0
2025-03-22,TR003,OP015,Crusher,104.79,46.55,54.9,49.6,3.27,32.1,2.251,0
2025-01-04,TR005,OP027,South Pit,16.21,17.46,79.0,70.7,0.62,26.2,0.928,0
2025-02-22,TR027,OP015,South Pit,38.6,12.2,11.6,94.1,1.27,30.3,3.164,0
2025-01-13,TR027,OP027,Stockpile,90.48,30.0,56.2,230.6,2.9,31.2,3.016,0
2025-09-24,TR002,OP044,West Pit,74.15,31.87,11.0,166.4,2.63,28.2,2.327,0
2025-02-16,TR023,OP021,North Pit,78.6,29.09,13.1,79.6,3.59,21.9,2.702,0
2025-03-30,TR015,OP001,East Pit,98.25,49.12,9.5,68.7,2.75,35.7,2.0,0
2025-11-23,TR002,OP001,Stockpile,22.82,13.36,46.1,53.7,0.98,23.4,1.708,0
2025-04-13,TR014,OP014,South Pit,16.59,8.36,26.0,152.4,0.49,33.7,1.984,0
2025-08-16,TR025,OP002,South Pit,97.21,37.12,60.1,160.5,4.25,22.9,2.619,0
2025-03-07,TR013,OP045,South Pit,100.95,32.78,28.0,163.2,3.26,30.9,3.08,0
2025-05-21,TR008,OP048,East Pit,103.82,61.44,79.6,180.5,3.69,28.2,1.69,0
2025-06-24,TR023,OP018,West Pit,47.35,27.78,86.7,158.4,2.22,21.4,1.704,0
2025-11-08,TR002,OP012,West Pit,85.34,37.96,72.3,103.7,3.45,24.7,2.248,0
2025-05-30,TR017,OP049,Crusher,76.82,44.22,89.3,237.1,2.34,32.8,1.737,0
2025-05-23,TR003,OP049,Stockpile,73.91,32.79,23.4,80.0,2.27,32.6,2.254,0
2025-12-22,TR003,OP041,North Pit,101.78,47.0,78.6,215.2,3.95,25.8,2.166,0
2025-05-13,TR004,OP012,West Pit,101.18,54.95,21.9,124.6,3.48,29.1,1.841,0
2025-09-04,TR004,OP009,North Pit,8.11,10.16,80.5,198.8,0.27,30.6,0.798,0
2025-12-10,TR026,OP025,Crusher,61.07,32.19,74.1,113.9,1.99,30.6,1.897,0
2025-08-02,TR015,OP005,Crusher,102.22,36.99,24.3,165.0,2.78,36.7,2.763,0
2025-09-24,TR021,OP024,South Pit,68.95,39.02,61.5,207.0,3.59,19.2,1.767,0
2025-07-30,TR010,OP029,East Pit,32.32,18.93,81.6,120.4,0.87,37.1,1.707,0
2025-09-24,TR004,OP040,South Pit,21.38,16.65,74.9,42.3,0.6,35.5,1.284,0
2025-04-15,TR004,OP004,West Pit,105.54,39.13,66.8,198.1,4.05,26.1,2.697,0
2025-07-28,TR004,OP036,East Pit,108.91,59.28,51.1,214.7,4.23,25.8,1.837,0
2025-11-20,TR017,OP022,Stockpile,95.37,32.5,40.7,44.2,2.97,32.1,2.934,0
2025-03-08,TR002,OP045,West Pit,59.71,71.54,6.8,77.9,1.6,37.3,0.835,1
2025-02-12,TR019,OP016,Crusher,20.36,12.23,19.8,130.7,0.7,29.1,1.665,0
2025-05-26,TR004,OP030,East Pit,11.33,8.68,44.2,100.4,0.35,32.4,1.305,0
2025-09-26,TR017,OP009,West Pit,13.35,8.13,35.2,229.2,0.61,21.9,1.642,0
2025-10-26,TR013,OP028,South Pit,35.69,24.0,57.7,191.3,1.12,31.8,1.487,0
2025-02-15,TR009,OP028,East Pit,24.17,11.28,38.7,221.8,0.64,38.0,2.143,0
2025-08-22,TR006,OP004,West Pit,57.36,26.29,23.0,79.9,1.61,35.7,2.182,0
2025-07-01,TR026,OP011,West Pit,42.1,25.48,50.7,56.2,1.59,26.5,1.652,0
2025-07-29,TR026,OP032,South Pit,38.35,18.13,16.6,73.4,1.6,24.0,2.115,0
2025-03-20,TR006,OP022,North Pit,116.31,42.06,73.2,97.0,4.23,27.5,2.765,0
2025-03-10,TR017,OP010,Stockpile,45.64,22.43,73.7,103.2,1.38,33.1,2.035,0
2025-07-22,TR027,OP010,West Pit,45.56,14.53,11.3,113.4,1.23,37.0,3.136,0
2025-07-31,TR004,OP039,Crusher,61.94,30.96,46.8,171.4,2.18,28.4,2.001,0
2025-03-13,TR028,OP013,East Pit,71.09,34.62,20.1,112.3,2.73,26.0,2.053,0
2025-03-20,TR002,OP015,East Pit,53.51,23.3,59.0,85.7,2.94,18.2,2.297,0
2025-07-03,TR006,OP016,Crusher,119.32,41.1,85.5,128.2,6.04,19.8,2.903,0
2025-08-09,TR007,OP008,Stockpile,60.7,27.07,11.1,125.9,1.97,30.9,2.242,0
2025-01-12,TR014,OP035,Crusher,50.48,25.88,70.5,173.6,2.17,23.3,1.951,0
2025-09-20,TR025,OP013,North Pit,41.69,17.67,13.0,104.4,1.39,30.0,2.359,0
2025-04-01,TR018,OP047,North Pit,31.39,13.56,45.3,167.3,0.92,34.1,2.315,0
2025-10-09,TR005,OP050,Crusher,106.89,58.88,7.2,123.9,3.18,33.6,1.815,1
2025-09-26,TR005,OP006,South Pit,42.1,19.41,39.8,110.7,2.23,18.9,2.169,0
2025-11-16,TR027,OP025,West Pit,17.22,13.39,61.8,96.7,0.69,24.9,1.286,0
2025-07-09,TR023,OP038,East Pit,52.78,23.92,28.1,223.1,1.52,34.8,2.207,0
2025-09-12,TR013,OP040,East Pit,65.01,24.78,32.3,83.6,1.77,36.7,2.623,0
2025-06-30,TR012,OP033,North Pit,70.68,33.53,75.6,226.3,2.0,35.3,2.108,0
2025-04-27,TR022,OP035,North Pit,108.99,62.31,26.4,75.1,4.69,23.3,1.749,0
2025-08-21,TR012,OP024,Crusher,116.39,58.0,15.4,185.9,3.57,32.6,2.007,0
2025-09-03,TR007,OP034,North Pit,20.42,17.42,77.2,173.5,0.69,29.5,1.172,0
2025-07-11,TR016,OP012,Stockpile,71.28,32.34,27.1,152.1,2.33,30.6,2.204,0
2025-04-13,TR015,OP031,South Pit,107.19,40.96,20.9,124.6,3.02,35.5,2.617,0
2025-04-07,TR002,OP036,Stockpile,69.43,24.13,36.3,166.3,3.42,20.3,2.877,0
2025-12-03,TR017,OP005,Crusher,57.46,28.54,21.9,59.0,1.77,32.5,2.013,0
2025-11-21,TR028,OP037,West Pit,70.05,47.11,60.1,80.5,2.98,23.5,1.487,0
2025-10-08,TR001,OP048,West Pit,60.45,38.61,89.1,202.4,1.72,35.1,1.566,0
2025-04-25,TR019,OP007,West Pit,91.24,42.31,48.8,133.5,2.64,34.5,2.156,0
2025-06-21,TR018,OP012,West Pit,104.08,43.51,75.4,206.1,5.27,19.8,2.392,0
2025-01-07,TR023,OP010,North Pit,72.06,48.0,66.7,108.7,2.22,32.5,1.501,0
2025-07-29,TR022,OP022,Crusher,88.92,34.44,35.3,159.2,2.43,36.6,2.582,0
2025-03-11,TR020,OP029,North Pit,22.75,21.05,69.1,137.6,1.04,21.8,1.081,0
2025-12-31,TR004,OP029,Stockpile,58.49,19.44,10.5,213.7,2.16,27.0,3.009,0
2025-05-30,TR012,OP011,East Pit,27.37,15.79,73.3,115.5,0.9,30.4,1.733,0
2025-01-16,TR011,OP036,West Pit,26.51,26.08,84.6,128.3,0.89,29.9,1.016,0
2025-01-04,TR008,OP019,South Pit,103.07,39.19,29.0,118.5,2.97,34.7,2.63,0
2025-09-07,TR012,OP009,Stockpile,90.64,42.69,69.5,223.0,3.14,28.8,2.123,0
2025-07-19,TR029,OP021,Crusher,19.7,9.4,35.6,81.1,0.85,23.3,2.096,0
2025-09-13,TR020,OP023,East Pit,45.15,31.79,71.5,219.5,2.36,19.1,1.42,0
2025-12-14,TR013,OP019,West Pit,43.91,17.04,37.3,74.8,2.08,21.1,2.577,0
2025-04-26,TR030,OP038,East Pit,80.24,32.99,25.3,143.8,2.71,29.6,2.432,0
2025-07-24,TR022,OP009,East Pit,19.51,11.82,81.0,238.0,1.05,18.6,1.651,0
2025-02-21,TR003,OP031,Stockpile,32.42,16.89,44.5,174.8,1.12,29.0,1.919,0
2025-03-17,TR009,OP030,Stockpile,62.12,25.4,33.1,240.0,2.08,29.9,2.446,0
2025-04-20,TR011,OP028,Stockpile,85.17,44.02,44.6,115.3,3.92,21.8,1.935,0
2025-01-24,TR013,OP022,South Pit,97.45,49.38,15.0,75.8,2.83,34.4,1.973,0
2025-02-12,TR013,OP025,South Pit,26.61,11.94,43.6,179.3,1.14,23.3,2.229,0
2025-07-17,TR030,OP021,North Pit,23.92,9.62,29.3,97.1,0.64,37.2,2.486,0
2025-06-30,TR030,OP026,Stockpile,114.12,64.83,56.7,105.0,3.69,30.9,1.76,0
2025-09-08,TR010,OP002,North Pit,59.98,33.57,53.0,49.1,2.12,28.2,1.787,0
2025-08-24,TR007,OP042,Stockpile,46.53,20.89,61.3,210.5,1.34,34.8,2.227,0
2025-08-23,TR027,OP014,Crusher,62.89,33.99,16.0,94.5,2.81,22.4,1.85,0
2025-04-04,TR006,OP021,Crusher,113.87,63.2,81.0,110.0,3.38,33.7,1.802,0
2025-07-27,TR009,OP004,West Pit,54.74,22.6,44.3,102.1,2.41,22.7,2.422,0
2025-05-07,TR010,OP023,Stockpile,91.86,54.38,73.8,93.6,2.79,33.0,1.689,0
2025-05-15,TR026,OP010,Crusher,23.09,17.1,58.0,141.4,0.68,33.9,1.35,0
2025-06-30,TR012,OP039,Stockpile,119.96,64.76,59.4,59.3,5.14,23.3,1.852,0
2025-05-22,TR024,OP031,South Pit,106.49,61.24,49.1,168.7,5.69,18.7,1.739,0
2025-02-16,TR003,OP044,North Pit,34.89,20.15,40.7,109.5,1.34,26.1,1.732,0
2025-11-11,TR001,OP042,South Pit,15.31,9.98,53.7,56.0,0.45,33.9,1.534,0
2025-05-25,TR007,OP031,Stockpile,28.0,11.8,15.1,75.6,1.19,23.6,2.373,0
2025-01-18,TR028,OP020,South Pit,71.61,40.79,54.9,109.8,3.37,21.2,1.756,0
2025-08-27,TR005,OP002,East Pit,115.12,45.01,37.2,155.3,3.46,33.3,2.558,0
2025-04-20,TR020,OP030,South Pit,104.81,47.23,40.0,44.2,3.28,31.9,2.219,0
2025-10-16,TR001,OP032,West Pit,34.09,22.04,87.5,114.9,1.5,22.8,1.547,0
2025-04-15,TR006,OP046,North Pit,99.65,36.74,59.5,125.8,4.96,20.1,2.712,0
2025-11-08,TR005,OP020,Crusher,75.92,38.57,85.3,114.1,2.52,30.1,1.968,0
2025-12-25,TR004,OP002,West Pit,44.3,24.44,84.5,182.1,2.01,22.0,1.813,0
2025-07-14,TR026,OP008,East Pit,10.72,8.87,38.4,68.9,0.47,22.9,1.209,0
2025-07-03,TR011,OP019,West Pit,96.27,47.23,87.4,135.0,4.8,20.0,2.038,0
2025-02-27,TR009,OP019,East Pit,78.05,45.3,55.9,54.4,2.53,30.9,1.723,0
2025-03-08,TR022,OP029,West Pit,54.45,32.17,36.9,222.3,2.03,26.9,1.693,0
2025-03-16,TR001,OP045,Stockpile,85.46,47.86,87.5,96.6,2.64,32.4,1.786,0
2025-11-06,TR003,OP045,West Pit,74.49,26.07,24.9,213.3,2.0,37.2,2.857,0
2025-11-16,TR004,OP016,East Pit,106.34,55.69,40.0,106.1,3.82,27.8,1.909,0
2025-05-17,TR014,OP002,West Pit,28.18,20.32,46.4,138.0,0.74,38.0,1.387,0
2025-11-02,TR018,OP033,North Pit,34.69,14.36,18.3,156.3,1.46,23.8,2.416,0
2025-05-21,TR020,OP047,East Pit,15.62,10.82,88.6,194.3,0.63,24.9,1.444,0
2025-02-27,TR002,OP001,Stockpile,107.29,70.83,81.8,231.1,4.37,24.6,1.515,0
2025-05-04,TR007,OP009,West Pit,83.14,41.08,37.0,136.4,2.26,36.8,2.024,0
2025-05-31,TR014,OP035,East Pit,48.53,18.98,63.9,198.3,1.75,27.7,2.557,0
2025-02-24,TR003,OP006,West Pit,60.18,27.08,84.6,99.1,1.75,34.3,2.222,0
2025-09-03,TR020,OP037,North Pit,115.58,40.09,16.2,153.7,3.46,33.4,2.883,0
2025-06-13,TR007,OP019,East Pit,51.5,26.83,60.0,45.4,1.44,35.8,1.919,0
2025-09-29,TR020,OP042,West Pit,116.28,47.52,89.6,200.4,3.19,36.5,2.447,0
2025-07-20,TR001,OP025,Stockpile,67.94,22.58,18.1,74.4,3.48,19.5,3.009,0
2025-08-09,TR002,OP039,Crusher,32.44,13.29,46.7,204.2,1.13,28.7,2.441,0
2025-06-15,TR008,OP031,Stockpile,15.95,8.03,35.2,222.4,0.71,22.5,1.986,0
2025-08-05,TR018,OP003,South Pit,106.21,46.3,72.8,96.5,2.94,36.1,2.294,0
2025-05-20,TR004,OP039,Crusher,45.25,25.53,78.0,64.6,1.83,24.7,1.772,0
2025-05-06,TR015,OP021,East Pit,106.82,46.01,19.4,234.2,5.14,20.8,2.322,0
2025-03-25,TR025,OP050,West Pit,62.78,25.8,34.1,53.0,3.26,19.3,2.433,0
2025-11-07,TR023,OP045,Crusher,73.0,34.58,85.4,100.0,1.95,37.4,2.111,0
2025-11-10,TR021,OP014,West Pit,17.67,11.12,22.7,74.2,0.59,30.1,1.589,0
2025-11-02,TR028,OP004,Crusher,54.35,61.21,74.0,74.8,1.55,35.1,0.888,1
2025-11-12,TR015,OP049,North Pit,8.57,8.27,56.8,139.7,0.24,36.3,1.036,0
2025-04-05,TR015,OP014,Crusher,76.98,27.4,30.1,66.9,2.33,33.0,2.809,0
2025-07-25,TR015,OP020,South Pit,114.24,54.02,84.3,163.3,3.57,32.0,2.115,0
2025-12-18,TR015,OP033,South Pit,42.09,27.58,75.8,118.6,1.71,24.6,1.526,0
2025-09-17,TR002,OP021,West Pit,10.32,13.98,61.8,164.4,0.35,29.4,0.738,0
2025-02-24,TR002,OP007,Crusher,47.6,18.01,10.2,192.4,1.56,30.6,2.643,0
2025-11-29,TR019,OP021,North Pit,107.16,34.25,26.6,65.4,3.46,30.9,3.129,0
2025-07-31,TR021,OP004,Stockpile,20.39,16.69,73.2,128.6,0.62,32.7,1.222,0
2025-02-28,TR010,OP017,Crusher,70.05,37.53,26.4,110.1,3.57,19.6,1.867,0
2025-03-02,TR022,OP026,North Pit,49.11,21.22,13.4,224.1,1.44,34.2,2.314,0
2025-02-16,TR020,OP018,Crusher,93.29,36.42,75.3,229.8,3.88,24.0,2.562,0
2025-03-25,TR012,OP025,North Pit,19.51,11.94,19.9,179.6,0.54,35.9,1.634,0
2025-03-14,TR030,OP007,Crusher,19.05,8.73,56.1,198.7,0.76,25.1,2.182,0
2025-12-31,TR019,OP017,West Pit,43.25,22.18,56.9,186.6,2.04,21.2,1.95,0
2025-08-04,TR007,OP036,Stockpile,57.06,26.44,59.6,203.1,2.15,26.6,2.158,0
2025-09-13,TR021,OP047,Crusher,63.44,32.07,85.7,74.2,2.21,28.6,1.978,0
2025-01-27,TR026,OP045,Crusher,116.75,42.9,40.4,61.8,3.18,36.7,2.721,0
2025-09-14,TR019,OP012,Crusher,74.48,35.28,43.0,58.4,2.3,32.4,2.111,0
2025-09-25,TR021,OP008,Crusher,65.58,29.26,49.2,44.4,2.28,28.8,2.241,0
2025-01-03,TR017,OP005,Stockpile,45.57,15.92,16.2,146.3,1.22,37.4,2.862,0
2025-01-19,TR011,OP005,Crusher,41.63,24.48,77.8,67.4,2.28,18.3,1.701,0
2025-07-04,TR028,OP020,South Pit,118.85,61.1,64.2,207.2,5.29,22.5,1.945,0
2025-01-10,TR013,OP018,West Pit,38.84,17.6,13.8,146.0,1.28,30.4,2.207,0
2025-05-14,TR017,OP034,East Pit,17.51,8.28,10.9,79.2,0.47,37.6,2.115,0
2025-12-19,TR030,OP039,West Pit,92.56,42.84,48.6,60.0,5.08,18.2,2.161,0
2025-12-11,TR013,OP023,Crusher,17.7,7.53,12.2,81.2,0.98,18.1,2.351,0
2025-05-09,TR021,OP044,North Pit,36.68,17.16,51.9,67.9,1.59,23.1,2.138,0
2025-12-30,TR025,OP035,West Pit,33.51,20.57,76.2,227.7,1.21,27.6,1.629,0
2025-07-24,TR020,OP039,East Pit,37.13,12.52,18.0,138.3,1.23,30.3,2.966,0
2025-07-10,TR016,OP037,West Pit,30.89,19.67,57.5,233.3,0.84,36.9,1.57,0
2025-06-26,TR018,OP002,Stockpile,94.33,56.61,66.7,152.6,2.59,36.4,1.666,0
2025-10-12,TR020,OP028,South Pit,24.61,11.39,19.1,227.5,1.26,19.5,2.161,0
2025-08-25,TR023,OP005,South Pit,54.31,30.91,77.2,67.0,2.37,22.9,1.757,0
2025-08-01,TR019,OP006,South Pit,61.51,28.54,19.1,97.3,1.78,34.6,2.155,0
2025-12-10,TR026,OP024,North Pit,83.91,38.77,68.7,175.8,3.01,27.8,2.164,0
2025-04-20,TR026,OP020,North Pit,29.18,13.69,50.9,70.3,1.35,21.6,2.131,0
2025-07-23,TR016,OP050,North Pit,73.4,26.76,35.9,63.7,3.96,18.5,2.743,0
2025-01-30,TR028,OP029,South Pit,48.89,22.79,25.8,117.5,1.76,27.8,2.145,0
2025-04-28,TR027,OP008,South Pit,34.18,22.12,72.9,174.9,0.91,37.8,1.545,0
2025-09-12,TR023,OP044,Stockpile,12.95,4.99,9.3,76.8,0.61,21.3,2.595,0
2025-01-15,TR008,OP050,West Pit,116.2,60.36,78.5,124.7,6.14,18.9,1.925,0
2025-07-10,TR022,OP033,West Pit,37.76,17.51,66.0,154.5,1.79,21.1,2.156,0
2025-08-24,TR002,OP047,East Pit,51.48,18.78,14.7,96.9,2.33,22.1,2.741,0
2025-02-03,TR023,OP048,Crusher,11.52,10.6,81.1,80.1,0.55,20.8,1.087,0
2025-06-03,TR014,OP031,Stockpile,89.64,37.41,26.8,69.4,4.24,21.2,2.396,0
2025-01-18,TR020,OP008,South Pit,55.44,34.29,70.6,172.7,1.64,33.8,1.617,0
2025-12-15,TR021,OP040,North Pit,98.88,42.94,35.9,105.1,2.95,33.6,2.303,0
2025-12-12,TR010,OP050,East Pit,63.0,27.81,32.0,123.2,3.15,20.0,2.265,0
2025-08-02,TR015,OP026,Crusher,14.79,14.5,59.3,151.3,0.68,21.7,1.02,0
2025-02-09,TR014,OP050,West Pit,108.52,53.91,37.9,111.2,3.42,31.8,2.013,0
2025-08-20,TR016,OP044,South Pit,73.15,36.95,48.9,199.4,2.12,34.5,1.98,0
2025-10-12,TR016,OP004,South Pit,31.55,16.37,13.6,183.9,0.99,32.0,1.927,0
2025-08-23,TR008,OP022,East Pit,78.55,26.44,26.5,176.6,2.23,35.2,2.971,0
2025-10-13,TR003,OP014,West Pit,26.86,14.96,63.2,136.3,1.39,19.4,1.795,0
2025-07-18,TR007,OP050,Crusher,100.76,35.51,41.6,56.7,3.07,32.8,2.838,0
2025-11-20,TR025,OP020,South Pit,89.59,43.89,78.5,177.4,3.61,24.8,2.041,0
2025-05-22,TR010,OP038,East Pit,53.29,22.54,53.6,144.1,1.63,32.6,2.364,0
2025-12-30,TR006,OP040,Stockpile,88.19,48.51,65.8,156.4,4.6,19.2,1.818,0
2025-06-18,TR030,OP031,West Pit,80.98,41.71,38.3,114.0,2.18,37.1,1.942,0
2025-12-25,TR015,OP032,East Pit,36.0,20.86,80.6,98.9,1.14,31.7,1.726,0
2025-09-07,TR008,OP033,West Pit,43.02,23.28,71.5,123.5,1.33,32.4,1.848,0
2025-05-23,TR017,OP008,South Pit,81.17,31.34,25.7,175.2,2.72,29.9,2.59,0
2025-03-29,TR015,OP020,West Pit,95.91,34.8,22.5,150.9,3.18,30.1,2.756,0
2025-11-24,TR015,OP027,Stockpile,88.53,32.92,15.2,221.9,4.0,22.2,2.689,0
2025-03-08,TR006,OP003,South Pit,60.96,27.65,70.1,174.4,2.32,26.3,2.205,0
2025-12-12,TR016,OP016,East Pit,111.12,95.75,74.4,183.7,3.69,30.1,1.161,1
2025-11-25,TR024,OP020,Stockpile,95.22,60.12,87.4,127.5,3.4,28.0,1.584,0
2025-08-18,TR010,OP024,Crusher,8.54,6.99,35.4,99.4,0.29,29.5,1.222,0
2025-09-07,TR024,OP011,Crusher,76.0,33.45,85.6,154.9,2.54,29.9,2.272,0
2025-07-29,TR007,OP036,East Pit,110.89,65.35,82.8,128.9,4.39,25.2,1.697,0
2025-11-15,TR025,OP020,North Pit,53.95,27.89,68.0,149.9,2.22,24.3,1.934,0
2025-02-25,TR018,OP001,East Pit,51.64,20.56,30.4,134.1,2.19,23.6,2.512,0
2025-05-15,TR028,OP005,West Pit,15.05,13.75,58.9,127.7,0.82,18.5,1.095,0
2025-05-07,TR021,OP035,East Pit,14.88,8.41,57.1,140.6,0.43,34.4,1.769,0
2025-07-30,TR020,OP026,Stockpile,34.28,22.88,88.1,81.9,1.22,28.1,1.498,0
2025-07-04,TR013,OP034,Stockpile,110.82,36.95,25.0,152.1,4.24,26.1,2.999,0
2025-08-09,TR004,OP006,Crusher,61.97,24.85,10.6,182.5,3.33,18.6,2.494,0
2025-04-20,TR002,OP029,Stockpile,66.48,24.81,69.2,216.6,2.81,23.7,2.68,0
2025-11-23,TR003,OP010,West Pit,103.54,39.12,87.2,170.1,3.41,30.3,2.647,0
2025-04-22,TR017,OP017,West Pit,20.37,14.58,75.8,137.9,0.61,33.6,1.397,0
2025-11-17,TR024,OP030,Crusher,83.92,29.9,57.7,208.6,4.02,20.9,2.807,0
2025-02-04,TR014,OP029,Crusher,83.23,50.69,59.0,40.4,2.78,29.9,1.642,0
2025-04-05,TR013,OP019,South Pit,69.34,28.47,9.9,153.6,2.61,26.6,2.436,0
2025-09-15,TR011,OP039,West Pit,70.8,24.35,21.4,82.3,3.35,21.1,2.908,0
2025-12-20,TR028,OP019,East Pit,50.92,27.02,85.9,51.8,2.3,22.2,1.885,0
2025-03-30,TR002,OP017,East Pit,69.14,37.72,78.7,128.0,3.66,18.9,1.833,0
2025-05-16,TR017,OP012,Stockpile,101.22,48.81,59.9,161.7,3.65,27.8,2.074,0
2025-12-08,TR001,OP011,Stockpile,59.73,28.91,27.9,46.7,2.84,21.0,2.066,0
2025-08-11,TR026,OP014,East Pit,79.28,45.83,54.6,119.6,3.19,24.9,1.73,0
2025-08-28,TR003,OP010,Stockpile,98.68,100.97,8.4,166.5,2.73,36.1,0.977,1
2025-12-29,TR025,OP026,South Pit,97.72,42.05,35.9,168.2,3.33,29.3,2.324,0
2025-12-18,TR022,OP001,North Pit,26.92,13.71,42.8,63.2,1.21,22.3,1.964,0
2025-05-29,TR005,OP024,North Pit,8.42,7.24,58.3,83.6,0.35,23.9,1.163,0
2025-08-01,TR008,OP005,Crusher,19.83,17.0,87.1,171.1,0.72,27.5,1.166,0
2025-08-23,TR027,OP024,West Pit,39.5,20.7,36.5,200.9,1.29,30.6,1.908,0
2025-10-23,TR017,OP042,South Pit,9.16,5.55,50.7,51.5,0.3,30.2,1.65,0
2025-12-27,TR006,OP010,North Pit,71.18,27.86,34.8,117.7,3.68,19.3,2.555,0
2025-03-13,TR013,OP048,North Pit,12.93,15.91,85.3,187.1,0.61,21.1,0.813,0
2025-08-18,TR026,OP008,West Pit,82.61,34.87,36.1,222.0,2.28,36.2,2.369,0
2025-05-05,TR021,OP005,North Pit,109.38,55.22,52.0,133.0,3.61,30.3,1.981,0
2025-08-29,TR020,OP024,West Pit,116.67,41.27,24.9,135.0,3.98,29.3,2.827,0
2025-03-15,TR004,OP008,South Pit,56.14,24.79,27.8,139.8,1.63,34.5,2.265,0
2025-10-15,TR012,OP017,Crusher,100.8,53.85,82.8,48.6,5.24,19.3,1.872,0
2025-11-07,TR007,OP034,North Pit,78.78,28.6,39.4,146.4,2.29,34.4,2.755,0
2025-10-15,TR005,OP026,South Pit,103.76,49.64,21.4,198.8,5.12,20.3,2.09,0
2025-10-18,TR026,OP038,Crusher,28.89,14.72,56.4,107.1,1.06,27.3,1.963,0
2025-12-13,TR008,OP025,South Pit,83.99,31.19,40.7,56.6,2.28,36.8,2.693,0
2025-02-26,TR027,OP002,East Pit,12.56,11.15,68.9,66.0,0.45,27.9,1.126,0
2025-08-25,TR026,OP029,East Pit,110.48,38.68,88.8,141.8,2.92,37.9,2.856,0
2025-08-06,TR026,OP047,Crusher,9.72,7.54,78.1,233.4,0.28,34.3,1.289,0
2025-04-02,TR012,OP036,Crusher,104.28,55.13,55.5,188.0,4.27,24.4,1.892,0
2025-09-20,TR013,OP046,West Pit,40.4,18.2,68.5,99.0,1.85,21.9,2.22,0
2025-01-23,TR029,OP037,Crusher,63.27,28.77,43.8,132.5,2.86,22.1,2.199,0
2025-05-24,TR015,OP033,East Pit,77.55,32.16,65.7,67.1,2.64,29.4,2.411,0
2025-01-30,TR026,OP050,Stockpile,52.59,19.83,11.2,60.5,2.24,23.5,2.652,0
2025-04-18,TR001,OP033,South Pit,82.15,34.99,37.0,207.0,2.96,27.7,2.348,0
2025-12-18,TR019,OP029,Stockpile,55.55,36.87,50.8,150.5,1.98,28.0,1.507,0
2025-10-17,TR001,OP032,West Pit,112.43,63.62,53.2,45.6,4.95,22.7,1.767,0
2025-10-28,TR010,OP038,Stockpile,104.44,41.58,66.5,197.2,4.29,24.4,2.512,0
2025-12-26,TR028,OP010,Crusher,71.39,22.78,21.2,181.5,2.52,28.3,3.134,0
2025-08-05,TR010,OP005,South Pit,21.89,11.3,38.1,202.9,0.59,37.1,1.937,0
2025-12-26,TR025,OP004,West Pit,83.3,32.42,60.7,117.2,3.46,24.1,2.569,0
2025-11-25,TR005,OP011,Stockpile,94.31,33.73,67.6,151.2,2.49,37.9,2.796,0
2025-07-04,TR018,OP011,South Pit,73.81,29.05,75.8,216.3,2.21,33.4,2.541,0
2025-11-14,TR026,OP040,Crusher,76.75,36.67,45.5,145.2,2.04,37.6,2.093,0
2025-04-05,TR019,OP006,South Pit,8.99,11.59,55.9,129.0,0.4,22.4,0.776,0
2025-05-12,TR027,OP011,North Pit,16.63,12.01,46.1,158.3,0.69,24.3,1.385,0
2025-12-25,TR014,OP009,Crusher,66.19,27.7,81.7,137.2,2.88,23.0,2.39,0
2025-10-23,TR018,OP035,Stockpile,35.81,19.2,24.2,137.0,0.98,36.5,1.865,0
2025-08-20,TR015,OP050,West Pit,16.33,8.04,15.8,124.8,0.55,30.0,2.031,0
2025-03-14,TR026,OP034,East Pit,43.57,24.08,85.9,205.5,1.95,22.3,1.809,0
2025-02-21,TR018,OP050,Crusher,40.2,17.43,19.4,80.3,1.47,27.3,2.306,0
2025-12-26,TR008,OP029,East Pit,51.3,30.02,31.8,217.9,1.85,27.7,1.709,0
2025-10-18,TR023,OP023,East Pit,99.49,53.59,67.4,200.2,4.12,24.1,1.857,0
2025-04-26,TR007,OP019,West Pit,13.91,23.55,59.3,96.4,0.48,29.1,0.591,1
2025-02-20,TR012,OP022,South Pit,16.4,14.43,79.6,215.7,0.64,25.8,1.137,0
2025-04-13,TR017,OP028,North Pit,25.87,11.56,39.2,176.1,0.76,34.2,2.238,0
2025-02-08,TR015,OP022,South Pit,22.85,14.68,43.9,236.0,0.78,29.1,1.557,0
2025-03-08,TR023,OP003,West Pit,99.82,45.29,89.7,107.0,3.95,25.2,2.204,0
2025-05-26,TR009,OP031,Stockpile,28.21,15.73,75.5,131.0,1.12,25.2,1.793,0
2025-07-22,TR017,OP011,Crusher,46.87,24.26,71.2,66.3,1.9,24.6,1.932,0
2025-11-14,TR004,OP014,West Pit,61.82,62.95,28.4,69.3,1.64,37.7,0.982,1
2025-11-25,TR030,OP026,Stockpile,98.15,49.92,10.6,110.9,3.23,30.4,1.966,0
2025-04-07,TR020,OP020,East Pit,74.42,31.23,14.9,193.9,2.55,29.2,2.383,0
2025-07-22,TR023,OP023,East Pit,55.01,25.3,36.5,112.5,1.82,30.3,2.174,0
2025-09-21,TR020,OP010,East Pit,55.68,34.91,77.2,189.4,2.27,24.5,1.595,0
2025-01-15,TR020,OP049,South Pit,20.41,13.18,89.2,238.4,0.56,36.1,1.549,0
2025-06-13,TR005,OP021,Stockpile,57.72,26.39,13.2,100.4,1.72,33.6,2.187,0
2025-01-20,TR003,OP029,West Pit,92.0,53.65,83.2,136.6,4.76,19.3,1.715,0
2025-03-15,TR007,OP044,West Pit,80.0,27.55,17.9,235.8,3.69,21.7,2.904,0
2025-07-09,TR002,OP016,East Pit,34.7,22.06,46.9,123.9,1.04,33.3,1.573,0
2025-01-23,TR030,OP039,West Pit,23.05,11.95,25.4,160.1,0.84,27.5,1.929,0
2025-11-21,TR017,OP010,North Pit,118.02,48.09,46.8,77.0,5.94,19.9,2.454,0
2025-10-24,TR023,OP017,West Pit,90.2,37.68,34.6,96.6,3.23,27.9,2.394,0
2025-08-01,TR027,OP037,East Pit,39.54,15.74,22.5,166.7,1.96,20.1,2.512,0
2025-04-22,TR001,OP044,Stockpile,73.82,36.67,42.3,57.3,3.39,21.8,2.013,0
2025-09-30,TR012,OP019,East Pit,89.49,45.47,58.5,216.0,3.11,28.8,1.968,0
2025-08-22,TR025,OP030,Stockpile,71.93,26.03,69.8,190.6,1.92,37.4,2.763,0
2025-11-02,TR006,OP010,North Pit,13.76,5.18,5.8,57.2,0.41,33.7,2.656,0
2025-11-29,TR024,OP008,East Pit,93.28,45.54,76.2,207.7,3.15,29.6,2.048,0
2025-02-18,TR025,OP030,West Pit,15.01,5.88,23.0,92.7,0.56,26.7,2.553,0
2025-01-10,TR006,OP006,West Pit,8.49,8.3,86.8,52.8,0.29,29.7,1.023,0
2025-06-06,TR021,OP003,Stockpile,42.31,19.79,18.3,70.8,1.27,33.3,2.138,0
2025-02-11,TR002,OP023,Crusher,16.78,18.14,76.2,211.8,0.5,33.2,0.925,0
2025-01-02,TR022,OP020,Crusher,27.55,10.71,17.0,134.1,0.95,28.9,2.572,0
2025-05-18,TR021,OP039,Stockpile,22.68,12.47,50.0,195.9,0.78,29.2,1.819,0
2025-06-02,TR025,OP037,North Pit,15.2,15.0,86.7,140.9,0.44,34.8,1.013,0
2025-08-20,TR008,OP012,Stockpile,41.68,16.26,20.5,146.0,1.31,31.9,2.563,0
2025-11-10,TR024,OP009,West Pit,18.17,5.87,5.2,196.5,0.49,37.3,3.095,0
2025-12-14,TR009,OP020,West Pit,61.37,29.57,76.4,137.2,1.87,32.9,2.075,0
2025-10-15,TR021,OP034,Crusher,98.21,50.9,45.2,137.6,3.26,30.1,1.929,0
2025-12-13,TR004,OP015,Crusher,77.87,34.13,20.6,179.3,3.64,21.4,2.282,0
2025-05-03,TR010,OP020,South Pit,64.88,36.69,24.9,151.4,2.0,32.4,1.768,0
2025-10-25,TR025,OP007,East Pit,118.28,42.17,7.0,86.9,3.65,32.4,2.805,0
2025-09-18,TR018,OP046,South Pit,62.2,20.46,22.1,120.4,2.87,21.6,3.04,0
2025-12-30,TR007,OP039,South Pit,114.58,48.08,23.6,76.2,4.69,24.4,2.383,0
2025-09-18,TR015,OP043,West Pit,58.76,24.43,37.1,123.9,2.42,24.2,2.405,0
2025-01-14,TR012,OP010,North Pit,49.97,26.9,62.1,79.8,1.51,33.1,1.858,0
2025-06-29,TR021,OP048,West Pit,27.13,12.73,32.0,185.2,0.74,36.6,2.131,0
2025-02-23,TR026,OP005,South Pit,43.07,21.14,31.4,141.8,1.99,21.7,2.037,0
2025-02-07,TR014,OP016,East Pit,25.23,13.33,51.0,100.0,1.1,23.0,1.893,0
2025-11-11,TR011,OP049,Crusher,96.02,45.74,78.0,201.2,2.78,34.5,2.099,0
2025-12-05,TR025,OP047,Stockpile,59.96,24.8,12.9,165.8,2.76,21.7,2.418,0
2025-04-22,TR002,OP003,Stockpile,27.59,43.93,79.8,213.9,0.87,31.8,0.628,1
2025-07-28,TR005,OP002,East Pit,77.98,27.3,28.3,114.9,3.49,22.3,2.856,0
2025-10-15,TR019,OP045,West Pit,114.09,46.74,42.8,68.6,3.2,35.6,2.441,0
2025-03-07,TR026,OP044,North Pit,78.63,39.14,67.4,213.2,3.04,25.8,2.009,0
2025-01-19,TR018,OP024,East Pit,47.24,26.22,48.4,84.1,1.66,28.4,1.802,0
2025-09-03,TR012,OP037,North Pit,66.07,24.06,20.7,167.5,1.89,34.9,2.746,0
2025-03-30,TR009,OP037,South Pit,84.0,30.58,24.5,55.7,4.26,19.7,2.747,0
2025-10-09,TR010,OP009,South Pit,12.52,5.95,20.4,239.2,0.36,34.5,2.104,0
2025-12-28,TR003,OP019,Stockpile,53.6,26.79,76.4,138.6,1.44,37.2,2.001,0
2025-02-10,TR019,OP004,Stockpile,37.78,18.5,39.4,140.9,1.54,24.6,2.042,0
2025-08-15,TR014,OP025,North Pit,40.4,19.59,5.5,67.8,1.27,31.8,2.062,0
2025-06-05,TR007,OP028,West Pit,80.35,33.8,32.9,236.3,2.52,31.8,2.377,0
2025-08-11,TR018,OP045,East Pit,52.69,21.24,35.4,207.7,2.37,22.2,2.481,0
2025-12-13,TR018,OP009,South Pit,72.51,35.47,26.5,133.4,3.25,22.3,2.044,0
2025-10-19,TR016,OP026,South Pit,36.71,21.55,63.0,98.5,1.27,29.0,1.703,0
2025-08-03,TR011,OP018,Stockpile,13.41,5.73,5.1,239.5,0.44,30.5,2.34,0
2025-12-24,TR026,OP013,East Pit,111.5,35.01,20.0,162.0,3.94,28.3,3.185,0
2025-10-14,TR002,OP047,West Pit,66.9,36.74,41.8,49.6,2.64,25.3,1.821,0
2025-11-09,TR016,OP003,North Pit,94.41,55.53,44.1,172.7,4.31,21.9,1.7,0
2025-02-25,TR004,OP034,South Pit,52.68,24.25,19.3,165.7,1.71,30.8,2.172,0
2025-12-01,TR008,OP039,West Pit,117.07,72.53,74.3,214.9,5.76,20.3,1.614,0
2025-04-08,TR016,OP040,East Pit,108.94,40.21,47.7,193.8,3.61,30.1,2.709,0
2025-08-19,TR017,OP007,West Pit,89.17,39.08,44.7,83.0,2.44,36.6,2.282,0
2025-12-18,TR006,OP014,Crusher,84.91,44.87,75.9,225.9,2.86,29.7,1.892,0
2025-12-22,TR027,OP033,Stockpile,17.26,16.06,62.8,84.5,0.83,20.7,1.075,0
2025-01-30,TR014,OP026,South Pit,108.19,40.06,14.7,174.5,4.09,26.4,2.701,0
2025-08-05,TR030,OP017,Stockpile,64.18,26.63,55.6,65.9,1.91,33.6,2.41,0
2025-11-23,TR012,OP021,East Pit,99.19,34.01,11.8,124.1,3.46,28.7,2.916,0
2025-07-29,TR005,OP049,Stockpile,8.55,7.31,36.4,221.5,0.23,37.4,1.17,0
2025-01-24,TR008,OP037,Crusher,109.31,61.33,22.5,143.1,5.23,20.9,1.782,0
2025-07-24,TR026,OP030,East Pit,29.89,15.25,54.5,177.3,0.99,30.1,1.96,0
2025-08-05,TR021,OP039,South Pit,53.29,22.05,9.4,54.0,2.79,19.1,2.417,0
2025-09-15,TR006,OP009,West Pit,30.39,21.45,86.1,50.4,1.0,30.3,1.417,0
2025-01-06,TR024,OP012,East Pit,16.13,12.68,54.5,135.6,0.77,20.8,1.272,0
2025-03-22,TR006,OP023,North Pit,104.47,46.3,37.3,175.3,4.59,22.8,2.256,0
2025-11-26,TR010,OP049,South Pit,18.64,10.07,63.1,130.6,1.03,18.2,1.851,0
2025-06-19,TR020,OP026,North Pit,91.58,30.23,14.8,222.6,2.75,33.3,3.029,0
2025-07-15,TR014,OP012,East Pit,38.86,16.56,20.1,121.7,1.55,25.0,2.347,0
2025-03-04,TR008,OP021,Stockpile,75.76,28.88,61.2,133.6,2.1,36.0,2.623,0
2025-07-16,TR002,OP012,North Pit,102.85,32.87,8.3,138.7,4.92,20.9,3.129,0
2025-04-19,TR028,OP026,North Pit,75.8,35.33,46.3,135.3,2.57,29.5,2.145,0
2025-05-22,TR005,OP019,East Pit,98.15,32.53,16.6,167.7,3.59,27.3,3.017,0
2025-06-29,TR004,OP040,Stockpile,79.01,39.93,68.9,235.1,2.33,33.9,1.979,0
2025-09-12,TR021,OP011,South Pit,118.79,48.55,78.2,49.7,5.3,22.4,2.447,0
2025-01-02,TR002,OP023,East Pit,90.14,50.54,30.3,235.5,3.52,25.6,1.784,0
2025-09-01,TR005,OP030,South Pit,57.04,53.19,36.7,66.2,2.04,28.0,1.072,1
2025-12-24,TR022,OP035,Stockpile,99.62,56.6,83.9,202.4,4.55,21.9,1.76,0
2025-08-08,TR012,OP009,Crusher,83.05,39.31,79.3,123.4,4.54,18.3,2.113,0
2025-02-19,TR013,OP034,East Pit,83.06,40.67,49.6,130.2,2.42,34.3,2.042,0
2025-06-18,TR001,OP022,North Pit,95.56,35.41,52.4,63.8,2.9,33.0,2.699,0
2025-10-04,TR007,OP047,South Pit,69.78,24.56,32.7,71.4,2.11,33.1,2.841,0
2025-03-11,TR011,OP014,East Pit,38.12,24.09,66.2,42.7,1.22,31.4,1.582,0
2025-11-11,TR015,OP013,South Pit,105.68,56.08,75.5,50.3,5.55,19.0,1.884,0
2025-07-31,TR027,OP004,North Pit,67.32,23.03,28.4,229.9,1.99,33.9,2.923,0
2025-03-19,TR006,OP027,West Pit,65.89,28.97,79.0,110.8,1.99,33.2,2.274,0
2025-12-09,TR002,OP043,North Pit,10.95,6.94,21.3,51.3,0.39,28.4,1.578,0
2025-02-18,TR009,OP021,North Pit,105.25,55.52,53.5,181.3,5.0,21.0,1.896,0
2025-04-20,TR011,OP027,North Pit,103.12,49.27,79.3,109.7,5.65,18.3,2.093,0
2025-08-19,TR015,OP042,West Pit,51.42,19.95,21.6,141.4,1.74,29.5,2.577,0
2025-06-18,TR009,OP045,Crusher,117.65,57.36,75.4,152.1,4.87,24.2,2.051,0
2025-05-31,TR003,OP015,South Pit,102.29,48.15,77.8,227.4,4.35,23.5,2.124,0
2025-01-22,TR027,OP007,North Pit,80.66,34.61,64.0,122.0,3.65,22.1,2.331,0
2025-03-08,TR028,OP016,East Pit,13.89,15.44,71.1,133.8,0.47,29.8,0.9,0
2025-02-01,TR014,OP031,South Pit,43.46,15.45,14.1,191.4,2.37,18.3,2.813,0
2025-01-18,TR022,OP020,South Pit,47.8,21.58,50.7,145.5,1.37,34.9,2.215,0
2025-03-14,TR020,OP022,Crusher,49.37,18.93,18.0,221.1,1.4,35.2,2.608,0
2025-10-05,TR009,OP050,Stockpile,59.64,43.23,84.4,203.0,2.73,21.8,1.38,0
2025-08-19,TR009,OP019,West Pit,95.21,32.95,24.5,169.1,4.04,23.6,2.89,0
2025-01-25,TR013,OP005,Stockpile,93.39,41.23,24.8,220.7,3.42,27.3,2.265,0
2025-04-10,TR029,OP025,Crusher,116.29,43.01,34.7,206.0,5.2,22.4,2.704,0
2025-12-06,TR014,OP021,Stockpile,105.48,44.74,81.2,80.3,4.58,23.0,2.358,0
2025-12-13,TR002,OP044,Crusher,31.89,21.21,43.6,195.9,1.03,31.1,1.504,0
2025-10-14,TR019,OP003,East Pit,104.7,55.82,33.3,89.4,3.23,32.5,1.876,0
2025-06-01,TR007,OP031,Crusher,74.71,42.36,18.1,234.3,2.09,35.7,1.764,0
2025-10-01,TR024,OP009,Crusher,55.97,28.76,77.2,116.3,2.51,22.3,1.946,0
2025-08-16,TR003,OP031,Stockpile,105.72,53.95,72.7,126.3,5.69,18.6,1.96,0
2025-06-28,TR003,OP027,South Pit,23.02,9.93,15.0,207.8,0.76,30.1,2.318,0
2025-07-26,TR027,OP007,West Pit,70.02,45.19,50.5,204.6,2.37,29.6,1.549,0
2025-06-19,TR012,OP013,North Pit,72.82,24.04,20.2,169.4,2.33,31.3,3.029,0
2025-07-01,TR029,OP022,Crusher,113.35,69.99,81.8,166.3,5.86,19.3,1.62,0
2025-03-09,TR023,OP033,Crusher,8.67,13.36,87.3,72.4,0.29,30.1,0.649,0
2025-05-26,TR010,OP004,North Pit,51.05,20.91,32.2,96.0,2.33,21.9,2.441,0
2025-08-06,TR009,OP043,Stockpile,90.31,40.65,24.1,206.0,2.54,35.5,2.222,0
2025-06-12,TR020,OP026,North Pit,97.27,31.49,9.0,189.1,4.66,20.9,3.089,0
2025-03-16,TR006,OP036,North Pit,84.12,31.71,52.5,97.7,2.34,36.0,2.653,0
2025-12-30,TR006,OP026,East Pit,71.53,39.58,15.2,54.2,1.95,36.6,1.807,0
2025-04-25,TR008,OP006,Crusher,80.53,34.96,73.0,186.1,2.59,31.1,2.303,0
2025-02-03,TR002,OP024,South Pit,43.24,18.41,14.6,199.6,1.87,23.1,2.349,0
2025-06-14,TR005,OP019,South Pit,95.13,38.2,74.3,59.8,3.69,25.8,2.49,0
2025-12-19,TR026,OP007,Stockpile,46.78,26.72,47.9,171.4,2.02,23.2,1.751,0
2025-08-22,TR002,OP012,East Pit,48.9,20.88,15.3,212.9,2.47,19.8,2.342,0
2025-04-03,TR021,OP021,North Pit,39.9,20.79,26.2,201.2,1.26,31.6,1.919,0
2025-12-04,TR007,OP043,Crusher,41.37,22.85,50.8,77.8,1.72,24.1,1.811,0
2025-10-19,TR003,OP015,Crusher,76.59,28.17,47.8,119.8,3.26,23.5,2.719,0
2025-12-14,TR025,OP035,East Pit,75.48,26.9,24.5,86.8,3.93,19.2,2.806,0
2025-03-26,TR016,OP004,Crusher,69.35,25.18,11.1,149.8,2.77,25.0,2.754,0
2025-06-15,TR004,OP018,North Pit,66.14,26.68,45.7,182.2,2.41,27.5,2.479,0
2025-05-23,TR010,OP006,Stockpile,78.66,48.48,73.8,81.6,3.1,25.4,1.623,0
2025-12-10,TR005,OP040,South Pit,51.88,34.7,88.4,222.8,1.59,32.6,1.495,0
2025-09-18,TR004,OP001,East Pit,72.61,27.32,50.9,146.6,3.29,22.1,2.658,0
2025-03-17,TR011,OP034,South Pit,101.4,55.77,35.8,134.2,4.96,20.5,1.818,0
2025-12-04,TR028,OP046,East Pit,33.38,19.26,82.6,103.1,1.69,19.7,1.733,0
2025-04-27,TR027,OP019,East Pit,96.08,41.03,21.9,155.5,2.76,34.8,2.342,0
2025-06-09,TR030,OP024,West Pit,94.58,37.42,38.9,221.9,3.99,23.7,2.528,0
2025-04-29,TR017,OP001,Stockpile,73.09,25.39,39.1,214.9,2.03,36.0,2.879,0
2025-08-11,TR021,OP007,East Pit,70.37,23.13,24.9,120.7,2.91,24.2,3.042,0
2025-02-20,TR012,OP031,Crusher,35.0,16.22,11.8,187.7,1.02,34.3,2.158,0
2025-05-07,TR019,OP011,South Pit,81.72,29.76,47.9,55.7,4.03,20.3,2.746,0
2025-12-23,TR009,OP002,West Pit,112.63,61.05,40.1,47.2,3.11,36.3,1.845,0
2025-03-18,TR025,OP033,Stockpile,115.23,43.45,20.7,219.4,3.24,35.5,2.652,0
2025-05-07,TR029,OP030,West Pit,113.25,47.17,65.3,183.0,3.37,33.6,2.401,0
2025-12-10,TR004,OP038,West Pit,55.59,33.06,48.2,205.1,1.78,31.2,1.681,0
2025-06-17,TR007,OP008,West Pit,57.62,31.93,75.2,237.8,2.66,21.7,1.805,0
2025-12-09,TR007,OP009,North Pit,18.58,15.11,62.3,45.7,0.7,26.7,1.23,0
2025-08-10,TR018,OP050,South Pit,79.68,36.1,42.2,151.7,3.21,24.8,2.207,0
2025-12-23,TR005,OP047,West Pit,90.28,30.31,32.4,201.0,4.21,21.4,2.979,0
2025-11-12,TR025,OP025,West Pit,33.96,15.22,55.4,76.3,1.26,26.9,2.231,0
2025-12-24,TR017,OP040,Stockpile,48.31,21.24,65.1,83.1,1.97,24.6,2.274,0
2025-08-31,TR016,OP019,South Pit,108.52,38.42,27.5,204.6,4.29,25.3,2.825,0
2025-11-26,TR021,OP030,West Pit,52.09,20.97,52.0,115.4,1.53,34.1,2.484,0
2025-10-04,TR028,OP007,North Pit,50.61,20.56,54.7,118.3,1.89,26.8,2.462,0
2025-07-24,TR022,OP006,East Pit,55.92,23.31,13.2,53.0,2.08,26.8,2.399,0
2025-01-06,TR021,OP021,Stockpile,78.0,36.43,88.2,233.9,3.67,21.2,2.141,0
2025-04-23,TR007,OP001,West Pit,116.43,38.52,35.5,188.2,3.61,32.3,3.023,0
2025-06-01,TR011,OP023,South Pit,103.79,39.69,67.3,143.2,4.76,21.8,2.615,0
2025-05-23,TR018,OP029,East Pit,42.41,21.23,50.4,149.7,1.7,25.0,1.998,0
2025-09-27,TR002,OP020,South Pit,24.4,15.07,71.6,75.9,0.79,31.0,1.619,0
2025-04-17,TR004,OP020,South Pit,87.2,35.53,27.1,55.8,3.56,24.5,2.454,0
2025-11-10,TR023,OP021,South Pit,20.07,10.7,71.1,166.3,0.94,21.5,1.876,0
2025-04-26,TR026,OP002,Crusher,70.82,34.73,61.5,153.6,2.15,32.9,2.039,0
2025-07-21,TR021,OP017,North Pit,102.69,34.08,5.7,232.6,3.14,32.7,3.013,0
2025-10-07,TR030,OP016,South Pit,114.34,63.47,53.6,137.0,3.28,34.9,1.801,0
2025-03-26,TR010,OP045,West Pit,74.92,27.96,31.5,119.6,2.59,28.9,2.68,0
2025-12-10,TR012,OP033,Crusher,41.23,32.66,82.0,202.7,1.38,29.9,1.262,0
2025-07-13,TR011,OP025,Crusher,63.64,21.98,10.4,66.4,1.87,34.0,2.895,0
2025-07-28,TR010,OP018,East Pit,85.04,45.12,74.9,221.0,2.83,30.1,1.885,0
2025-04-24,TR003,OP020,East Pit,48.04,22.8,76.9,207.6,1.36,35.3,2.107,0
2025-09-18,TR009,OP006,West Pit,103.98,45.36,9.9,189.7,4.45,23.4,2.292,0
2025-03-18,TR030,OP047,South Pit,27.85,8.77,8.9,201.5,1.37,20.3,3.176,0
2025-04-11,TR013,OP008,North Pit,88.23,49.9,33.0,206.2,2.91,30.4,1.768,0
2025-02-11,TR003,OP025,East Pit,85.08,37.19,32.6,148.5,3.13,27.2,2.288,0
2025-11-23,TR018,OP005,Crusher,105.58,34.1,7.5,220.3,4.14,25.5,3.096,0
2025-03-29,TR004,OP043,East Pit,107.57,42.83,40.6,81.5,3.41,31.6,2.512,0
2025-07-13,TR007,OP006,Crusher,43.58,22.67,65.0,136.4,1.42,30.6,1.922,0
2025-09-05,TR005,OP045,East Pit,38.71,27.79,77.3,87.9,1.14,33.9,1.393,0
2025-08-30,TR024,OP025,East Pit,16.87,7.21,8.7,238.0,0.54,31.1,2.34,0
2025-07-16,TR011,OP045,West Pit,41.43,22.88,88.2,219.5,1.87,22.2,1.811,0
2025-11-12,TR022,OP050,West Pit,59.63,22.56,72.7,137.6,2.2,27.1,2.643,0
2025-04-15,TR007,OP009,North Pit,42.94,18.91,37.0,162.4,1.44,29.8,2.271,0
2025-04-26,TR017,OP011,Stockpile,11.04,9.77,82.2,91.7,0.48,23.1,1.13,0
2025-07-14,TR014,OP001,West Pit,46.84,21.0,26.1,239.8,1.64,28.5,2.23,0
2025-03-10,TR013,OP038,West Pit,108.66,46.57,11.9,171.1,4.54,23.9,2.333,0
2025-10-20,TR003,OP035,West Pit,53.56,28.0,56.8,183.1,2.14,25.0,1.913,0
2025-07-23,TR018,OP029,South Pit,87.58,26.82,7.5,61.1,3.2,27.3,3.265,0
2025-10-22,TR025,OP047,East Pit,50.33,27.8,28.0,82.8,1.66,30.3,1.81,0
2025-10-26,TR016,OP047,West Pit,30.28,24.07,80.0,229.3,1.42,21.3,1.258,0
2025-08-27,TR017,OP031,West Pit,98.35,36.01,84.1,120.3,2.63,37.4,2.731,0
2025-11-10,TR005,OP004,South Pit,61.87,21.69,28.3,120.4,2.99,20.7,2.852,0
2025-04-26,TR019,OP013,South Pit,8.39,9.52,61.2,145.5,0.24,34.3,0.881,0
2025-01-19,TR026,OP005,Crusher,58.05,33.11,72.1,70.2,2.46,23.6,1.753,0
2025-04-25,TR020,OP014,East Pit,35.08,14.09,11.0,162.1,1.87,18.8,2.49,0
2025-10-17,TR010,OP026,South Pit,102.96,54.59,40.2,222.6,3.63,28.3,1.886,0
2025-11-08,TR018,OP007,Stockpile,53.64,27.08,57.0,203.9,1.89,28.3,1.981,0
2025-04-11,TR007,OP007,West Pit,76.36,41.93,36.1,170.5,2.98,25.6,1.821,0
2025-08-31,TR011,OP017,Stockpile,47.73,24.65,81.5,188.6,1.51,31.7,1.936,0
2025-02-08,TR009,OP003,North Pit,46.73,19.23,26.9,111.1,1.29,36.2,2.43,0
2025-08-15,TR007,OP014,West Pit,104.91,59.27,75.4,155.7,4.7,22.3,1.77,0
2025-04-19,TR018,OP033,East Pit,95.99,44.54,23.8,57.8,4.02,23.9,2.155,0
2025-06-04,TR016,OP013,North Pit,109.51,54.56,39.1,134.3,3.36,32.6,2.007,0
2025-02-14,TR013,OP046,Crusher,40.97,14.54,10.7,185.6,1.17,35.1,2.818,0
2025-03-21,TR005,OP034,East Pit,111.87,52.6,12.8,77.4,4.91,22.8,2.127,0
2025-05-17,TR014,OP029,North Pit,51.29,27.87,72.4,62.9,1.7,30.1,1.84,0
2025-03-29,TR027,OP046,South Pit,48.46,45.01,66.0,41.7,1.3,37.3,1.077,1
2025-06-26,TR017,OP011,Crusher,111.05,34.35,7.8,125.7,3.41,32.6,3.233,0
2025-11-15,TR020,OP014,East Pit,80.9,32.64,61.7,124.2,3.09,26.2,2.479,0
2025-12-03,TR015,OP026,North Pit,21.25,15.82,84.5,69.1,0.57,37.3,1.343,0
2025-12-02,TR015,OP032,Crusher,50.22,19.31,59.9,144.1,2.57,19.5,2.601,0
2025-11-16,TR022,OP001,Crusher,47.5,15.16,9.0,77.4,1.68,28.4,3.133,0
2025-09-20,TR024,OP025,West Pit,39.36,23.83,45.8,156.5,1.82,21.6,1.652,0
2025-10-02,TR003,OP039,North Pit,89.11,46.81,84.9,156.7,3.05,29.3,1.904,0
2025-01-01,TR028,OP004,Stockpile,9.95,5.99,28.1,221.5,0.42,23.9,1.661,0
2025-02-05,TR028,OP021,South Pit,46.91,28.89,29.7,50.6,2.07,22.7,1.624,0
2025-05-28,TR015,OP028,Crusher,53.82,18.72,26.2,150.4,2.54,21.2,2.875,0
2025-06-14,TR006,OP025,Stockpile,50.98,24.54,26.3,177.5,1.94,26.3,2.077,0
2025-04-24,TR015,OP037,Stockpile,51.21,29.38,30.3,85.6,1.42,36.0,1.743,0
2025-05-01,TR014,OP013,East Pit,83.77,47.61,47.0,98.5,3.12,26.8,1.76,0
2025-05-22,TR016,OP033,South Pit,44.42,23.77,8.2,45.5,2.31,19.2,1.869,0
2025-12-23,TR012,OP036,East Pit,79.63,28.94,31.4,89.3,2.27,35.0,2.752,0
2025-05-23,TR005,OP005,West Pit,95.13,38.55,50.5,133.9,3.25,29.3,2.468,0
2025-11-30,TR013,OP034,North Pit,41.24,31.04,64.0,82.2,1.3,31.6,1.329,0
2025-02-15,TR005,OP034,North Pit,67.89,39.48,78.3,159.7,2.58,26.3,1.72,0
2025-11-30,TR014,OP012,West Pit,9.78,4.25,18.9,135.1,0.41,24.0,2.301,0
2025-08-23,TR024,OP028,North Pit,39.77,18.18,11.1,75.5,1.91,20.8,2.188,0
2025-11-03,TR019,OP031,South Pit,53.55,21.83,22.6,209.9,1.92,27.9,2.453,0
2025-04-20,TR027,OP040,South Pit,77.74,29.28,23.3,230.3,2.8,27.8,2.655,0
2025-10-01,TR021,OP045,South Pit,98.18,41.81,79.4,60.3,2.92,33.6,2.348,0
2025-09-27,TR024,OP037,East Pit,23.96,10.85,45.4,164.4,0.93,25.7,2.208,0
2025-09-17,TR001,OP004,South Pit,36.67,23.4,52.9,160.8,1.94,18.9,1.567,0
2025-08-22,TR021,OP016,Stockpile,52.84,22.71,8.6,183.3,2.13,24.9,2.327,0
2025-07-12,TR008,OP017,West Pit,109.53,39.12,32.9,190.8,2.89,37.9,2.8,0
2025-11-22,TR004,OP049,North Pit,50.26,30.13,72.8,235.0,1.61,31.3,1.668,0
2025-08-01,TR021,OP036,Crusher,80.18,27.23,51.1,156.1,2.5,32.0,2.945,0
2025-09-03,TR008,OP023,Stockpile,54.7,25.44,46.5,173.3,1.7,32.1,2.15,0
2025-06-25,TR015,OP005,West Pit,111.87,44.81,66.8,81.5,3.3,33.9,2.497,0
2025-02-06,TR020,OP037,Crusher,40.12,16.52,58.3,200.1,1.2,33.4,2.429,0
2025-07-04,TR028,OP005,South Pit,27.93,21.64,63.3,78.5,0.78,35.7,1.291,0
2025-11-07,TR001,OP026,South Pit,90.32,38.59,81.2,51.0,2.73,33.1,2.341,0
2025-02-28,TR015,OP005,West Pit,59.75,35.0,65.9,126.1,1.67,35.8,1.707,0
2025-11-10,TR007,OP022,Crusher,53.19,19.3,23.0,219.6,2.24,23.8,2.756,0
2025-03-30,TR018,OP020,South Pit,67.35,29.86,65.6,150.7,1.8,37.4,2.256,0
2025-02-19,TR023,OP020,East Pit,43.02,18.21,31.7,94.2,1.63,26.5,2.362,0
2025-03-27,TR017,OP026,Crusher,74.89,32.93,82.3,207.3,2.55,29.3,2.274,0
2025-12-17,TR002,OP014,South Pit,80.04,32.37,50.8,114.4,3.33,24.0,2.473,0
2025-05-05,TR007,OP048,East Pit,15.23,7.29,31.5,176.9,0.59,25.6,2.089,0
2025-11-16,TR011,OP038,North Pit,119.78,43.9,14.2,173.5,4.31,27.8,2.728,0
2025-06-20,TR010,OP044,Crusher,54.54,21.0,42.6,114.6,1.69,32.2,2.597,0
2025-06-13,TR029,OP036,West Pit,19.94,10.08,17.7,147.8,0.72,27.7,1.978,0
2025-06-11,TR010,OP022,South Pit,30.27,17.54,59.7,160.3,1.58,19.1,1.726,0
2025-04-24,TR025,OP039,West Pit,114.54,55.21,86.8,45.5,4.41,26.0,2.075,0
2025-12-01,TR004,OP004,East Pit,82.81,30.94,65.2,133.1,3.72,22.2,2.676,0
2025-08-29,TR020,OP036,Crusher,87.06,35.32,35.9,231.2,2.64,32.9,2.465,0
2025-03-01,TR026,OP048,North Pit,110.75,45.45,67.2,220.1,5.08,21.8,2.437,0
2025-12-11,TR014,OP034,West Pit,97.5,44.87,20.8,99.5,2.72,35.8,2.173,0
2025-06-07,TR028,OP042,South Pit,89.08,52.01,73.7,199.7,3.71,24.0,1.713,0
2025-01-08,TR005,OP006,West Pit,80.33,26.26,38.8,111.8,3.17,25.3,3.059,0
2025-04-02,TR011,OP031,North Pit,110.88,50.38,31.3,62.8,4.28,25.9,2.201,0
2025-12-22,TR005,OP011,Crusher,41.63,19.47,5.0,199.7,1.24,33.7,2.138,0
2025-12-20,TR011,OP026,East Pit,110.51,45.89,71.6,177.7,6.07,18.2,2.408,0
2025-04-16,TR026,OP027,North Pit,75.43,23.17,10.3,203.6,3.32,22.7,3.256,0
2025-07-04,TR017,OP017,East Pit,86.63,33.18,76.0,202.9,4.06,21.3,2.611,0
2025-07-18,TR017,OP009,Stockpile,116.45,40.68,80.7,127.6,4.98,23.4,2.863,0
2025-08-07,TR014,OP014,Stockpile,19.22,8.5,35.9,152.2,1.02,18.9,2.261,0
2025-08-25,TR017,OP013,Crusher,42.8,24.98,76.4,164.8,2.12,20.2,1.713,0
2025-12-17,TR012,OP044,Crusher,88.47,40.04,71.4,103.9,3.03,29.2,2.21,0
2025-04-11,TR017,OP040,East Pit,23.47,10.35,23.2,106.1,0.81,28.9,2.268,0
2025-09-09,TR014,OP007,East Pit,29.23,14.91,28.6,208.8,1.01,28.8,1.96,0
2025-03-27,TR017,OP047,Crusher,64.27,35.64,48.6,178.4,3.35,19.2,1.803,0
2025-07-06,TR027,OP013,South Pit,28.9,16.46,45.1,235.0,1.02,28.4,1.756,0
2025-08-05,TR004,OP020,South Pit,57.14,24.39,78.6,76.9,1.65,34.7,2.343,0
2025-05-14,TR025,OP041,East Pit,9.02,5.82,33.1,54.0,0.32,28.0,1.55,0
2025-06-06,TR016,OP013,Crusher,11.01,10.81,59.8,46.2,0.48,23.1,1.019,0
2025-10-10,TR004,OP011,West Pit,39.26,17.28,61.0,209.9,1.06,36.9,2.272,0
2025-08-26,TR028,OP016,Crusher,98.81,52.07,14.7,187.8,4.19,23.6,1.898,0
2025-05-30,TR006,OP047,Crusher,78.54,37.01,51.5,99.5,2.94,26.8,2.122,0
2025-04-25,TR005,OP002,South Pit,11.41,16.85,86.2,181.3,0.49,23.5,0.677,0
2025-10-04,TR023,OP007,Stockpile,20.99,14.02,33.4,201.7,0.83,25.4,1.497,0
2025-05-18,TR009,OP012,West Pit,9.59,6.03,27.4,189.5,0.28,33.7,1.59,0
2025-03-15,TR004,OP045,West Pit,23.95,13.95,39.5,130.9,0.68,35.5,1.717,0
2025-02-04,TR023,OP049,North Pit,47.07,26.56,80.8,59.6,1.64,28.7,1.772,0
2025-01-09,TR013,OP020,North Pit,52.11,20.13,34.8,80.6,1.45,35.9,2.589,0
2025-05-30,TR023,OP044,Stockpile,29.07,18.74,86.5,78.8,1.51,19.2,1.551,0
2025-04-25,TR003,OP015,Stockpile,107.48,53.96,43.1,100.1,3.43,31.3,1.992,0
2025-12-28,TR026,OP041,West Pit,58.83,24.47,39.9,181.2,2.31,25.5,2.404,0
2025-09-20,TR015,OP001,East Pit,59.86,35.31,58.2,185.4,1.74,34.3,1.695,0
2025-09-03,TR027,OP033,North Pit,16.71,14.33,45.9,229.2,0.66,25.2,1.166,0
2025-12-29,TR014,OP044,North Pit,99.63,42.93,7.9,202.4,5.22,19.1,2.321,0
2025-01-25,TR019,OP017,West Pit,111.38,45.43,38.3,187.4,5.4,20.6,2.452,0
2025-03-16,TR008,OP040,East Pit,27.19,11.75,35.2,190.4,0.9,30.1,2.314,0
2025-07-21,TR016,OP017,South Pit,49.05,38.21,87.2,40.8,2.04,24.0,1.284,0
2025-10-24,TR009,OP026,South Pit,48.1,23.84,44.2,51.8,1.6,30.0,2.018,0
2025-04-23,TR007,OP012,West Pit,13.38,8.68,33.5,210.8,0.66,20.2,1.541,0
2025-08-08,TR017,OP032,East Pit,33.22,19.96,35.4,41.7,0.96,34.5,1.664,0
2025-06-15,TR012,OP002,East Pit,27.63,10.64,8.9,98.6,0.75,37.0,2.597,0
2025-06-22,TR019,OP045,Crusher,16.38,12.9,53.4,76.1,0.84,19.5,1.27,0
2025-12-07,TR024,OP013,East Pit,69.5,54.86,34.1,50.1,3.66,19.0,1.267,1
2025-12-01,TR011,OP002,Stockpile,82.68,38.73,50.2,119.0,3.72,22.2,2.135,0
2025-08-28,TR011,OP017,North Pit,97.9,34.12,45.6,124.3,3.41,28.7,2.869,0
2025-07-20,TR022,OP026,Stockpile,73.62,37.73,48.5,90.6,2.69,27.4,1.951,0
2025-07-13,TR021,OP009,West Pit,12.77,7.87,35.6,102.2,0.51,25.1,1.623,0
2025-07-22,TR010,OP008,North Pit,97.37,33.26,26.7,155.0,2.61,37.3,2.928,0
2025-03-18,TR023,OP019,West Pit,54.43,22.56,40.9,106.9,2.4,22.7,2.413,0
2025-01-14,TR022,OP007,East Pit,86.35,39.45,86.4,195.4,3.7,23.4,2.189,0
2025-04-07,TR002,OP030,South Pit,19.72,7.47,5.7,112.0,0.77,25.7,2.64,0
2025-08-16,TR026,OP014,South Pit,57.58,28.45,51.3,70.3,2.0,28.8,2.024,0
2025-06-07,TR021,OP041,Crusher,100.41,36.94,39.7,42.6,3.27,30.7,2.718,0
2025-10-11,TR027,OP020,Stockpile,78.65,45.05,32.2,67.7,2.7,29.2,1.746,0
2025-06-12,TR027,OP039,Stockpile,66.73,39.41,41.0,231.5,2.25,29.7,1.693,0
2025-08-01,TR009,OP035,West Pit,60.14,23.09,25.1,79.3,2.68,22.4,2.605,0
2025-07-26,TR028,OP028,West Pit,73.95,31.56,23.5,169.6,3.05,24.3,2.343,0
2025-10-22,TR015,OP048,Crusher,96.92,41.28,36.1,121.4,4.92,19.7,2.348,0
2025-09-07,TR014,OP004,Stockpile,111.01,46.59,37.6,100.7,3.46,32.1,2.383,0
2025-08-03,TR018,OP013,Stockpile,32.14,19.92,70.6,173.8,1.1,29.2,1.613,0
2025-09-07,TR018,OP019,East Pit,10.03,10.92,55.8,102.7,0.35,28.7,0.918,0
2025-09-13,TR027,OP020,Stockpile,31.32,12.45,12.8,170.9,1.23,25.5,2.516,0
2025-01-11,TR028,OP001,East Pit,77.88,46.5,64.9,77.3,2.12,36.7,1.675,0
2025-04-13,TR026,OP029,Stockpile,62.67,32.99,56.9,183.0,1.69,37.1,1.9,0
2025-11-23,TR014,OP013,North Pit,74.89,28.05,52.2,110.6,2.26,33.2,2.67,0
2025-02-25,TR014,OP022,North Pit,38.04,21.84,22.1,139.3,1.53,24.9,1.742,0
2025-03-26,TR015,OP043,East Pit,95.85,53.12,6.8,96.4,2.56,37.5,1.804,0
2025-07-26,TR022,OP030,West Pit,94.66,39.61,49.2,123.7,2.56,36.9,2.39,0
2025-12-01,TR008,OP048,West Pit,41.55,20.31,88.8,45.5,1.86,22.4,2.046,0
2025-09-25,TR002,OP012,North Pit,29.76,12.92,50.0,55.5,1.25,23.8,2.303,0
2025-04-02,TR003,OP002,North Pit,87.9,37.45,43.5,148.0,3.03,29.0,2.347,0
2025-07-20,TR018,OP031,South Pit,116.79,57.14,16.8,143.8,3.34,35.0,2.044,0
2025-09-12,TR008,OP028,North Pit,43.63,24.53,25.1,126.5,1.71,25.5,1.779,0
2025-03-06,TR024,OP030,North Pit,106.86,53.6,12.5,97.9,5.41,19.8,1.994,0
2025-09-01,TR028,OP043,South Pit,66.7,43.22,69.5,93.3,2.37,28.2,1.543,0
2025-10-22,TR028,OP001,North Pit,102.92,48.98,83.9,136.5,2.78,37.0,2.101,0
2025-05-24,TR001,OP025,Crusher,11.9,9.81,64.2,58.1,0.43,27.7,1.213,0
2025-03-06,TR014,OP044,North Pit,8.07,8.31,39.9,53.7,0.42,19.4,0.971,0
2025-04-30,TR026,OP021,West Pit,16.95,10.2,27.8,94.5,0.54,31.2,1.662,0
2025-06-01,TR027,OP013,South Pit,24.8,13.91,6.4,90.3,1.13,22.0,1.783,0
2025-01-21,TR021,OP021,West Pit,54.93,30.73,87.9,186.1,2.71,20.3,1.788,0
2025-11-11,TR009,OP005,East Pit,110.17,51.66,36.5,222.5,4.13,26.6,2.133,0
2025-07-27,TR030,OP046,South Pit,14.64,12.0,9.4,187.6,0.45,32.3,1.22,1
2025-03-16,TR010,OP004,South Pit,119.99,50.64,41.9,166.7,3.45,34.7,2.369,0
2025-12-12,TR025,OP028,South Pit,93.46,39.16,19.7,235.2,4.34,21.5,2.387,0
2025-04-21,TR006,OP031,East Pit,112.97,44.54,78.7,147.3,5.51,20.5,2.536,0
2025-12-28,TR002,OP010,North Pit,63.23,27.54,73.8,150.9,3.41,18.6,2.296,0
2025-12-16,TR028,OP028,Crusher,13.58,9.37,42.9,217.0,0.37,36.2,1.449,0
2025-11-05,TR014,OP031,East Pit,46.49,26.09,5.7,149.9,1.45,32.0,1.782,0
2025-07-01,TR029,OP045,North Pit,105.32,51.93,88.9,72.7,3.28,32.1,2.028,0
2025-12-09,TR018,OP028,South Pit,18.28,9.16,10.4,69.3,0.54,34.0,1.996,0
2025-04-07,TR013,OP001,North Pit,74.88,47.22,78.2,152.4,3.37,22.2,1.586,0
2025-10-07,TR026,OP048,North Pit,117.84,53.24,76.6,176.0,3.39,34.8,2.213,0
2025-01-03,TR013,OP007,Stockpile,56.31,28.51,58.2,175.8,2.22,25.4,1.975,0
2025-11-29,TR013,OP049,Crusher,9.94,7.67,48.2,81.7,0.38,26.4,1.296,0
2025-07-05,TR011,OP006,Crusher,105.76,37.55,53.1,179.8,3.43,30.8,2.817,0
2025-07-04,TR030,OP014,Stockpile,76.09,31.79,31.0,113.5,3.43,22.2,2.394,0
2025-11-13,TR004,OP003,South Pit,13.88,8.49,84.6,111.2,0.54,25.5,1.635,0
2025-03-01,TR009,OP043,East Pit,24.19,10.02,31.4,86.7,1.08,22.3,2.414,0
2025-04-04,TR022,OP004,South Pit,51.88,21.25,27.1,238.1,2.7,19.2,2.441,0
2025-11-17,TR010,OP030,Stockpile,100.8,45.82,17.5,196.3,2.73,37.0,2.2,0
2025-08-10,TR004,OP037,Crusher,20.04,15.75,77.3,208.7,0.72,27.9,1.272,0
2025-03-05,TR014,OP040,Crusher,116.5,49.28,52.1,222.7,4.56,25.6,2.364,0
2025-01-18,TR024,OP049,Stockpile,77.79,31.16,54.1,144.6,2.26,34.5,2.496,0
2025-01-13,TR026,OP015,North Pit,19.18,11.83,54.6,234.9,0.67,28.5,1.621,0
2025-01-02,TR002,OP035,South Pit,78.38,26.69,15.8,183.3,3.04,25.7,2.937,0
2025-01-09,TR007,OP012,East Pit,106.43,59.61,18.2,132.9,3.06,34.8,1.785,0
2025-07-22,TR006,OP050,Crusher,82.12,42.83,36.8,52.5,3.4,24.1,1.917,0
2025-12-25,TR024,OP044,North Pit,93.23,42.72,20.5,144.6,3.34,27.9,2.182,0
2025-02-10,TR029,OP039,North Pit,90.22,38.63,87.7,54.9,2.47,36.5,2.335,0
2025-03-14,TR011,OP036,Crusher,51.78,30.25,53.9,73.3,2.58,20.0,1.712,0
2025-12-23,TR028,OP009,Crusher,45.9,19.06,64.1,108.1,2.48,18.5,2.408,0
2025-03-01,TR028,OP012,Stockpile,78.06,32.21,67.2,157.5,2.3,34.0,2.423,0
2025-08-24,TR018,OP033,Crusher,19.01,16.1,73.6,93.1,0.55,34.8,1.181,0
2025-10-14,TR024,OP014,Stockpile,23.19,12.99,30.0,101.6,0.88,26.2,1.785,0
2025-06-29,TR025,OP047,South Pit,112.23,58.47,67.5,87.4,4.26,26.3,1.919,0
2025-10-31,TR014,OP025,North Pit,99.67,59.64,44.3,148.4,3.28,30.3,1.671,1
2025-06-10,TR027,OP049,South Pit,16.68,12.63,44.3,56.0,0.56,29.7,1.321,0
2025-07-16,TR017,OP010,West Pit,29.81,21.95,81.3,166.1,0.96,31.1,1.358,0
2025-02-06,TR007,OP033,North Pit,18.12,10.01,17.1,149.5,0.69,26.3,1.81,0
2025-05-07,TR001,OP046,Stockpile,28.4,17.89,33.7,79.5,1.39,20.4,1.587,0
2025-09-21,TR014,OP036,North Pit,36.33,19.84,55.3,200.6,1.25,29.0,1.831,0
2025-05-27,TR026,OP025,South Pit,30.42,20.8,63.8,211.6,0.81,37.6,1.463,0
2025-12-19,TR028,OP010,Crusher,109.45,66.19,84.7,76.1,5.96,18.3,1.654,0
2025-12-17,TR016,OP011,North Pit,14.18,14.25,58.2,66.1,0.6,23.5,0.995,0
2025-07-23,TR025,OP048,Crusher,38.63,15.37,20.0,92.4,1.17,32.9,2.513,0
2025-09-28,TR007,OP008,South Pit,78.52,33.28,23.3,213.6,2.76,28.5,2.359,0
2025-07-26,TR011,OP047,North Pit,43.02,25.94,89.2,203.7,1.8,23.8,1.658,0
2025-09-21,TR010,OP028,West Pit,31.2,13.49,14.0,130.8,1.04,30.1,2.313,0
2025-03-15,TR014,OP010,South Pit,43.7,24.49,52.9,55.7,2.06,21.2,1.784,0
2025-09-21,TR030,OP015,North Pit,75.2,34.77,29.0,226.8,3.81,19.7,2.163,0
2025-03-15,TR001,OP009,East Pit,82.27,32.16,58.3,46.2,2.56,32.1,2.558,0
2025-06-11,TR017,OP039,South Pit,81.42,51.67,56.1,190.4,2.84,28.7,1.576,0
2025-01-08,TR012,OP013,East Pit,93.74,57.73,81.8,221.4,2.56,36.6,1.624,0
2025-01-10,TR030,OP047,South Pit,41.35,14.79,21.5,108.8,1.16,35.6,2.796,0
2025-09-16,TR009,OP018,East Pit,67.84,33.24,60.0,80.0,2.84,23.9,2.041,0
2025-06-08,TR023,OP049,South Pit,84.72,61.58,44.4,86.3,2.35,36.1,1.376,1
2025-10-13,TR019,OP004,South Pit,112.27,48.94,82.6,160.2,3.19,35.1,2.294,0
2025-09-11,TR028,OP032,North Pit,15.74,15.36,85.5,176.0,0.42,37.7,1.025,0
2025-08-09,TR030,OP037,West Pit,60.75,26.68,54.9,155.5,1.62,37.5,2.277,0
2025-03-12,TR011,OP022,East Pit,72.12,36.65,39.3,203.3,2.79,25.9,1.968,0
2025-02-02,TR015,OP038,Crusher,62.69,32.8,61.3,81.2,2.61,24.0,1.911,0
2025-02-11,TR001,OP018,West Pit,31.32,17.12,77.0,141.7,1.05,29.7,1.829,0
2025-02-03,TR029,OP009,Stockpile,105.82,37.23,39.6,233.4,5.46,19.4,2.842,0
2025-04-11,TR008,OP046,Crusher,119.04,70.45,72.7,114.0,3.75,31.7,1.69,0
2025-05-04,TR021,OP035,West Pit,12.62,12.87,85.5,215.6,0.63,20.0,0.981,0
2025-08-26,TR002,OP031,West Pit,41.97,31.12,69.5,145.6,1.5,28.1,1.349,0
2025-09-03,TR011,OP005,North Pit,85.08,35.84,14.7,83.4,2.26,37.6,2.374,0
2025-07-20,TR023,OP003,East Pit,26.56,14.29,29.2,95.5,0.99,26.9,1.859,0
2025-10-24,TR004,OP007,West Pit,30.41,16.91,46.2,205.9,1.27,23.9,1.798,0
2025-09-11,TR027,OP026,North Pit,40.64,13.21,20.0,104.1,1.62,25.1,3.076,0
2025-08-25,TR020,OP015,East Pit,23.55,17.18,72.6,51.1,1.1,21.4,1.371,0
2025-02-01,TR020,OP036,West Pit,38.42,16.6,38.5,104.2,1.1,35.1,2.314,0
2025-02-01,TR020,OP024,West Pit,20.87,15.0,66.7,199.3,0.89,23.5,1.391,0
2025-07-17,TR021,OP018,East Pit,104.4,45.1,24.5,84.2,4.88,21.4,2.315,0
2025-06-01,TR017,OP025,North Pit,74.29,35.01,62.4,231.5,2.43,30.5,2.122,0
2025-03-11,TR022,OP007,East Pit,75.27,35.14,89.8,116.0,3.79,19.8,2.142,0
2025-02-11,TR025,OP021,North Pit,67.77,35.0,24.3,228.9,2.28,29.7,1.936,0
2025-05-03,TR027,OP024,East Pit,66.14,34.98,13.6,52.7,2.75,24.0,1.891,0
2025-05-21,TR008,OP017,East Pit,102.84,51.39,86.5,187.9,4.39,23.4,2.001,0
2025-02-16,TR014,OP006,Crusher,89.41,45.78,32.6,117.0,3.13,28.6,1.953,0
2025-11-24,TR014,OP033,North Pit,29.45,15.64,24.3,224.2,1.51,19.5,1.883,0
2025-09-15,TR022,OP048,South Pit,108.59,36.59,30.1,60.7,3.95,27.5,2.968,0
2025-10-30,TR015,OP034,East Pit,58.5,40.07,83.6,124.6,2.83,20.7,1.46,0
2025-12-08,TR002,OP007,North Pit,117.94,46.94,68.3,175.2,3.56,33.1,2.513,0
2025-08-19,TR012,OP030,Crusher,106.64,41.84,33.6,189.3,4.82,22.1,2.549,0
2025-04-09,TR020,OP004,South Pit,24.24,12.06,10.7,105.0,1.31,18.5,2.01,0
2025-03-18,TR018,OP018,Crusher,91.44,41.93,9.8,150.0,3.07,29.8,2.181,0
2025-01-11,TR015,OP017,Crusher,31.43,10.55,11.9,136.7,0.86,36.4,2.979,0
2025-02-07,TR014,OP038,West Pit,20.18,9.55,21.3,185.0,0.66,30.4,2.113,0
2025-03-09,TR007,OP023,East Pit,57.86,29.54,57.4,74.2,1.98,29.2,1.959,0
2025-11-06,TR016,OP037,North Pit,76.02,38.05,33.5,128.1,2.67,28.5,1.998,0
2025-06-12,TR020,OP013,East Pit,69.07,26.35,24.2,134.5,2.46,28.1,2.621,0
2025-07-03,TR007,OP039,South Pit,91.09,49.18,65.5,215.4,3.65,25.0,1.852,0
2025-11-19,TR021,OP027,Crusher,23.9,15.52,37.6,187.3,0.9,26.7,1.54,0
2025-01-31,TR013,OP005,West Pit,44.64,25.98,41.4,175.8,1.31,34.0,1.718,0
2025-01-07,TR012,OP033,South Pit,87.02,28.67,28.8,132.0,3.63,23.9,3.035,0
2025-11-17,TR003,OP010,East Pit,25.58,15.8,76.5,198.9,0.86,29.8,1.619,0
2025-04-07,TR002,OP016,South Pit,107.9,55.07,46.3,110.5,4.65,23.2,1.959,0
2025-07-18,TR030,OP035,Stockpile,33.24,14.68,7.4,201.5,1.56,21.3,2.264,0
2025-08-22,TR014,OP004,North Pit,87.2,31.33,53.2,44.9,2.82,31.0,2.783,0
2025-12-08,TR027,OP021,West Pit,116.11,42.39,60.3,52.3,3.52,33.0,2.739,0
2025-02-23,TR025,OP015,East Pit,43.39,59.03,87.1,58.8,1.35,32.3,0.735,1
2025-01-14,TR020,OP023,North Pit,48.16,19.56,80.2,216.2,1.57,30.7,2.462,0
2025-02-09,TR018,OP020,Stockpile,67.63,39.86,84.7,232.6,2.4,28.2,1.697,0
2025-03-27,TR008,OP012,East Pit,91.43,37.32,17.7,178.6,2.82,32.4,2.45,0
2025-10-11,TR008,OP037,West Pit,63.02,72.48,34.9,129.1,2.55,24.7,0.869,1
2025-05-02,TR017,OP005,Stockpile,50.58,22.5,25.2,46.9,1.75,29.0,2.248,0
2025-11-14,TR003,OP050,East Pit,23.47,13.48,62.0,41.7,1.03,22.7,1.741,0
2025-02-12,TR021,OP026,East Pit,76.88,33.99,23.6,71.5,4.03,19.1,2.262,0
2025-01-26,TR002,OP009,North Pit,75.61,32.53,74.0,194.1,3.05,24.8,2.324,0
2025-03-07,TR006,OP030,East Pit,101.72,44.29,82.2,191.1,5.26,19.3,2.297,0
2025-08-15,TR027,OP010,North Pit,100.72,37.68,8.7,86.6,3.15,32.0,2.673,0
2025-07-20,TR011,OP044,South Pit,33.59,20.17,66.9,168.2,1.53,21.9,1.665,0
2025-02-27,TR005,OP041,North Pit,82.78,35.65,64.7,214.2,2.45,33.8,2.322,0
2025-04-25,TR002,OP005,South Pit,18.31,8.12,27.2,136.2,0.7,26.0,2.255,0
2025-10-05,TR009,OP038,North Pit,105.55,59.42,81.8,168.5,3.08,34.3,1.776,0
2025-06-20,TR009,OP016,East Pit,44.61,16.01,16.6,107.7,1.36,32.7,2.786,0
2025-06-18,TR029,OP044,North Pit,10.51,10.8,75.7,189.3,0.51,20.7,0.973,0
2025-02-13,TR004,OP041,East Pit,37.45,20.96,8.3,101.5,1.03,36.4,1.787,0
2025-09-20,TR024,OP015,Stockpile,90.06,33.78,33.3,237.5,3.96,22.7,2.666,0
2025-12-20,TR010,OP041,North Pit,55.71,40.22,73.8,182.1,3.09,18.0,1.385,0
2025-01-30,TR008,OP047,South Pit,25.55,19.75,81.0,222.8,1.06,24.2,1.294,0
2025-07-08,TR006,OP012,Stockpile,116.62,37.96,11.7,189.8,6.08,19.2,3.072,0
2025-03-25,TR026,OP044,Stockpile,117.25,55.8,36.3,99.9,4.0,29.3,2.101,0
2025-05-01,TR005,OP014,North Pit,30.72,16.12,39.6,163.1,1.45,21.1,1.906,0
2025-02-26,TR022,OP019,West Pit,116.6,55.11,21.2,63.2,3.32,35.1,2.116,0
2025-07-05,TR029,OP037,North Pit,41.92,14.44,14.2,232.3,1.75,23.9,2.903,0
2025-04-05,TR002,OP038,North Pit,86.21,32.47,9.4,179.2,2.88,29.9,2.655,0
2025-09-05,TR022,OP005,East Pit,118.28,55.42,41.0,166.1,4.58,25.8,2.134,0
2025-04-14,TR004,OP022,Stockpile,99.37,43.83,50.5,175.0,3.31,30.0,2.267,0
2025-06-10,TR021,OP007,Crusher,26.3,11.56,32.3,171.9,0.74,35.8,2.275,0
2025-02-20,TR013,OP014,North Pit,115.5,58.66,36.6,179.6,3.39,34.1,1.969,0
2025-07-15,TR019,OP031,Stockpile,91.48,34.35,79.3,182.8,3.07,29.8,2.663,0
2025-11-29,TR011,OP003,South Pit,21.8,14.2,88.2,187.8,0.74,29.5,1.535,0
2025-07-05,TR022,OP031,East Pit,14.33,10.17,82.2,61.8,0.42,34.2,1.409,0
2025-05-19,TR003,OP010,Stockpile,113.85,45.24,75.3,193.0,5.48,20.8,2.517,0
2025-08-30,TR017,OP011,Crusher,97.05,96.91,36.2,190.3,5.36,18.1,1.001,1
2025-07-25,TR014,OP039,Stockpile,51.98,22.84,18.3,136.2,1.69,30.7,2.276,0
2025-04-13,TR011,OP043,North Pit,20.14,15.34,41.2,175.6,0.69,29.2,1.313,0
2025-05-29,TR012,OP037,West Pit,69.31,36.1,55.1,239.7,1.99,34.8,1.92,0
2025-10-08,TR025,OP037,East Pit,66.87,31.15,30.0,76.0,3.11,21.5,2.147,0
2025-02-03,TR030,OP042,Stockpile,73.35,38.14,7.1,169.3,2.98,24.6,1.923,0
2025-06-09,TR009,OP034,Stockpile,37.44,15.45,30.5,83.2,1.02,36.7,2.423,0
2025-12-18,TR025,OP031,North Pit,70.33,29.79,36.2,62.4,2.76,25.5,2.361,0
2025-11-08,TR005,OP012,Stockpile,78.77,45.34,84.7,137.7,3.92,20.1,1.737,0
2025-11-06,TR016,OP015,Crusher,39.91,21.9,25.8,123.1,1.7,23.5,1.822,0
2025-05-12,TR003,OP026,Stockpile,70.72,28.8,64.5,53.2,3.06,23.1,2.456,0
2025-10-29,TR028,OP048,Stockpile,66.5,41.59,73.9,120.1,1.83,36.4,1.599,0
2025-03-14,TR011,OP027,East Pit,104.49,56.8,72.7,151.7,3.35,31.2,1.84,0
2025-11-18,TR009,OP011,South Pit,25.48,14.92,87.0,128.3,0.85,30.2,1.708,0
2025-04-10,TR013,OP009,Stockpile,102.15,38.76,17.4,179.5,3.67,27.9,2.635,0
2025-02-01,TR022,OP012,Stockpile,16.1,10.4,47.5,90.4,0.83,19.5,1.548,0
2025-01-31,TR002,OP042,Stockpile,33.27,14.44,22.5,221.1,1.37,24.3,2.304,0
2025-10-11,TR027,OP014,North Pit,38.45,25.41,70.7,190.6,1.97,19.6,1.513,0
2025-08-26,TR002,OP031,South Pit,86.51,37.95,64.6,117.5,2.41,35.9,2.28,0
2025-10-16,TR004,OP013,Stockpile,52.2,17.04,14.2,63.5,1.51,34.6,3.063,0
2025-03-29,TR022,OP020,Stockpile,16.29,8.23,18.3,181.2,0.81,20.1,1.979,0
2025-08-15,TR005,OP020,Stockpile,57.7,20.25,29.5,121.3,1.64,35.3,2.849,0
2025-05-26,TR021,OP017,Crusher,89.7,39.79,42.8,133.5,3.97,22.6,2.254,0
2025-07-28,TR018,OP002,West Pit,10.8,10.04,80.4,220.9,0.54,20.0,1.076,0
2025-04-18,TR002,OP017,South Pit,81.5,41.73,35.1,236.9,3.75,21.7,1.953,0
2025-11-28,TR028,OP039,East Pit,95.28,36.42,37.8,233.2,4.93,19.3,2.616,0
2025-04-05,TR030,OP032,Stockpile,110.91,55.32,39.2,80.2,4.22,26.3,2.005,0
2025-10-21,TR007,OP032,Stockpile,83.34,29.16,60.6,148.7,2.72,30.6,2.858,0
2025-12-03,TR009,OP027,West Pit,54.85,29.39,67.0,53.0,1.95,28.1,1.866,0
2025-11-13,TR018,OP047,Stockpile,18.37,12.22,30.3,64.5,0.71,25.9,1.503,0
2025-12-23,TR025,OP010,South Pit,13.6,14.92,58.7,56.1,0.37,37.1,0.912,0
2025-10-26,TR028,OP014,East Pit,52.83,34.54,89.9,82.1,1.47,35.9,1.53,0
2025-10-05,TR026,OP029,West Pit,67.11,35.71,47.6,221.2,3.22,20.9,1.879,0
2025-09-20,TR011,OP027,Crusher,37.7,17.87,35.2,190.2,1.18,32.1,2.11,0
2025-12-01,TR022,OP048,Crusher,58.07,27.45,58.5,75.9,1.83,31.8,2.115,0
2025-04-19,TR016,OP013,Stockpile,48.55,23.31,11.0,106.6,2.34,20.7,2.083,0
2025-03-24,TR018,OP050,East Pit,112.53,58.84,78.3,119.9,4.68,24.0,1.912,0
2025-06-28,TR004,OP031,North Pit,68.78,32.34,19.1,173.3,3.62,19.0,2.127,0
2025-01-04,TR016,OP036,East Pit,76.47,28.18,7.0,47.9,2.93,26.1,2.714,0
2025-09-20,TR011,OP033,East Pit,33.23,14.58,54.4,87.2,1.18,28.1,2.279,0
2025-05-02,TR014,OP046,West Pit,93.1,48.03,82.7,161.0,3.09,30.1,1.938,0
2025-09-01,TR004,OP027,North Pit,14.81,5.01,5.2,208.1,0.43,34.7,2.956,0
2025-03-09,TR012,OP018,Crusher,30.8,17.26,55.8,209.0,1.04,29.7,1.784,0
2025-12-28,TR021,OP030,West Pit,112.56,41.98,60.0,118.8,3.13,36.0,2.681,0
2025-02-27,TR019,OP039,West Pit,102.28,38.56,15.8,102.8,4.34,23.6,2.652,0
2025-04-17,TR016,OP039,South Pit,89.39,35.06,23.8,99.3,3.39,26.3,2.55,0
2025-12-27,TR002,OP013,Crusher,105.71,43.99,83.9,212.8,3.78,28.0,2.403,0
2025-02-14,TR011,OP027,South Pit,33.25,11.35,17.4,144.4,0.96,34.7,2.93,0
2025-03-08,TR024,OP041,Crusher,100.43,40.81,66.1,74.5,2.97,33.8,2.461,0
2025-03-19,TR020,OP035,West Pit,59.03,32.06,39.0,146.6,2.32,25.4,1.841,0
2025-05-12,TR018,OP013,South Pit,92.12,52.71,82.9,94.6,4.13,22.3,1.748,0
2025-03-26,TR025,OP029,North Pit,106.27,35.88,69.7,62.8,3.88,27.4,2.962,0
2025-01-13,TR008,OP029,East Pit,19.09,10.97,38.9,103.1,0.78,24.6,1.74,0
2025-09-30,TR017,OP022,South Pit,67.8,39.81,82.0,151.6,2.18,31.0,1.703,0
2025-09-13,TR021,OP026,South Pit,99.37,36.43,22.8,216.4,3.67,27.1,2.728,0
2025-11-19,TR012,OP010,South Pit,70.3,26.69,57.1,202.1,2.0,35.1,2.634,0
2025-06-28,TR005,OP004,East Pit,99.08,57.63,87.6,177.0,2.79,35.5,1.719,0
2025-01-18,TR029,OP039,East Pit,78.15,31.92,30.2,182.0,3.73,21.0,2.448,0
2025-02-16,TR022,OP038,North Pit,90.36,42.14,57.9,105.7,2.6,34.8,2.144,0
2025-07-20,TR013,OP041,Stockpile,60.73,27.0,53.2,127.2,2.26,26.9,2.249,0
2025-04-09,TR007,OP026,West Pit,94.24,43.09,44.1,106.8,2.73,34.5,2.187,0
2025-03-22,TR020,OP050,Stockpile,83.02,83.23,60.4,145.3,2.99,27.7,0.997,1
2025-01-21,TR020,OP009,Stockpile,64.8,35.63,74.1,91.8,2.11,30.8,1.819,0
2025-04-12,TR030,OP014,South Pit,70.93,28.19,71.4,159.5,2.51,28.2,2.516,0
2025-12-23,TR010,OP001,East Pit,11.63,8.54,73.1,60.5,0.43,26.8,1.362,0
2025-10-25,TR014,OP021,North Pit,95.46,32.81,31.2,106.8,2.55,37.4,2.909,0
2025-04-22,TR024,OP033,East Pit,38.09,13.22,9.4,100.9,1.18,32.4,2.881,0
2025-07-02,TR002,OP048,Crusher,29.89,39.6,77.4,148.9,1.19,25.2,0.755,1
2025-01-23,TR010,OP008,South Pit,82.5,40.92,57.8,112.0,2.36,34.9,2.016,0
2025-10-03,TR024,OP034,South Pit,23.01,15.57,51.2,195.2,0.63,36.8,1.478,0
2025-11-15,TR003,OP007,Stockpile,88.0,34.63,50.7,201.7,2.54,34.6,2.541,0
2025-06-21,TR012,OP034,East Pit,62.27,23.17,74.1,81.3,3.11,20.0,2.688,0
2025-07-19,TR009,OP028,East Pit,71.77,27.66,20.2,82.7,3.49,20.6,2.595,0
2025-07-08,TR008,OP008,South Pit,79.05,45.24,42.7,196.6,2.24,35.3,1.747,0
2025-07-28,TR003,OP042,South Pit,71.6,27.85,50.1,164.9,3.66,19.6,2.571,0
2025-02-13,TR017,OP024,North Pit,77.9,27.75,59.6,49.0,3.35,23.2,2.807,0
2025-05-20,TR013,OP023,South Pit,27.6,16.48,27.2,233.0,1.19,23.2,1.675,0
2025-05-26,TR021,OP039,West Pit,103.19,56.6,20.4,82.2,2.78,37.1,1.823,0
2025-08-29,TR023,OP021,Stockpile,57.95,32.65,25.0,138.5,1.55,37.5,1.775,0
2025-08-16,TR009,OP004,North Pit,100.12,43.37,42.0,207.7,3.16,31.7,2.309,0
2025-04-21,TR014,OP046,Crusher,63.53,24.45,57.3,119.6,2.17,29.2,2.598,0
2025-03-30,TR026,OP009,Stockpile,105.2,45.8,15.5,228.9,4.13,25.5,2.297,0
2025-08-05,TR014,OP019,East Pit,109.61,47.88,27.9,132.1,3.16,34.7,2.289,0
2025-09-19,TR019,OP038,East Pit,103.14,54.96,18.7,209.7,5.63,18.3,1.877,0
2025-04-01,TR012,OP032,South Pit,105.71,47.81,50.2,115.0,5.81,18.2,2.211,0
2025-12-03,TR012,OP014,East Pit,77.6,39.86,32.7,48.5,2.81,27.6,1.947,0
2025-06-05,TR028,OP011,East Pit,29.34,18.4,60.3,79.3,1.13,26.0,1.595,0
2025-12-30,TR003,OP027,West Pit,62.83,24.63,9.2,117.9,3.42,18.4,2.551,0
2025-03-29,TR013,OP001,Crusher,96.06,50.04,11.9,186.0,2.9,33.1,1.92,0
2025-07-06,TR010,OP010,West Pit,85.24,36.97,40.7,70.3,3.33,25.6,2.306,0
2025-12-03,TR004,OP047,North Pit,38.46,21.37,37.9,165.8,1.01,37.9,1.8,0
2025-04-14,TR030,OP040,West Pit,118.71,41.53,59.0,67.0,3.43,34.7,2.858,0
2025-06-27,TR028,OP032,East Pit,106.18,36.22,54.3,196.4,3.12,34.0,2.932,0
2025-10-17,TR020,OP011,West Pit,77.19,34.8,59.5,78.8,2.25,34.3,2.218,0
2025-08-07,TR015,OP030,West Pit,41.83,17.47,36.2,78.0,2.09,20.0,2.394,0
2025-08-30,TR025,OP019,South Pit,65.93,35.33,41.3,193.0,2.7,24.4,1.866,0
2025-08-09,TR003,OP012,Stockpile,49.9,29.41,84.0,63.6,1.39,35.9,1.697,0
2025-11-13,TR023,OP047,East Pit,103.31,40.31,34.9,93.4,4.18,24.7,2.563,0
2025-11-18,TR004,OP010,Crusher,63.78,28.75,17.5,107.5,2.53,25.2,2.218,0
2025-07-01,TR006,OP025,South Pit,113.8,40.7,39.8,125.5,4.58,24.9,2.796,0
2025-07-03,TR022,OP047,West Pit,20.08,10.58,88.2,193.4,0.56,35.6,1.898,0
2025-11-08,TR002,OP047,South Pit,118.69,47.56,30.1,200.7,3.44,34.5,2.496,0
2025-12-15,TR002,OP044,East Pit,113.33,43.57,6.8,68.7,3.09,36.7,2.601,0
2025-07-25,TR025,OP018,North Pit,108.95,45.37,24.9,45.7,3.13,34.8,2.401,0
2025-10-21,TR005,OP001,West Pit,50.96,29.79,54.6,196.1,1.42,36.0,1.711,0
2025-08-16,TR010,OP041,Stockpile,71.2,44.27,41.2,236.3,2.65,26.9,1.608,0
2025-11-21,TR028,OP018,South Pit,23.09,11.34,36.2,212.0,0.84,27.6,2.036,0
2025-09-03,TR028,OP020,Stockpile,89.56,49.13,79.2,135.2,4.82,18.6,1.823,0
2025-08-02,TR014,OP041,Crusher,64.41,29.33,41.0,107.0,2.84,22.7,2.196,0
2025-08-05,TR030,OP026,Stockpile,69.25,26.91,43.1,65.9,2.44,28.4,2.573,0
2025-04-19,TR016,OP007,Crusher,47.85,17.63,10.4,113.4,1.67,28.6,2.714,0
2025-01-06,TR027,OP048,West Pit,87.73,31.38,86.2,173.8,4.03,21.8,2.796,0
2025-03-04,TR018,OP037,South Pit,106.51,37.75,53.7,98.1,5.63,18.9,2.821,0
2025-11-15,TR030,OP035,Stockpile,20.82,12.49,47.2,43.3,1.11,18.7,1.667,0
2025-09-04,TR003,OP050,North Pit,32.17,12.83,20.3,163.5,1.5,21.5,2.507,0
2025-07-23,TR009,OP002,Stockpile,76.34,40.25,58.5,179.3,3.2,23.8,1.897,0
2025-01-18,TR024,OP012,Crusher,39.14,20.2,5.0,222.8,1.65,23.7,1.938,0
2025-10-01,TR028,OP008,East Pit,71.33,61.47,62.6,181.1,3.88,18.4,1.16,1
2025-08-01,TR029,OP044,Stockpile,38.96,15.14,10.6,140.2,1.9,20.5,2.573,0
2025-07-30,TR019,OP033,West Pit,40.56,28.25,87.6,80.9,1.44,28.2,1.436,0
2025-06-07,TR006,OP008,West Pit,60.96,27.26,47.2,206.0,2.99,20.4,2.236,0
2025-08-12,TR006,OP014,Stockpile,61.46,28.77,68.1,211.5,2.38,25.8,2.136,0
2025-03-13,TR015,OP009,South Pit,71.79,35.34,45.9,166.9,3.54,20.3,2.031,0
2025-08-10,TR027,OP004,West Pit,39.25,13.4,6.0,164.6,1.61,24.4,2.929,0
2025-11-16,TR008,OP012,Crusher,82.57,38.67,37.7,115.2,3.56,23.2,2.135,0
2025-06-04,TR028,OP032,South Pit,94.71,34.49,35.3,80.3,4.04,23.5,2.746,0
2025-04-11,TR029,OP017,Stockpile,71.82,31.57,17.0,224.5,2.59,27.8,2.275,0
2025-01-14,TR029,OP010,East Pit,39.58,17.85,69.4,222.8,1.47,26.9,2.217,0
2025-02-10,TR005,OP018,West Pit,90.98,37.92,47.6,60.1,2.56,35.5,2.399,0
2025-09-04,TR023,OP050,West Pit,56.84,25.87,67.5,201.6,2.09,27.1,2.197,0
2025-04-10,TR029,OP006,Crusher,70.41,33.24,18.6,225.5,3.3,21.4,2.118,0
2025-09-02,TR028,OP042,North Pit,59.48,31.16,62.3,202.0,2.13,28.0,1.909,0
2025-06-14,TR023,OP009,North Pit,22.15,20.43,79.7,188.2,0.65,33.9,1.084,0
2025-05-16,TR018,OP036,North Pit,38.6,21.1,9.4,40.7,1.82,21.2,1.829,0
2025-07-26,TR004,OP024,East Pit,35.26,48.77,16.6,214.3,1.04,33.9,0.723,1
2025-08-16,TR030,OP017,Stockpile,70.5,32.22,79.0,222.1,2.1,33.6,2.188,0
2025-12-13,TR025,OP012,West Pit,51.65,23.07,60.5,57.3,1.38,37.3,2.239,0
2025-08-12,TR007,OP041,East Pit,91.26,33.09,22.3,78.6,2.7,33.8,2.758,0
2025-05-11,TR008,OP011,North Pit,37.92,37.31,74.4,85.3,1.75,21.6,1.016,1
2025-04-06,TR028,OP008,North Pit,43.12,17.64,14.4,211.3,1.61,26.7,2.444,0
2025-10-27,TR018,OP024,East Pit,106.88,42.01,61.3,68.5,4.34,24.6,2.544,0
2025-01-16,TR023,OP022,West Pit,58.15,27.11,86.6,193.2,2.22,26.2,2.145,0
2025-10-13,TR014,OP015,East Pit,57.88,24.87,9.4,132.7,1.53,37.9,2.327,0
2025-11-26,TR013,OP004,North Pit,48.39,24.23,69.4,194.6,1.38,35.1,1.997,0
2025-04-26,TR020,OP027,Crusher,48.81,21.77,49.1,102.6,2.55,19.1,2.242,0
2025-10-15,TR010,OP012,North Pit,115.36,53.85,23.3,164.6,3.26,35.4,2.142,0
2025-08-28,TR025,OP012,Crusher,32.13,13.49,68.2,40.6,0.88,36.3,2.382,0
2025-09-13,TR013,OP001,North Pit,115.14,102.54,29.5,197.2,5.08,22.7,1.123,1
2025-09-04,TR020,OP025,Crusher,26.29,19.37,52.4,71.6,0.99,26.5,1.357,0
2025-07-19,TR005,OP004,South Pit,66.7,33.28,6.1,189.6,1.78,37.5,2.004,0
2025-03-14,TR012,OP012,North Pit,34.58,17.86,87.9,124.5,0.99,34.9,1.936,0
2025-10-16,TR026,OP011,North Pit,21.84,8.68,32.7,112.0,0.61,35.8,2.516,0
2025-12-07,TR001,OP039,West Pit,26.66,21.84,72.8,180.0,0.94,28.5,1.221,0
2025-12-15,TR018,OP006,Crusher,76.44,46.47,67.2,167.8,2.09,36.6,1.645,0
2025-01-24,TR023,OP011,Crusher,20.7,9.64,36.8,177.1,0.62,33.6,2.147,0
2025-03-28,TR020,OP024,Crusher,55.89,28.14,84.9,201.2,2.52,22.2,1.986,0
2025-01-23,TR029,OP023,Crusher,33.55,17.29,86.3,236.9,1.2,27.9,1.94,0
2025-10-26,TR006,OP006,Crusher,61.54,36.29,20.6,167.6,2.57,23.9,1.696,0
2025-07-22,TR008,OP037,Crusher,19.25,13.29,56.9,54.8,0.56,34.1,1.448,0
2025-11-09,TR008,OP012,North Pit,24.38,12.59,79.5,114.3,0.87,28.1,1.936,0
2025-04-25,TR026,OP002,Crusher,19.24,34.03,58.0,218.3,0.57,33.8,0.565,1
2025-11-08,TR007,OP015,West Pit,115.71,48.17,35.0,233.0,3.06,37.8,2.402,0
2025-07-21,TR030,OP043,West Pit,21.66,11.74,71.3,52.2,1.12,19.4,1.845,0
2025-09-27,TR014,OP019,South Pit,59.32,35.37,62.3,212.0,1.68,35.2,1.677,0
2025-04-19,TR012,OP004,South Pit,72.83,29.26,63.7,138.1,2.09,34.9,2.489,0
2025-08-26,TR005,OP001,Crusher,39.17,16.0,40.0,218.2,1.24,31.5,2.448,0
2025-11-20,TR002,OP010,West Pit,112.91,51.88,65.6,112.4,3.96,28.5,2.176,0
2025-10-06,TR008,OP010,Crusher,9.75,11.28,78.3,60.5,0.4,24.3,0.864,0
2025-06-15,TR001,OP047,East Pit,74.55,39.4,73.2,117.9,2.81,26.6,1.892,0
2025-05-31,TR023,OP006,North Pit,113.21,60.99,76.9,68.3,3.67,30.8,1.856,0
2025-02-11,TR021,OP031,Stockpile,103.11,57.38,78.2,170.2,3.25,31.7,1.797,0
2025-10-12,TR018,OP040,Stockpile,69.93,32.99,50.6,205.1,1.94,36.0,2.12,0
2025-04-10,TR010,OP032,East Pit,83.02,30.44,15.7,138.7,2.74,30.4,2.727,0
2025-12-30,TR024,OP027,West Pit,99.08,52.01,62.3,42.4,3.85,25.7,1.905,0
2025-02-28,TR007,OP028,East Pit,23.33,15.68,58.5,127.2,0.66,35.4,1.488,0
2025-10-28,TR016,OP017,North Pit,60.19,28.01,71.6,235.1,3.24,18.6,2.149,0
2025-12-27,TR009,OP001,Crusher,61.04,31.11,83.8,178.0,2.06,29.6,1.962,0
2025-10-24,TR015,OP028,West Pit,50.54,21.94,18.5,44.0,2.61,19.4,2.304,0
2025-10-07,TR028,OP042,Crusher,27.01,26.06,82.2,127.0,1.18,23.0,1.036,0
2025-12-08,TR005,OP012,Crusher,86.49,39.68,51.6,65.0,2.65,32.6,2.18,0
2025-03-29,TR002,OP036,South Pit,104.48,60.96,86.7,167.5,3.5,29.9,1.714,0
2025-03-22,TR003,OP011,Stockpile,76.77,57.38,15.7,165.6,2.14,35.9,1.338,1
2025-03-17,TR002,OP010,East Pit,82.64,43.17,13.7,48.4,3.77,21.9,1.914,0
2025-09-20,TR020,OP006,Stockpile,71.36,37.95,83.7,210.3,2.29,31.2,1.88,0
2025-09-17,TR025,OP039,South Pit,40.16,15.93,49.5,46.4,1.67,24.1,2.521,0
2025-07-09,TR021,OP043,West Pit,84.45,41.01,58.8,139.6,2.24,37.7,2.059,0
2025-10-14,TR013,OP032,North Pit,64.08,29.23,75.7,211.7,3.24,19.8,2.192,0
2025-12-24,TR028,OP043,South Pit,58.53,31.58,84.7,148.9,3.11,18.8,1.853,0
2025-07-01,TR025,OP036,Crusher,115.4,59.34,38.3,135.8,6.07,19.0,1.945,0
2025-11-16,TR011,OP015,North Pit,16.81,14.82,81.8,64.1,0.88,19.0,1.134,0
2025-12-03,TR007,OP033,Stockpile,72.2,39.85,89.5,106.3,2.82,25.6,1.812,0
2025-05-25,TR021,OP004,South Pit,101.25,58.38,41.8,174.1,3.19,31.7,1.734,0
2025-06-08,TR016,OP013,West Pit,27.74,11.94,40.7,188.2,1.26,22.1,2.323,0
2025-01-31,TR010,OP003,East Pit,45.46,31.62,58.7,203.0,2.21,20.5,1.438,0
2025-08-06,TR017,OP019,Crusher,33.87,19.43,64.4,111.6,1.39,24.3,1.743,0
2025-05-13,TR002,OP013,North Pit,102.87,40.14,62.9,75.5,4.08,25.2,2.563,0
2025-01-23,TR002,OP007,South Pit,86.35,37.5,56.5,110.1,4.32,20.0,2.303,0
2025-07-29,TR020,OP037,Stockpile,53.75,27.12,76.6,52.5,1.8,29.9,1.982,0
2025-07-17,TR013,OP028,South Pit,107.24,44.26,54.4,174.9,4.88,22.0,2.423,0
2025-11-19,TR020,OP022,West Pit,52.67,22.91,13.1,193.6,1.69,31.1,2.299,0
2025-03-25,TR030,OP040,East Pit,91.55,36.21,72.5,238.7,2.9,31.6,2.528,0
2025-10-04,TR029,OP037,Stockpile,27.45,12.95,6.4,116.1,0.77,35.8,2.12,0
2025-02-14,TR021,OP036,South Pit,58.49,27.49,39.0,221.7,2.2,26.6,2.128,0
2025-09-15,TR016,OP016,East Pit,55.72,31.02,82.7,124.8,1.64,34.0,1.796,0
2025-05-13,TR003,OP012,Crusher,80.42,38.18,74.6,185.3,2.64,30.5,2.106,0
2025-10-05,TR020,OP028,East Pit,119.38,61.0,49.2,56.3,4.78,25.0,1.957,0
2025-08-06,TR030,OP030,Crusher,77.84,37.14,88.1,105.5,2.09,37.3,2.096,0
2025-04-30,TR017,OP006,South Pit,54.59,27.09,90.0,50.6,2.33,23.4,2.015,0
2025-11-05,TR008,OP022,West Pit,11.4,9.14,39.4,237.6,0.37,30.6,1.247,0
2025-10-10,TR016,OP049,Stockpile,62.07,30.49,87.1,221.0,1.86,33.4,2.036,0
2025-05-02,TR003,OP025,West Pit,55.42,35.36,39.0,139.2,2.73,20.3,1.567,0
2025-11-27,TR001,OP023,South Pit,114.62,54.51,74.1,198.1,4.14,27.7,2.103,0
2025-07-08,TR004,OP050,North Pit,54.6,32.32,55.0,84.7,1.88,29.0,1.689,0
2025-09-07,TR020,OP011,South Pit,54.69,21.16,8.8,229.4,2.77,19.8,2.585,0
2025-09-01,TR014,OP038,West Pit,77.69,37.28,55.7,50.5,2.83,27.5,2.084,0
2025-01-24,TR024,OP025,South Pit,110.75,69.21,70.1,123.8,3.57,31.0,1.6,0
2025-01-04,TR006,OP025,West Pit,23.44,14.21,53.1,121.2,1.02,22.9,1.65,0
2025-07-06,TR014,OP045,North Pit,11.91,13.92,73.3,212.5,0.54,22.2,0.856,0
2025-07-26,TR026,OP017,North Pit,85.66,38.03,30.3,188.6,3.34,25.6,2.252,0
2025-07-13,TR005,OP032,East Pit,69.82,36.64,14.5,218.2,3.19,21.9,1.906,0
2025-08-09,TR006,OP037,Crusher,74.1,38.06,86.8,56.1,3.78,19.6,1.947,0
2025-09-24,TR014,OP010,West Pit,84.24,32.03,67.7,77.1,2.42,34.8,2.63,0
2025-02-14,TR016,OP025,Crusher,105.57,57.33,70.5,236.2,4.5,23.4,1.841,0
2025-11-29,TR001,OP024,Crusher,23.41,10.35,24.8,232.8,0.92,25.5,2.262,0
2025-06-12,TR004,OP026,Crusher,76.97,109.06,86.9,117.6,4.27,18.0,0.706,1
2025-10-01,TR025,OP043,North Pit,91.05,36.9,16.9,169.1,3.0,30.4,2.467,0
2025-06-10,TR018,OP021,East Pit,94.89,40.98,79.9,93.3,4.57,20.7,2.316,0
2025-09-02,TR023,OP009,North Pit,27.55,19.81,67.3,189.9,1.11,24.7,1.391,0
2025-09-30,TR015,OP030,East Pit,59.43,33.01,83.4,179.5,2.05,29.0,1.8,0
2025-02-24,TR016,OP029,Crusher,38.3,23.33,81.6,164.1,1.74,22.0,1.642,0
2025-04-26,TR006,OP010,North Pit,75.15,26.98,32.0,69.1,3.56,21.1,2.785,0
2025-11-02,TR010,OP048,North Pit,87.13,34.49,83.5,194.7,4.61,18.9,2.526,0
2025-05-13,TR028,OP014,South Pit,76.45,32.86,45.8,186.4,2.2,34.7,2.327,0
2025-03-19,TR007,OP022,South Pit,76.47,29.14,64.5,90.8,3.06,25.0,2.624,0
2025-01-23,TR018,OP032,Stockpile,105.24,56.37,13.1,110.4,2.77,38.0,1.867,0
2025-02-21,TR014,OP017,South Pit,89.27,33.03,88.1,188.3,4.67,19.1,2.703,0
2025-04-01,TR029,OP012,West Pit,76.93,30.69,37.7,140.0,2.19,35.1,2.507,0
2025-02-05,TR014,OP041,Crusher,27.93,17.56,50.9,221.0,1.15,24.3,1.591,0
2025-08-27,TR025,OP010,Stockpile,20.9,8.84,18.4,153.0,0.6,34.6,2.364,0
2025-09-01,TR007,OP043,South Pit,36.1,17.52,35.5,237.9,1.17,31.0,2.061,0
2025-04-26,TR006,OP019,Crusher,39.1,26.4,63.8,118.2,1.31,29.8,1.481,0
2025-10-03,TR026,OP028,West Pit,55.13,24.93,70.3,170.1,1.53,36.0,2.211,0
2025-08-05,TR003,OP020,South Pit,56.45,28.32,42.1,65.6,2.82,20.0,1.993,0
2025-12-05,TR025,OP020,Crusher,47.6,24.95,39.0,215.6,2.0,23.8,1.908,0
2025-05-12,TR012,OP033,South Pit,36.72,19.49,81.1,99.0,1.17,31.4,1.884,0
2025-11-16,TR007,OP009,North Pit,79.23,27.77,44.0,125.5,2.42,32.8,2.853,0
2025-08-04,TR023,OP010,North Pit,20.54,10.87,13.7,177.6,0.56,36.4,1.89,0
2025-12-08,TR027,OP029,Crusher,13.55,15.0,58.2,55.8,0.49,27.9,0.903,0
2025-08-26,TR010,OP016,South Pit,55.95,25.12,35.7,179.6,2.37,23.6,2.227,0
2025-12-31,TR008,OP006,East Pit,42.86,15.25,27.1,201.2,1.7,25.2,2.81,0
2025-05-28,TR001,OP038,Crusher,81.4,49.24,53.8,207.0,3.54,23.0,1.653,0
2025-06-03,TR019,OP024,South Pit,35.2,17.96,37.5,168.9,1.31,26.8,1.96,0
2025-11-20,TR019,OP011,Crusher,102.34,47.47,6.7,78.2,4.47,22.9,2.156,0
2025-02-18,TR002,OP040,North Pit,42.13,16.94,47.9,74.7,2.22,19.0,2.487,0
2025-01-03,TR023,OP016,East Pit,74.17,30.2,41.7,158.6,2.22,33.5,2.456,0
2025-10-22,TR027,OP003,West Pit,92.91,44.8,49.8,58.8,2.89,32.1,2.074,0
2025-02-17,TR026,OP036,West Pit,118.58,49.61,78.9,57.1,4.53,26.2,2.39,0
2025-05-28,TR029,OP009,Crusher,52.34,23.31,59.7,44.9,2.1,24.9,2.245,0
2025-07-22,TR013,OP037,North Pit,52.52,26.82,20.5,203.6,1.71,30.7,1.958,0
2025-12-16,TR013,OP016,South Pit,51.88,26.44,58.6,136.8,1.71,30.3,1.962,0
2025-02-27,TR012,OP028,East Pit,37.83,17.63,60.1,170.6,1.56,24.2,2.146,0
2025-03-05,TR017,OP038,North Pit,11.24,11.99,71.1,121.7,0.5,22.5,0.937,0
2025-04-19,TR010,OP004,South Pit,90.85,40.5,28.1,139.8,2.69,33.8,2.243,0
2025-02-18,TR023,OP040,Crusher,87.7,37.2,13.8,229.6,3.01,29.1,2.358,0
2025-03-29,TR004,OP025,South Pit,18.78,12.0,24.1,94.9,0.73,25.7,1.565,0
2025-01-10,TR029,OP022,Crusher,93.41,96.49,77.7,139.9,2.67,35.0,0.968,1
2025-10-24,TR018,OP002,South Pit,76.83,46.67,81.1,135.2,2.59,29.7,1.646,0
2025-09-16,TR016,OP012,Stockpile,114.88,45.27,42.7,174.1,4.14,27.8,2.538,0
2025-04-04,TR017,OP050,Crusher,15.35,12.84,85.5,234.3,0.5,30.5,1.195,0
2025-08-25,TR002,OP009,Crusher,114.76,45.92,8.0,48.4,3.35,34.3,2.499,0
2025-06-16,TR021,OP025,West Pit,72.08,45.34,42.6,140.0,2.91,24.7,1.59,0
2025-05-31,TR017,OP014,Crusher,94.71,41.68,38.9,231.9,3.89,24.4,2.272,0
2025-11-13,TR005,OP022,West Pit,87.6,57.0,58.7,231.7,2.57,34.1,1.537,0
2025-02-22,TR017,OP050,Stockpile,25.8,20.67,89.8,117.4,0.78,33.2,1.248,0
2025-06-23,TR026,OP032,South Pit,55.7,30.88,55.5,57.2,1.91,29.1,1.804,0
2025-04-19,TR019,OP022,North Pit,72.73,29.34,82.0,172.1,2.43,29.9,2.479,0
2025-11-18,TR008,OP034,Stockpile,84.66,31.9,53.5,162.9,2.91,29.1,2.654,0
2025-02-02,TR012,OP008,East Pit,75.06,34.28,32.0,159.4,2.04,36.8,2.19,0
2025-08-12,TR022,OP042,East Pit,65.97,33.58,6.0,129.2,1.86,35.5,1.965,0
2025-08-01,TR010,OP003,South Pit,49.62,36.06,85.3,71.3,1.78,27.9,1.376,0
2025-10-22,TR027,OP040,Crusher,79.23,31.13,43.7,195.0,2.24,35.4,2.545,0
2025-08-03,TR014,OP018,East Pit,31.96,14.77,40.3,87.7,1.26,25.4,2.164,0
2025-05-23,TR022,OP009,South Pit,81.33,30.18,45.5,55.8,3.69,22.1,2.695,0
2025-05-14,TR011,OP016,Stockpile,38.76,19.65,45.2,168.9,1.32,29.3,1.973,0
2025-07-20,TR015,OP027,East Pit,13.71,8.02,21.1,174.9,0.76,18.1,1.709,0
2025-07-20,TR019,OP016,West Pit,40.14,18.14,46.8,218.7,1.29,31.2,2.213,0
2025-01-07,TR012,OP045,Stockpile,78.23,38.81,40.5,137.4,2.16,36.1,2.016,0
2025-08-25,TR011,OP046,Crusher,105.47,44.04,14.8,213.2,3.11,34.0,2.395,0
2025-09-05,TR022,OP029,West Pit,54.49,28.69,70.5,82.8,1.47,37.0,1.899,0
2025-07-08,TR024,OP009,West Pit,111.88,72.17,86.3,91.4,5.07,22.0,1.55,0
2025-01-08,TR010,OP014,North Pit,58.83,28.91,64.8,232.4,3.08,19.1,2.035,0
2025-09-23,TR027,OP044,Crusher,99.46,77.57,18.8,137.2,3.08,32.3,1.282,1
2025-09-30,TR007,OP018,Stockpile,95.2,43.2,82.7,210.4,5.24,18.2,2.204,0
2025-02-13,TR008,OP030,Stockpile,108.28,51.81,21.1,124.4,4.5,24.0,2.09,0
2025-12-29,TR009,OP023,East Pit,61.34,31.79,33.1,151.7,2.07,29.6,1.93,0
2025-05-13,TR006,OP032,West Pit,50.64,21.82,54.9,95.1,2.08,24.3,2.321,0
2025-12-16,TR030,OP001,North Pit,29.13,19.14,56.5,70.2,1.33,22.0,1.522,0
2025-11-14,TR023,OP021,North Pit,64.42,33.37,54.2,104.1,2.84,22.7,1.93,0
2025-08-18,TR018,OP005,Crusher,55.89,33.25,74.7,71.1,2.37,23.6,1.681,0
2025-10-20,TR005,OP018,West Pit,79.3,35.86,27.0,61.7,2.18,36.3,2.211,0
2025-10-14,TR017,OP045,Crusher,21.35,10.35,39.2,208.8,1.07,20.0,2.063,0
2025-04-23,TR012,OP022,South Pit,81.23,31.94,59.3,164.1,3.99,20.4,2.543,0
2025-03-26,TR023,OP014,East Pit,20.85,19.27,75.2,97.2,0.57,36.9,1.082,0
2025-05-13,TR020,OP030,West Pit,109.4,55.31,49.1,202.2,2.91,37.5,1.978,0
2025-06-18,TR029,OP047,Stockpile,99.01,54.15,71.4,129.5,3.29,30.0,1.828,0
2025-02-28,TR007,OP003,East Pit,24.2,13.3,26.3,71.8,0.93,26.0,1.82,0
2025-09-28,TR006,OP008,North Pit,55.01,28.96,54.4,125.4,1.48,37.2,1.9,0
2025-01-26,TR018,OP049,Crusher,19.25,10.28,40.3,48.4,0.93,20.7,1.873,0
2025-02-17,TR001,OP007,East Pit,88.65,45.13,22.8,189.2,3.04,29.2,1.964,0
2025-05-03,TR025,OP001,Stockpile,50.85,21.73,31.0,137.4,2.11,24.1,2.34,0
2025-04-16,TR016,OP046,West Pit,107.21,39.32,6.2,220.3,3.13,34.3,2.727,0
2025-11-19,TR002,OP036,East Pit,40.8,16.04,15.7,80.4,1.54,26.4,2.544,0
2025-03-04,TR015,OP008,North Pit,11.72,9.59,75.0,97.4,0.36,32.5,1.222,0
2025-04-01,TR014,OP050,Stockpile,102.74,47.81,89.2,111.5,3.93,26.2,2.149,0
2025-04-05,TR016,OP023,North Pit,86.86,49.03,85.8,81.7,2.87,30.3,1.772,0
2025-05-30,TR017,OP035,East Pit,21.73,12.09,27.6,161.2,0.61,35.3,1.797,0
2025-02-10,TR021,OP036,Stockpile,80.66,27.91,32.2,114.8,2.95,27.4,2.89,0
2025-05-19,TR015,OP024,Stockpile,53.93,30.48,48.8,93.6,1.42,37.9,1.769,0
2025-03-17,TR004,OP022,Stockpile,95.01,33.32,46.6,234.9,2.7,35.2,2.851,0
2025-03-27,TR027,OP038,West Pit,27.18,13.73,7.9,181.0,0.9,30.3,1.98,0
2025-08-15,TR015,OP013,East Pit,32.49,26.25,74.1,174.6,1.52,21.3,1.238,0
2025-03-05,TR018,OP005,East Pit,97.64,42.57,58.8,217.5,3.25,30.0,2.294,0
2025-12-16,TR027,OP032,Stockpile,65.32,37.65,57.4,235.7,1.86,35.2,1.735,0
2025-02-11,TR013,OP036,Crusher,40.38,20.49,27.1,182.3,1.99,20.3,1.971,0
2025-07-19,TR003,OP048,North Pit,64.85,42.99,50.7,127.9,2.9,22.4,1.508,0
2025-06-24,TR004,OP047,North Pit,23.83,13.51,38.7,198.6,1.19,20.0,1.764,0
2025-12-04,TR029,OP005,Crusher,70.84,28.86,14.6,137.1,2.11,33.6,2.455,0
2025-02-01,TR013,OP001,Crusher,117.67,36.51,9.2,173.1,4.51,26.1,3.223,0
2025-05-14,TR008,OP034,East Pit,53.57,19.06,14.1,203.7,2.49,21.5,2.811,0
2025-06-17,TR010,OP021,Stockpile,48.02,15.35,9.2,117.1,2.27,21.2,3.128,0
2025-09-17,TR003,OP021,Crusher,81.52,43.87,48.6,165.9,2.84,28.7,1.858,0
2025-03-06,TR020,OP046,Crusher,71.26,23.62,8.7,98.8,3.52,20.2,3.017,0
2025-05-05,TR019,OP036,South Pit,94.21,39.43,16.4,117.3,4.29,22.0,2.389,0
2025-04-29,TR003,OP016,Crusher,94.55,48.57,71.4,213.5,3.99,23.7,1.947,0
2025-07-06,TR013,OP015,Crusher,56.21,24.79,18.0,175.7,1.49,37.7,2.267,0
2025-04-06,TR023,OP028,North Pit,71.6,40.54,14.2,137.8,2.61,27.5,1.766,0
2025-02-24,TR020,OP044,South Pit,114.06,45.3,33.0,43.1,3.61,31.6,2.518,0
2025-01-11,TR015,OP001,Crusher,46.22,23.97,14.8,126.2,1.4,32.9,1.928,0
2025-10-08,TR025,OP050,Crusher,42.56,27.52,52.6,213.9,2.06,20.7,1.547,0
2025-11-18,TR018,OP008,North Pit,89.82,46.13,65.8,71.9,2.54,35.3,1.947,0
2025-04-06,TR008,OP043,Stockpile,34.0,20.03,50.9,149.4,1.0,34.1,1.697,0
2025-10-24,TR017,OP011,Stockpile,21.4,17.09,47.6,162.5,0.63,33.8,1.252,0
2025-06-21,TR002,OP003,Crusher,26.05,16.87,67.3,136.6,0.9,28.8,1.544,0
2025-05-14,TR029,OP028,Crusher,77.45,65.26,42.4,146.4,2.77,27.9,1.187,1
2025-12-22,TR029,OP032,Stockpile,74.93,35.41,56.7,132.5,2.46,30.4,2.116,0
2025-08-13,TR022,OP028,East Pit,21.61,14.84,45.3,123.6,0.62,34.8,1.456,0
2025-06-21,TR006,OP049,South Pit,110.6,52.98,45.8,157.5,4.24,26.1,2.088,0
2025-09-26,TR009,OP019,West Pit,98.78,46.99,60.9,83.9,3.49,28.3,2.102,0
2025-11-29,TR013,OP049,Stockpile,73.89,25.52,14.4,203.0,2.2,33.6,2.895,0
2025-09-25,TR010,OP033,Crusher,88.55,43.7,67.7,130.1,2.68,33.0,2.026,0
2025-11-05,TR017,OP022,West Pit,82.39,33.78,54.2,124.7,4.25,19.4,2.439,0
2025-12-18,TR020,OP024,South Pit,21.79,14.57,29.9,119.9,0.62,35.3,1.496,0
2025-07-03,TR024,OP034,South Pit,117.7,100.35,50.6,94.2,3.21,36.6,1.173,1
2025-08-02,TR012,OP011,East Pit,116.66,58.91,34.2,119.7,3.48,33.5,1.98,0
2025-02-19,TR013,OP015,South Pit,86.81,50.7,68.6,46.7,2.88,30.2,1.712,0
2025-02-10,TR010,OP035,Crusher,91.13,32.16,80.3,64.9,2.42,37.7,2.834,0
2025-03-09,TR013,OP006,East Pit,114.76,58.27,87.6,169.1,3.38,33.9,1.969,0
2025-08-02,TR004,OP038,Crusher,100.59,46.25,54.0,144.1,3.21,31.3,2.175,0
2025-06-04,TR030,OP020,West Pit,10.83,6.74,23.5,229.2,0.29,37.7,1.607,0
2025-12-05,TR016,OP015,Crusher,56.21,24.58,83.0,101.1,1.48,37.9,2.287,0
2025-06-09,TR009,OP032,East Pit,90.13,43.43,74.2,96.7,2.51,35.9,2.075,0
2025-10-30,TR030,OP014,North Pit,18.09,20.17,82.6,156.5,0.7,25.7,0.897,0
2025-10-08,TR016,OP015,Stockpile,116.03,47.87,81.9,141.4,3.07,37.8,2.424,0
2025-12-02,TR004,OP040,East Pit,65.68,22.47,8.6,161.2,3.06,21.5,2.923,0
2025-09-29,TR008,OP030,North Pit,24.2,12.53,53.6,62.5,0.78,31.0,1.931,0
2025-09-11,TR018,OP009,West Pit,105.17,46.97,53.2,174.6,3.44,30.6,2.239,0
2025-01-30,TR010,OP013,East Pit,67.37,35.87,74.9,202.8,2.05,32.8,1.878,0
2025-04-22,TR007,OP039,West Pit,83.81,36.99,67.9,204.3,2.48,33.8,2.266,0
2025-05-15,TR011,OP013,Crusher,38.89,22.88,87.2,158.3,1.46,26.7,1.7,0
2025-06-05,TR001,OP016,West Pit,65.08,30.15,82.1,141.3,2.53,25.7,2.159,0
2025-01-15,TR019,OP004,West Pit,94.08,35.56,54.6,239.3,4.76,19.7,2.646,0
2025-01-31,TR011,OP028,South Pit,110.01,38.13,48.0,200.9,3.71,29.7,2.885,0
2025-03-25,TR011,OP019,North Pit,10.01,9.46,88.5,154.6,0.3,33.9,1.058,0
2025-10-24,TR003,OP006,West Pit,70.5,40.06,34.4,170.8,2.31,30.5,1.76,0
2025-12-15,TR013,OP004,West Pit,70.03,41.55,82.3,149.3,2.16,32.4,1.685,0
2025-12-14,TR010,OP001,North Pit,90.69,43.22,55.1,209.7,3.34,27.1,2.098,0
2025-04-08,TR029,OP021,South Pit,47.56,18.63,20.0,169.1,2.28,20.9,2.553,0
2025-06-20,TR027,OP045,Crusher,14.39,7.65,36.5,173.3,0.47,30.9,1.881,0
2025-02-09,TR028,OP046,South Pit,45.37,18.62,17.6,205.3,1.78,25.5,2.437,0
2025-04-25,TR006,OP003,West Pit,61.27,31.17,37.8,74.0,2.47,24.8,1.966,0
2025-09-08,TR002,OP021,West Pit,23.99,11.22,9.2,190.6,1.1,21.7,2.138,0
2025-07-16,TR016,OP031,South Pit,104.24,39.31,86.7,191.3,4.83,21.6,2.652,0
2025-02-04,TR013,OP034,West Pit,91.01,40.39,7.4,213.2,3.02,30.1,2.253,0
2025-02-07,TR006,OP016,Stockpile,91.03,37.81,55.0,189.9,3.73,24.4,2.408,0
2025-12-01,TR027,OP003,North Pit,21.89,15.79,77.0,41.7,0.88,24.8,1.386,0
2025-03-24,TR016,OP021,South Pit,38.31,18.77,37.8,164.6,1.51,25.4,2.041,0
2025-08-17,TR030,OP018,North Pit,67.17,27.86,89.2,182.8,2.01,33.4,2.411,0
2025-08-25,TR009,OP039,South Pit,70.61,25.91,54.6,49.5,1.93,36.6,2.725,0
2025-09-10,TR002,OP012,West Pit,107.86,45.95,26.5,56.9,3.17,34.0,2.347,0
2025-07-19,TR015,OP026,South Pit,33.49,20.06,51.0,174.4,1.05,32.0,1.669,0
2025-07-21,TR001,OP027,North Pit,115.04,40.39,26.7,46.7,4.75,24.2,2.848,0
2025-04-11,TR024,OP043,West Pit,57.05,30.75,30.6,68.8,2.2,26.0,1.855,0
2025-05-12,TR013,OP004,Crusher,57.62,22.64,51.4,87.6,1.74,33.1,2.545,0
2025-12-07,TR021,OP011,Stockpile,39.91,18.76,38.2,77.7,1.57,25.4,2.127,0
2025-01-12,TR006,OP048,North Pit,118.46,66.09,32.9,115.8,3.33,35.6,1.792,0
2025-02-23,TR019,OP032,Crusher,104.03,52.08,5.2,231.2,2.94,35.4,1.998,0
2025-04-15,TR006,OP039,East Pit,46.2,17.12,21.2,87.5,1.48,31.2,2.699,0
2025-09-10,TR006,OP009,Stockpile,62.65,25.91,50.8,65.1,2.63,23.8,2.418,0
2025-01-22,TR015,OP009,West Pit,31.99,17.66,46.1,205.9,1.68,19.1,1.811,0
2025-06-13,TR030,OP035,North Pit,94.95,29.82,25.7,43.0,2.64,35.9,3.184,0
2025-10-09,TR023,OP005,West Pit,84.69,43.33,9.3,194.4,2.85,29.7,1.955,0
2025-02-18,TR003,OP044,Stockpile,10.95,16.94,85.6,238.1,0.56,19.7,0.646,0
2025-06-06,TR012,OP008,East Pit,8.76,5.4,14.0,55.4,0.27,32.8,1.622,0
2025-06-23,TR023,OP033,East Pit,78.79,51.76,72.3,213.8,2.46,32.0,1.522,0
2025-09-04,TR014,OP033,East Pit,10.18,8.1,72.7,173.5,0.29,35.6,1.257,0
2025-03-26,TR018,OP039,Crusher,9.45,6.95,32.0,82.2,0.33,28.3,1.36,0
2025-11-01,TR001,OP026,North Pit,45.44,25.36,51.5,44.3,2.24,20.3,1.792,0
2025-11-16,TR013,OP018,South Pit,103.43,35.6,41.0,111.2,2.84,36.4,2.905,0
2025-04-18,TR015,OP007,North Pit,73.51,30.1,25.9,186.9,3.5,21.0,2.442,0
2025-08-05,TR011,OP026,West Pit,61.68,23.41,42.3,78.4,1.9,32.5,2.635,0
2025-11-16,TR011,OP029,South Pit,30.23,13.97,87.7,115.7,1.0,30.3,2.164,0
2025-06-20,TR009,OP020,West Pit,27.03,12.02,28.4,155.2,1.06,25.6,2.249,0
2025-02-15,TR010,OP030,Stockpile,119.55,59.82,85.1,221.8,4.94,24.2,1.998,0
2025-07-26,TR029,OP009,Crusher,16.89,6.0,11.0,58.3,0.51,33.2,2.815,0
2025-07-12,TR030,OP033,West Pit,54.92,30.93,86.8,45.7,1.55,35.3,1.776,0
2025-12-05,TR021,OP029,North Pit,73.87,29.76,50.8,64.0,2.81,26.3,2.482,0
2025-10-11,TR002,OP030,North Pit,67.73,25.67,23.8,51.1,1.95,34.7,2.638,0
2025-02-16,TR027,OP043,Crusher,114.75,57.59,20.6,148.9,6.11,18.8,1.993,0
2025-09-28,TR001,OP007,South Pit,51.91,26.49,44.1,137.4,2.8,18.5,1.96,0
2025-10-01,TR013,OP009,West Pit,30.78,15.52,13.3,66.0,0.97,31.9,1.983,0
2025-08-30,TR009,OP010,North Pit,8.57,8.39,77.3,66.1,0.3,28.6,1.021,0
2025-08-04,TR012,OP046,South Pit,106.61,61.02,31.6,214.9,3.63,29.4,1.747,0
2025-07-26,TR007,OP004,North Pit,119.98,62.58,17.0,131.0,6.48,18.5,1.917,0
2025-06-27,TR030,OP024,North Pit,13.33,8.81,51.3,169.4,0.37,36.0,1.513,0
2025-03-22,TR006,OP010,South Pit,101.55,55.59,7.0,160.9,2.93,34.7,1.827,0
2025-10-16,TR018,OP050,South Pit,67.8,24.98,8.7,195.9,1.99,34.1,2.714,0
2025-03-29,TR013,OP016,South Pit,32.59,15.01,32.5,73.9,0.91,35.7,2.171,0
2025-08-07,TR014,OP036,West Pit,106.39,137.69,74.8,205.3,2.91,36.6,0.773,1
2025-01-04,TR013,OP043,West Pit,94.81,42.0,16.2,117.8,4.07,23.3,2.257,0
2025-05-12,TR026,OP046,North Pit,24.95,9.45,23.5,197.5,0.88,28.5,2.64,0
2025-06-13,TR015,OP013,Stockpile,57.72,21.74,32.1,40.4,1.65,35.0,2.655,0
2025-08-12,TR007,OP045,East Pit,15.1,18.37,78.5,177.2,0.66,22.8,0.822,0
2025-04-07,TR009,OP020,West Pit,88.5,38.72,8.0,73.5,2.35,37.7,2.286,0
2025-08-12,TR008,OP020,West Pit,16.37,8.24,27.7,122.9,0.74,22.2,1.987,0
2025-03-29,TR020,OP030,East Pit,42.42,27.38,56.5,114.6,1.84,23.0,1.549,0
2025-09-27,TR012,OP041,East Pit,98.24,51.52,39.8,92.7,4.79,20.5,1.907,0
2025-08-22,TR003,OP038,Stockpile,16.37,13.77,78.1,226.4,0.63,26.1,1.189,0
2025-10-23,TR021,OP030,Crusher,38.39,25.7,51.3,214.4,1.18,32.5,1.494,0
2025-02-27,TR006,OP046,North Pit,57.08,25.21,9.9,102.9,1.53,37.3,2.264,0
2025-06-28,TR030,OP030,East Pit,48.6,17.17,8.5,45.6,2.14,22.8,2.831,0
2025-03-28,TR003,OP031,North Pit,80.87,29.18,60.3,92.1,3.84,21.1,2.771,0
2025-11-20,TR025,OP019,North Pit,71.36,22.86,18.9,153.9,2.68,26.7,3.122,0
2025-09-30,TR030,OP005,Crusher,69.26,34.21,41.4,65.5,3.52,19.7,2.025,0
2025-11-13,TR029,OP010,East Pit,101.32,50.41,56.1,45.1,3.22,31.4,2.01,0
2025-05-25,TR013,OP024,West Pit,36.83,17.59,87.4,69.0,1.37,26.9,2.094,0
2025-01-21,TR013,OP030,North Pit,19.49,15.9,79.1,127.6,0.56,34.5,1.226,0
2025-10-08,TR016,OP014,North Pit,66.37,23.51,26.1,195.6,1.92,34.5,2.823,0
2025-09-19,TR012,OP017,Crusher,58.7,22.81,60.0,141.9,1.97,29.8,2.573,0
2025-03-07,TR001,OP023,South Pit,33.91,16.56,79.9,223.3,1.38,24.7,2.048,0
2025-03-11,TR002,OP023,Crusher,85.12,33.16,68.7,176.5,3.93,21.7,2.567,0
2025-05-20,TR016,OP004,Crusher,46.37,23.95,88.0,157.4,1.76,26.4,1.936,0
2025-10-12,TR021,OP042,North Pit,17.72,10.55,54.4,185.4,0.63,28.0,1.68,0
2025-08-15,TR017,OP020,West Pit,15.92,18.75,86.5,111.4,0.43,37.3,0.849,0
2025-06-19,TR010,OP028,West Pit,34.94,26.97,64.9,101.3,0.98,35.7,1.296,0
2025-08-01,TR030,OP002,West Pit,50.1,21.79,48.3,148.0,1.69,29.6,2.299,0
2025-04-11,TR001,OP005,West Pit,112.4,54.8,70.5,174.0,3.12,36.1,2.051,0
2025-04-19,TR016,OP012,Stockpile,9.95,9.74,82.0,188.8,0.32,30.8,1.022,0
2025-12-26,TR020,OP041,South Pit,94.39,52.8,47.9,80.7,3.85,24.5,1.788,0
2025-12-29,TR030,OP041,South Pit,69.3,35.56,12.5,108.5,3.05,22.7,1.949,0
2025-12-20,TR013,OP030,South Pit,22.36,16.9,62.4,128.0,0.82,27.2,1.323,0
2025-05-23,TR003,OP019,South Pit,78.04,33.69,70.5,107.9,3.28,23.8,2.316,0
2025-12-23,TR024,OP019,North Pit,24.98,9.7,37.0,214.8,1.24,20.1,2.575,0
2025-08-22,TR009,OP015,Stockpile,68.17,29.49,66.7,207.8,3.08,22.2,2.312,0
2025-02-17,TR025,OP049,North Pit,67.12,34.82,9.1,84.4,1.83,36.6,1.928,0
2025-03-02,TR019,OP005,West Pit,76.7,44.09,86.1,145.6,2.38,32.2,1.74,0
2025-05-26,TR024,OP002,North Pit,27.7,35.44,87.3,73.1,1.46,19.0,0.782,1
2025-03-05,TR015,OP048,Stockpile,42.48,19.89,26.1,55.0,1.13,37.7,2.136,0
2025-05-02,TR014,OP018,Stockpile,34.18,21.57,50.5,115.7,1.26,27.2,1.585,0
2025-01-06,TR002,OP027,Crusher,17.63,15.27,56.9,90.8,0.94,18.8,1.155,0
2025-03-11,TR012,OP045,Crusher,72.97,33.12,77.2,117.7,2.51,29.1,2.203,0
2025-03-28,TR016,OP020,Stockpile,119.6,59.02,30.6,230.6,3.57,33.5,2.026,0
2025-04-02,TR009,OP023,South Pit,24.79,16.03,66.4,135.9,0.79,31.4,1.546,0
2025-03-14,TR019,OP008,West Pit,94.45,53.29,26.1,90.8,2.73,34.7,1.772,0
2025-08-29,TR030,OP048,South Pit,18.21,15.11,60.6,143.6,0.51,35.8,1.205,0
2025-10-18,TR021,OP033,North Pit,66.2,40.94,74.2,82.2,2.74,24.2,1.617,0
2025-08-19,TR011,OP006,West Pit,117.04,43.01,6.0,219.2,3.44,34.0,2.721,0
2025-03-06,TR027,OP041,North Pit,24.13,9.87,8.1,50.6,0.92,26.2,2.445,0
2025-10-07,TR024,OP049,Crusher,66.01,29.59,57.0,49.2,2.42,27.3,2.231,0
2025-05-16,TR027,OP016,Stockpile,41.48,17.19,33.5,221.8,1.28,32.4,2.413,0
2025-06-12,TR019,OP036,West Pit,63.78,35.62,41.9,154.5,1.95,32.7,1.791,0
2025-12-05,TR019,OP042,South Pit,95.53,43.93,43.0,147.3,2.77,34.5,2.175,0
2025-04-24,TR018,OP016,East Pit,116.09,45.09,39.1,71.3,3.67,31.6,2.575,0
2025-05-20,TR007,OP015,East Pit,68.42,22.99,15.4,219.1,2.06,33.3,2.976,0
2025-06-15,TR026,OP015,West Pit,8.82,3.04,6.0,157.7,0.28,32.0,2.901,0
2025-02-27,TR018,OP046,East Pit,93.41,31.73,47.0,96.4,3.26,28.6,2.944,0
2025-07-14,TR027,OP048,East Pit,49.85,29.99,78.4,74.3,2.64,18.9,1.662,0
2025-11-21,TR030,OP030,North Pit,88.62,43.17,49.9,54.2,2.76,32.1,2.053,0
2025-07-01,TR004,OP017,West Pit,35.04,12.06,21.5,177.2,0.96,36.4,2.905,0
2025-03-01,TR002,OP025,Stockpile,55.76,33.57,78.1,99.0,1.86,30.0,1.661,0
2025-01-27,TR029,OP030,East Pit,23.09,19.37,70.2,158.2,0.92,25.0,1.192,0
2025-12-11,TR002,OP025,North Pit,96.04,44.48,49.3,221.7,4.88,19.7,2.159,0
2025-07-20,TR012,OP019,North Pit,22.4,12.79,85.9,49.2,1.0,22.5,1.751,0
2025-12-12,TR018,OP018,North Pit,22.25,13.88,44.2,48.1,1.12,19.9,1.603,0
2025-03-27,TR001,OP050,Crusher,89.04,59.04,76.5,233.9,3.57,25.0,1.508,0
2025-03-18,TR004,OP046,South Pit,117.33,54.55,49.3,121.2,3.14,37.4,2.151,0
2025-09-22,TR002,OP018,North Pit,16.29,9.85,48.7,89.1,0.54,30.0,1.654,0
2025-04-04,TR030,OP007,South Pit,13.4,15.48,65.8,220.8,0.52,25.6,0.866,0
2025-08-05,TR030,OP026,East Pit,74.12,37.34,63.7,80.5,2.59,28.7,1.985,0
2025-09-06,TR022,OP008,Stockpile,12.2,5.1,19.6,124.6,0.45,27.0,2.392,0
2025-04-16,TR015,OP049,South Pit,49.71,27.28,85.5,84.4,1.33,37.4,1.822,0
2025-05-05,TR025,OP007,Crusher,58.43,25.05,14.2,196.5,3.12,18.7,2.333,0
2025-03-06,TR004,OP031,South Pit,73.62,30.56,55.2,101.0,2.07,35.6,2.409,0
2025-02-19,TR004,OP045,North Pit,76.15,30.04,63.7,166.9,3.02,25.2,2.535,0
2025-12-14,TR008,OP017,North Pit,107.39,38.69,47.5,102.2,4.52,23.8,2.776,0
2025-06-30,TR030,OP018,Crusher,22.6,10.96,18.8,86.1,0.68,33.1,2.062,0
2025-02-20,TR030,OP036,Stockpile,55.85,20.83,27.1,221.7,2.86,19.5,2.681,0
2025-01-03,TR020,OP040,East Pit,79.32,29.67,33.0,50.9,3.42,23.2,2.673,0
2025-07-27,TR007,OP022,Crusher,12.39,14.4,43.8,198.8,0.36,34.1,0.86,1
2025-03-31,TR026,OP017,South Pit,104.46,41.28,36.1,133.4,4.5,23.2,2.531,0
2025-11-19,TR029,OP046,East Pit,41.73,34.32,8.9,221.2,1.35,30.9,1.216,1
2025-08-14,TR026,OP029,South Pit,28.56,13.81,38.9,40.5,1.16,24.6,2.068,0
2025-07-09,TR011,OP024,Crusher,101.44,32.14,15.6,120.3,3.86,26.3,3.156,0
2025-12-23,TR010,OP013,Stockpile,44.37,28.17,36.5,221.7,1.64,27.0,1.575,0
2025-03-02,TR011,OP013,North Pit,53.4,25.67,62.6,213.4,1.83,29.1,2.08,0
2025-01-22,TR025,OP042,South Pit,91.81,53.2,60.1,42.8,5.01,18.3,1.726,0
2025-03-15,TR002,OP033,Stockpile,104.32,35.13,28.0,99.3,3.33,31.3,2.97,0
2025-02-03,TR008,OP029,South Pit,59.0,23.74,13.2,119.3,2.54,23.2,2.485,0
2025-07-19,TR028,OP027,Crusher,12.37,4.87,8.5,86.7,0.47,26.0,2.54,0
2025-06-19,TR007,OP006,Crusher,114.3,51.66,78.9,45.9,4.78,23.9,2.213,0
2025-07-13,TR026,OP041,South Pit,26.19,9.05,15.0,182.8,0.99,26.5,2.894,0
2025-10-28,TR021,OP002,North Pit,105.12,57.28,39.2,126.6,5.45,19.3,1.835,0
2025-07-26,TR025,OP029,Crusher,69.39,37.1,60.4,204.4,3.11,22.3,1.87,0
2025-03-04,TR013,OP032,West Pit,10.34,4.38,9.2,56.1,0.27,37.8,2.361,0
2025-01-14,TR026,OP003,North Pit,66.02,36.09,45.5,129.3,3.51,18.8,1.829,0
2025-07-29,TR004,OP025,Crusher,55.92,24.32,6.7,52.4,1.52,36.9,2.299,0
2025-01-30,TR021,OP024,Stockpile,79.49,30.22,60.9,90.5,3.18,25.0,2.63,0
2025-05-03,TR027,OP036,South Pit,82.83,41.42,82.5,166.9,2.45,33.8,2.0,0
2025-07-28,TR017,OP023,Stockpile,105.3,46.06,86.4,82.1,3.15,33.4,2.286,0
2025-06-21,TR003,OP037,Stockpile,68.88,29.31,9.2,233.6,2.22,31.0,2.35,0
2025-11-03,TR010,OP040,North Pit,26.89,19.04,81.4,154.4,1.28,21.0,1.412,0
2025-02-23,TR003,OP045,East Pit,112.68,45.34,55.9,169.5,4.61,24.5,2.485,0
2025-10-15,TR010,OP029,South Pit,45.95,19.52,69.9,156.0,2.0,23.0,2.354,0
2025-11-06,TR020,OP036,South Pit,52.07,23.39,76.2,60.6,2.41,21.6,2.226,0
2025-06-08,TR019,OP031,Stockpile,94.31,36.61,29.2,230.4,2.68,35.1,2.576,0
2025-06-03,TR011,OP012,West Pit,104.14,54.91,74.7,206.0,4.74,22.0,1.897,0
2025-05-24,TR022,OP015,North Pit,81.23,45.11,30.2,77.8,2.18,37.2,1.801,0
2025-01-10,TR024,OP039,South Pit,10.66,8.6,31.4,86.1,0.41,26.3,1.24,0
2025-06-30,TR001,OP014,Stockpile,108.5,45.68,16.0,65.1,4.41,24.6,2.375,0
2025-08-12,TR023,OP041,Crusher,69.45,30.31,28.2,61.8,3.38,20.6,2.291,0
2025-03-31,TR014,OP024,North Pit,112.29,47.93,56.2,154.2,5.78,19.4,2.343,0
2025-04-04,TR008,OP031,South Pit,18.54,16.08,75.5,203.8,0.61,30.4,1.153,0
2025-04-28,TR030,OP033,East Pit,101.66,33.91,17.7,56.3,3.93,25.9,2.998,0
2025-10-05,TR021,OP022,East Pit,80.55,34.76,81.9,214.0,2.34,34.4,2.317,0
2025-12-30,TR012,OP014,Crusher,82.43,27.69,22.9,205.3,4.5,18.3,2.977,0
2025-01-05,TR017,OP012,West Pit,22.85,15.37,42.7,115.5,0.75,30.6,1.487,0
2025-01-03,TR011,OP029,West Pit,51.12,28.05,13.7,147.1,2.6,19.7,1.822,0
2025-06-01,TR020,OP007,South Pit,64.56,34.52,52.4,105.5,3.39,19.0,1.87,0
2025-04-17,TR014,OP047,North Pit,44.39,17.9,47.4,90.3,1.18,37.7,2.48,0
2025-08-22,TR023,OP031,West Pit,10.87,8.56,61.6,186.3,0.37,29.0,1.27,0
2025-04-17,TR016,OP022,South Pit,96.71,48.09,34.0,50.0,2.6,37.2,2.011,0
2025-04-28,TR016,OP042,Stockpile,51.57,34.36,59.4,192.2,1.47,35.1,1.501,0
2025-06-04,TR021,OP018,North Pit,100.64,46.48,89.4,78.3,2.79,36.0,2.165,0
2025-05-17,TR002,OP032,North Pit,66.45,22.92,20.6,45.0,3.27,20.3,2.899,0
2025-08-15,TR004,OP023,West Pit,59.06,33.02,64.3,212.3,3.24,18.2,1.789,0
2025-05-23,TR003,OP031,South Pit,65.52,27.81,47.6,146.8,2.06,31.7,2.356,0
2025-02-27,TR001,OP032,Stockpile,118.49,45.8,73.1,92.8,4.97,23.8,2.587,0
2025-09-06,TR019,OP034,Crusher,34.18,19.3,8.3,64.8,1.17,29.1,1.771,0
2025-04-12,TR003,OP035,East Pit,14.53,16.07,88.8,95.9,0.42,34.8,0.904,0
2025-12-06,TR021,OP007,East Pit,93.62,40.51,14.7,47.4,3.8,24.6,2.311,0
2025-05-14,TR009,OP030,East Pit,43.68,26.43,86.9,179.1,1.32,33.0,1.653,0
2025-12-06,TR017,OP036,East Pit,58.55,29.46,37.3,104.3,2.52,23.2,1.987,0
2025-01-18,TR007,OP049,Stockpile,57.11,31.17,46.8,182.7,1.52,37.6,1.832,0
2025-03-22,TR006,OP019,North Pit,105.08,50.34,57.1,127.0,3.77,27.8,2.087,0
2025-11-28,TR001,OP035,South Pit,31.19,17.56,49.2,160.5,1.32,23.6,1.776,0
2025-07-20,TR004,OP027,South Pit,17.68,9.73,40.0,77.2,0.55,32.3,1.817,0
2025-09-04,TR005,OP020,West Pit,17.03,17.18,85.0,219.9,0.5,33.8,0.991,0
2025-06-13,TR009,OP030,North Pit,31.0,14.33,40.9,223.9,1.69,18.3,2.163,0
2025-03-27,TR006,OP003,Stockpile,8.74,6.14,29.2,142.1,0.27,33.0,1.423,0
2025-03-24,TR027,OP007,Stockpile,78.93,31.45,84.5,69.2,2.76,28.6,2.51,0
2025-05-21,TR021,OP005,East Pit,35.89,29.2,84.8,204.6,0.97,37.0,1.229,0
2025-09-04,TR006,OP023,South Pit,82.69,47.88,65.5,142.9,2.38,34.8,1.727,0
2025-06-05,TR014,OP029,Crusher,74.45,39.69,32.1,187.3,2.32,32.0,1.876,0
2025-11-07,TR030,OP046,East Pit,29.49,17.57,45.6,194.3,1.05,28.0,1.678,0
2025-06-15,TR008,OP004,East Pit,98.87,37.13,55.8,238.4,2.65,37.4,2.663,0
2025-09-10,TR001,OP036,South Pit,56.1,22.58,7.6,124.9,3.04,18.5,2.484,0
2025-10-31,TR002,OP030,Crusher,70.94,25.01,37.8,182.1,2.4,29.6,2.836,0
2025-03-30,TR010,OP031,Stockpile,36.74,17.96,25.9,196.0,1.16,31.5,2.046,0
2025-05-20,TR017,OP023,South Pit,85.71,51.38,43.1,46.2,2.54,33.8,1.668,0
2025-11-12,TR019,OP030,West Pit,21.61,8.92,8.8,54.9,1.11,19.5,2.423,0
2025-05-10,TR021,OP041,Stockpile,67.38,31.17,67.1,45.2,3.33,20.3,2.162,0
2025-09-27,TR002,OP020,West Pit,44.79,30.37,78.8,102.6,1.86,24.1,1.475,0
2025-12-02,TR020,OP038,West Pit,100.95,36.15,41.1,221.3,3.43,29.5,2.793,0
2025-05-23,TR012,OP008,Stockpile,34.82,26.48,79.4,153.7,1.12,31.1,1.315,0
2025-06-04,TR014,OP032,South Pit,54.4,19.19,35.9,209.7,2.14,25.4,2.835,0
2025-08-12,TR002,OP027,North Pit,75.48,43.12,85.2,211.4,4.02,18.8,1.75,0
2025-08-08,TR018,OP021,West Pit,88.95,36.42,19.1,176.5,2.58,34.5,2.442,0
2025-09-21,TR025,OP023,North Pit,40.73,27.05,46.5,133.9,2.01,20.3,1.506,0
2025-03-10,TR027,OP001,Stockpile,118.95,43.37,63.9,112.7,4.79,24.8,2.743,0
2025-09-24,TR024,OP030,Stockpile,77.96,44.75,69.9,159.1,2.13,36.5,1.742,0
2025-08-14,TR007,OP025,Stockpile,69.47,40.45,57.7,42.1,3.76,18.5,1.717,0
2025-05-20,TR018,OP004,Stockpile,49.65,30.3,82.5,209.9,2.14,23.2,1.639,0
2025-02-27,TR027,OP029,West Pit,85.16,42.85,49.0,56.5,4.7,18.1,1.987,0
2025-02-11,TR027,OP010,West Pit,27.66,12.75,24.3,155.2,1.0,27.6,2.169,0
2025-06-02,TR022,OP024,South Pit,51.2,29.17,27.5,134.3,2.33,21.9,1.755,0
2025-08-30,TR013,OP027,Stockpile,38.39,14.44,37.7,211.0,1.81,21.2,2.659,0
2025-01-10,TR026,OP043,North Pit,90.2,42.8,27.2,196.3,4.73,19.1,2.107,0
2025-07-20,TR018,OP024,North Pit,35.13,19.4,59.1,51.1,1.15,30.6,1.811,0
2025-10-18,TR017,OP031,Stockpile,42.6,20.19,51.1,147.4,1.22,34.8,2.11,0
2025-07-31,TR025,OP001,West Pit,49.31,25.37,57.5,158.7,2.19,22.5,1.944,0
2025-11-25,TR029,OP024,Crusher,13.78,6.81,40.2,68.6,0.66,21.0,2.023,0
2025-10-30,TR010,OP005,Stockpile,52.03,18.95,16.6,177.4,2.67,19.5,2.746,0
2025-09-25,TR005,OP039,West Pit,21.66,12.63,82.4,101.1,0.84,25.8,1.715,0
2025-11-13,TR013,OP014,West Pit,49.69,28.82,74.4,133.1,1.49,33.4,1.724,0
2025-08-12,TR010,OP006,West Pit,87.24,30.59,39.6,101.7,3.41,25.6,2.852,0
2025-08-10,TR022,OP016,South Pit,38.0,14.63,22.9,89.7,1.95,19.4,2.597,0
2025-09-13,TR008,OP001,Stockpile,56.86,35.69,70.6,148.2,1.62,35.2,1.593,0
2025-09-29,TR018,OP002,North Pit,43.75,36.87,45.8,146.3,2.1,20.9,1.187,1
2025-07-31,TR002,OP047,South Pit,76.91,37.15,51.3,136.4,2.07,37.1,2.07,0
2025-09-07,TR029,OP042,West Pit,105.09,36.0,56.2,196.6,3.15,33.4,2.919,0
2025-04-20,TR002,OP018,Crusher,53.12,29.85,26.2,188.1,1.86,28.6,1.78,0
2025-07-04,TR014,OP021,East Pit,66.67,39.99,81.2,124.3,1.78,37.4,1.667,0
2025-11-01,TR028,OP019,East Pit,106.35,59.27,19.1,145.1,3.01,35.3,1.794,0
2025-08-02,TR022,OP024,West Pit,85.02,52.16,50.9,210.1,4.37,19.5,1.63,0
2025-12-07,TR021,OP043,Stockpile,59.06,30.48,81.6,207.3,1.93,30.6,1.938,0
2025-07-18,TR022,OP002,East Pit,76.55,45.79,86.6,232.4,2.31,33.2,1.672,0
2025-09-10,TR020,OP016,South Pit,62.68,26.52,34.9,226.2,2.09,29.9,2.363,0
2025-07-04,TR026,OP034,North Pit,61.44,32.1,42.9,126.5,1.9,32.3,1.914,0
2025-06-21,TR019,OP041,South Pit,45.27,17.68,35.5,83.4,2.26,20.0,2.561,0
2025-05-15,TR024,OP039,North Pit,28.42,13.02,38.3,67.5,0.91,31.3,2.183,0
2025-06-01,TR030,OP045,North Pit,45.29,39.4,72.8,100.1,1.57,28.8,1.149,1
2025-09-15,TR001,OP015,West Pit,97.7,42.18,42.9,227.9,3.88,25.2,2.316,0
2025-03-21,TR021,OP031,North Pit,26.71,15.15,22.1,63.9,1.32,20.2,1.763,0
2025-01-30,TR026,OP026,Stockpile,118.21,68.75,81.0,81.0,4.08,29.0,1.719,0
2025-10-14,TR008,OP018,Crusher,93.23,33.9,29.5,165.4,2.99,31.2,2.75,0
2025-06-17,TR026,OP003,East Pit,36.84,17.06,45.7,225.6,1.6,23.0,2.159,0
2025-12-28,TR030,OP016,West Pit,44.95,24.34,13.1,121.2,1.56,28.9,1.847,0
2025-07-18,TR030,OP017,Stockpile,15.17,13.56,88.7,91.5,0.53,28.9,1.119,0
2025-03-15,TR007,OP024,North Pit,109.55,43.56,82.8,211.0,3.72,29.5,2.515,0
2025-11-03,TR012,OP030,West Pit,108.2,61.21,46.7,96.4,5.08,21.3,1.768,0
2025-09-23,TR011,OP031,North Pit,52.17,28.26,15.9,99.9,1.46,35.7,1.846,0
2025-05-30,TR022,OP037,East Pit,76.2,35.64,78.3,185.9,2.58,29.6,2.138,0
2025-05-17,TR024,OP032,North Pit,95.37,50.35,61.8,198.3,3.46,27.6,1.894,0
2025-06-15,TR009,OP017,North Pit,35.62,14.2,18.6,163.9,1.82,19.6,2.508,0
2025-06-26,TR008,OP029,South Pit,18.29,8.16,39.9,87.4,0.53,34.2,2.241,0
2025-07-03,TR026,OP036,East Pit,36.82,16.95,21.5,111.7,1.86,19.8,2.172,0
2025-03-06,TR028,OP030,Stockpile,81.4,47.37,76.2,167.1,2.65,30.8,1.718,0
2025-11-19,TR012,OP035,West Pit,76.13,38.4,72.4,152.8,2.38,32.0,1.983,0
2025-09-09,TR011,OP014,North Pit,24.68,8.51,8.2,224.9,1.22,20.2,2.9,0
2025-09-13,TR008,OP049,South Pit,63.42,54.65,70.2,100.0,3.39,18.7,1.16,1
2025-05-20,TR017,OP007,West Pit,36.25,23.38,75.1,59.7,1.01,36.0,1.55,0
2025-06-30,TR001,OP011,East Pit,100.96,44.81,34.1,233.1,3.16,31.9,2.253,0
2025-12-30,TR023,OP004,South Pit,18.45,7.61,13.7,58.8,0.5,36.9,2.424,0
2025-04-09,TR018,OP019,West Pit,51.06,25.85,54.6,232.3,2.52,20.3,1.975,0
2025-11-27,TR001,OP009,East Pit,111.22,51.28,60.6,141.9,3.25,34.2,2.169,0
2025-12-24,TR028,OP006,West Pit,83.01,47.29,31.7,218.9,2.64,31.4,1.755,0
2025-03-30,TR009,OP019,West Pit,111.35,39.02,55.7,225.4,2.94,37.8,2.854,0
2025-05-18,TR019,OP039,East Pit,88.86,51.79,83.6,54.2,2.43,36.6,1.716,0
2025-12-17,TR025,OP043,Stockpile,116.54,47.01,7.0,46.1,4.48,26.0,2.479,0
2025-05-10,TR005,OP020,Stockpile,13.54,6.14,5.5,64.1,0.47,28.6,2.205,0
2025-05-25,TR012,OP025,South Pit,59.38,27.18,17.6,104.4,2.49,23.8,2.185,0
2025-05-11,TR012,OP011,Crusher,32.13,17.0,10.5,78.6,0.85,37.7,1.89,0
2025-03-28,TR021,OP025,South Pit,96.51,90.63,20.2,103.2,3.15,30.6,1.065,1
2025-03-01,TR027,OP019,East Pit,53.42,32.72,55.2,117.0,2.08,25.7,1.633,0
2025-11-12,TR007,OP023,Crusher,65.01,29.84,9.4,150.3,3.57,18.2,2.179,0
2025-07-04,TR027,OP031,East Pit,104.19,34.32,14.9,177.6,3.03,34.3,3.036,0
2025-12-05,TR026,OP050,West Pit,11.75,8.26,45.5,88.1,0.45,26.0,1.423,0
2025-02-27,TR010,OP030,North Pit,118.99,49.72,61.4,156.4,5.45,21.8,2.393,0
2025-12-04,TR026,OP031,Crusher,78.06,33.78,5.3,196.5,3.01,26.0,2.311,0
2025-04-06,TR026,OP011,Crusher,19.41,9.22,5.2,202.4,0.65,30.0,2.105,0
2025-09-05,TR002,OP001,Stockpile,21.49,16.21,51.6,75.8,1.12,19.1,1.326,0
2025-10-03,TR022,OP029,South Pit,16.95,7.37,20.1,76.9,0.63,26.7,2.3,0
2025-04-03,TR028,OP034,West Pit,53.43,22.27,57.0,107.2,1.5,35.6,2.399,0
2025-02-22,TR018,OP021,East Pit,41.73,20.08,17.0,66.1,1.93,21.7,2.078,0
2025-01-26,TR013,OP028,North Pit,43.11,26.19,88.2,184.2,1.96,22.0,1.646,0
2025-01-18,TR024,OP031,Stockpile,20.9,12.48,38.9,102.6,0.62,33.6,1.675,0
2025-08-31,TR028,OP006,Stockpile,109.02,34.4,22.6,63.1,3.04,35.9,3.169,0
2025-11-24,TR013,OP021,North Pit,104.13,34.43,7.5,94.1,3.32,31.3,3.024,0
2025-08-13,TR021,OP046,West Pit,35.31,23.18,35.8,52.1,1.12,31.5,1.523,0
2025-03-02,TR008,OP027,Crusher,110.16,63.69,37.4,60.2,2.98,36.9,1.73,0
2025-05-24,TR025,OP040,Stockpile,45.12,21.42,57.8,126.3,1.79,25.2,2.106,0
2025-02-08,TR010,OP042,East Pit,28.48,19.27,55.9,213.0,1.04,27.3,1.478,0
2025-10-05,TR007,OP010,West Pit,25.46,11.47,13.3,95.3,0.95,26.8,2.22,0
2025-07-30,TR011,OP026,North Pit,9.87,8.07,28.3,108.9,0.42,23.6,1.223,0
2025-11-02,TR027,OP042,East Pit,82.7,32.22,22.1,220.9,2.54,32.5,2.567,0
2025-06-30,TR026,OP024,Stockpile,57.33,20.65,22.0,194.3,1.67,34.4,2.776,0
2025-08-04,TR011,OP002,Crusher,85.02,30.75,18.6,172.7,2.85,29.8,2.765,0
2025-04-09,TR026,OP042,Stockpile,12.15,7.43,26.6,103.2,0.41,29.9,1.635,0
2025-01-05,TR022,OP024,South Pit,89.72,34.18,58.6,93.3,3.85,23.3,2.625,0
2025-01-28,TR011,OP030,Crusher,89.79,36.75,62.8,221.3,4.18,21.5,2.443,0
2025-06-18,TR015,OP040,South Pit,39.4,24.94,83.8,164.1,1.66,23.7,1.58,0
2025-10-20,TR024,OP020,Stockpile,46.85,27.01,67.2,151.6,2.08,22.5,1.735,0
2025-04-26,TR022,OP048,West Pit,93.46,40.92,49.3,141.6,2.82,33.2,2.284,0
2025-08-21,TR025,OP048,North Pit,52.94,29.85,30.0,224.6,1.72,30.8,1.774,0
2025-07-27,TR021,OP016,Stockpile,50.83,23.69,22.7,73.3,2.5,20.3,2.146,0
2025-02-22,TR020,OP034,East Pit,23.25,17.99,86.2,96.6,0.85,27.4,1.292,0
2025-06-07,TR010,OP045,South Pit,33.54,18.49,39.5,200.1,1.68,20.0,1.814,0
2025-04-16,TR020,OP004,Crusher,45.55,22.34,50.1,158.6,1.67,27.2,2.039,0
2025-08-04,TR005,OP031,North Pit,22.24,15.75,45.2,144.9,0.87,25.6,1.412,0
2025-10-30,TR012,OP026,South Pit,114.39,58.88,6.5,88.9,3.25,35.2,1.943,0
2025-10-20,TR016,OP002,East Pit,109.32,38.19,15.0,54.1,4.4,24.8,2.863,0
2025-11-27,TR002,OP008,Crusher,94.46,53.91,22.4,42.8,4.42,21.4,1.752,0
2025-08-18,TR020,OP023,West Pit,52.07,28.0,46.3,209.8,2.01,25.9,1.86,0
2025-07-15,TR009,OP029,East Pit,81.35,41.77,86.6,80.7,2.16,37.7,1.948,0
2025-04-02,TR006,OP007,South Pit,111.83,51.13,47.9,106.3,4.98,22.5,2.187,0
2025-03-10,TR014,OP026,Stockpile,23.21,15.79,82.9,90.4,0.75,30.8,1.47,0
2025-10-05,TR013,OP024,West Pit,74.18,36.59,12.8,112.0,2.14,34.7,2.027,0
2025-01-06,TR008,OP047,South Pit,24.19,9.06,11.9,211.7,0.67,35.9,2.67,0
2025-04-13,TR001,OP027,South Pit,92.94,35.23,11.1,134.3,2.81,33.1,2.638,0
2025-02-14,TR009,OP017,Stockpile,69.26,34.73,30.3,58.1,3.02,22.9,1.994,0
2025-02-11,TR003,OP006,Crusher,15.6,17.83,84.3,76.7,0.46,34.3,0.875,0
2025-11-08,TR007,OP020,East Pit,88.75,29.8,25.0,105.0,2.94,30.2,2.978,0
2025-02-27,TR013,OP012,North Pit,44.09,23.56,27.6,189.9,1.84,24.0,1.871,0
2025-09-27,TR023,OP038,South Pit,78.27,43.63,36.6,182.3,2.34,33.4,1.794,0
2025-02-17,TR020,OP034,Stockpile,100.08,36.07,26.6,177.7,4.25,23.5,2.775,0
2025-04-04,TR006,OP018,South Pit,42.1,20.57,72.3,132.5,1.69,25.0,2.047,0
2025-11-30,TR019,OP049,East Pit,105.8,47.68,21.3,46.0,4.85,21.8,2.219,0
2025-07-01,TR021,OP037,Crusher,41.63,67.22,84.5,217.1,1.49,27.9,0.619,1
2025-10-26,TR027,OP018,North Pit,72.16,28.84,45.5,51.7,3.72,19.4,2.502,0
2025-02-21,TR017,OP038,Stockpile,43.45,22.3,17.9,145.2,1.77,24.5,1.948,0
2025-01-27,TR029,OP028,North Pit,88.26,49.36,66.5,61.4,2.37,37.2,1.788,0
2025-02-10,TR017,OP026,Stockpile,116.73,50.09,25.0,236.1,5.6,20.8,2.33,0
2025-07-25,TR020,OP032,West Pit,111.58,42.03,59.5,81.1,6.18,18.1,2.655,0
2025-01-09,TR020,OP048,West Pit,46.34,26.59,58.2,155.2,1.61,28.9,1.743,0
2025-12-19,TR024,OP006,West Pit,11.65,6.92,11.2,46.1,0.37,31.9,1.684,0
2025-07-05,TR017,OP043,Stockpile,114.78,56.13,86.1,137.8,3.51,32.7,2.045,0
2025-09-25,TR027,OP002,South Pit,69.07,38.16,51.1,149.3,3.54,19.5,1.81,0
2025-09-17,TR023,OP040,East Pit,20.25,9.97,20.6,138.6,0.84,24.0,2.031,0
2025-11-16,TR029,OP043,Stockpile,102.19,55.46,87.3,201.0,2.82,36.2,1.843,0
2025-01-23,TR026,OP041,Stockpile,88.23,47.06,72.1,142.4,2.85,30.9,1.875,0
2025-03-09,TR004,OP028,Crusher,9.1,11.89,70.0,197.9,0.45,20.3,0.765,0
2025-05-29,TR018,OP027,West Pit,68.64,25.16,49.2,171.1,2.08,33.0,2.728,0
2025-11-09,TR029,OP015,East Pit,18.92,9.97,35.5,137.9,0.58,32.7,1.898,0
2025-07-30,TR007,OP042,North Pit,93.07,35.57,53.4,155.3,2.8,33.2,2.617,0
2025-06-30,TR006,OP049,West Pit,43.32,23.63,38.6,198.8,1.29,33.6,1.833,0
2025-06-06,TR030,OP026,East Pit,103.35,65.28,75.8,67.4,4.68,22.1,1.583,0
2025-01-06,TR011,OP014,Crusher,67.42,23.26,11.5,161.0,2.83,23.8,2.899,0
2025-01-15,TR012,OP020,North Pit,100.21,39.03,68.5,49.7,4.24,23.6,2.568,0
2025-08-28,TR016,OP033,East Pit,89.15,46.74,21.5,57.2,4.02,22.2,1.907,0
2025-05-12,TR005,OP016,West Pit,80.64,42.58,78.8,157.5,3.46,23.3,1.894,0
2025-07-21,TR019,OP039,South Pit,100.61,40.03,8.6,83.5,3.6,28.0,2.513,0
2025-08-10,TR016,OP039,South Pit,37.0,23.34,43.9,186.9,1.23,30.0,1.585,0
2025-03-07,TR026,OP042,South Pit,41.29,24.01,60.5,110.1,1.54,26.9,1.72,0
2025-03-18,TR014,OP032,Crusher,13.47,7.92,20.5,190.5,0.45,29.9,1.701,0
2025-03-20,TR019,OP017,Crusher,86.32,32.94,12.9,73.9,4.26,20.3,2.621,0
2025-08-21,TR013,OP037,Stockpile,50.97,20.43,44.8,122.9,1.9,26.9,2.495,0
2025-08-23,TR020,OP004,Crusher,80.64,43.61,55.4,157.1,3.29,24.5,1.849,0
2025-06-20,TR016,OP027,Crusher,77.39,64.7,67.0,179.9,3.55,21.8,1.196,1
2025-05-07,TR018,OP036,Stockpile,25.68,16.97,72.8,226.1,0.94,27.5,1.513,0
2025-09-01,TR004,OP045,North Pit,54.02,21.0,27.6,92.3,2.54,21.2,2.572,0
2025-04-09,TR008,OP021,Crusher,34.14,18.39,87.6,71.1,1.31,26.0,1.856,0
2025-07-08,TR019,OP048,East Pit,34.11,19.03,79.5,101.6,1.68,20.3,1.792,0
2025-11-28,TR004,OP004,North Pit,95.74,49.44,57.8,237.6,2.69,35.7,1.936,0
2025-01-07,TR011,OP010,South Pit,105.62,39.63,46.2,180.3,3.16,33.4,2.665,0
2025-10-13,TR014,OP030,West Pit,71.67,26.5,17.4,50.8,2.43,29.5,2.705,0
2025-12-28,TR022,OP021,South Pit,44.66,35.99,84.8,204.5,1.21,36.8,1.241,0
2025-11-09,TR029,OP003,South Pit,23.91,17.94,83.8,77.3,0.87,27.3,1.333,0
2025-08-31,TR016,OP044,North Pit,81.1,28.93,33.1,217.7,3.17,25.6,2.803,0
2025-10-03,TR001,OP027,West Pit,91.08,44.14,52.9,162.7,2.4,38.0,2.063,0
2025-01-10,TR012,OP029,South Pit,48.38,24.18,69.7,220.1,1.55,31.3,2.001,0
2025-03-27,TR022,OP006,Crusher,65.11,28.54,48.9,124.8,2.23,29.1,2.281,0
2025-05-01,TR021,OP028,East Pit,28.15,19.94,86.8,140.4,0.85,33.0,1.412,0
2025-02-09,TR020,OP038,Crusher,80.98,31.34,48.7,99.9,4.08,19.9,2.584,0
2025-03-16,TR014,OP031,East Pit,21.9,15.22,86.9,175.8,0.88,24.9,1.439,0
2025-08-03,TR017,OP036,West Pit,85.15,34.18,79.9,46.9,4.62,18.4,2.491,0
2025-07-11,TR027,OP018,North Pit,78.54,30.88,12.0,53.2,2.23,35.2,2.543,0
2025-06-02,TR019,OP012,West Pit,103.17,38.91,35.1,167.1,5.65,18.2,2.652,0
2025-07-10,TR027,OP046,West Pit,90.36,35.44,87.1,228.1,3.92,23.0,2.55,0
2025-12-09,TR021,OP049,North Pit,118.49,52.23,84.6,105.2,5.88,20.2,2.269,0
2025-05-13,TR019,OP017,Stockpile,57.9,35.54,65.4,184.3,1.74,33.2,1.629,0
2025-04-03,TR010,OP038,West Pit,83.45,42.36,77.5,137.0,2.41,34.6,1.97,0
2025-09-14,TR020,OP045,Crusher,21.46,16.76,48.6,65.5,0.89,24.2,1.28,0
2025-01-21,TR008,OP021,Stockpile,91.8,40.59,73.9,188.1,2.77,33.1,2.262,0
2025-11-11,TR010,OP001,Crusher,118.39,47.73,79.0,186.2,6.35,18.7,2.48,0
2025-07-24,TR019,OP010,South Pit,116.4,41.25,71.1,43.9,5.0,23.3,2.822,0
2025-04-14,TR020,OP027,South Pit,113.53,45.73,82.8,238.9,3.18,35.7,2.483,0
2025-03-16,TR015,OP022,East Pit,72.5,35.65,19.7,239.6,3.87,18.7,2.034,0
2025-02-05,TR012,OP016,Stockpile,96.54,33.82,43.2,133.6,3.53,27.3,2.855,0
2025-03-08,TR013,OP028,Crusher,41.19,19.35,61.0,49.2,2.2,18.7,2.129,0
2025-12-31,TR024,OP001,Crusher,70.49,32.92,18.3,210.6,2.39,29.4,2.141,0
2025-02-03,TR024,OP045,West Pit,59.02,24.82,56.2,128.5,1.65,35.8,2.378,0
2025-11-03,TR024,OP035,West Pit,81.03,35.35,46.1,159.4,3.44,23.6,2.292,0
2025-05-04,TR018,OP032,Crusher,108.35,41.55,40.3,195.0,3.21,33.8,2.608,0
2025-04-16,TR021,OP008,East Pit,92.24,27.74,5.6,205.2,3.64,25.4,3.325,0
2025-08-14,TR023,OP049,South Pit,81.19,33.17,50.6,161.6,3.69,22.0,2.448,0
2025-08-08,TR010,OP012,North Pit,28.98,15.45,25.7,193.9,1.31,22.2,1.876,0
2025-09-07,TR015,OP017,East Pit,69.08,28.23,65.3,44.5,2.86,24.2,2.447,0
2025-01-29,TR017,OP016,Crusher,13.92,13.08,86.4,193.4,0.53,26.1,1.064,0
2025-04-14,TR023,OP021,Crusher,81.87,30.74,23.1,167.8,2.28,35.9,2.663,0
2025-12-16,TR003,OP034,West Pit,36.67,13.04,10.8,195.9,1.64,22.4,2.812,0
2025-11-16,TR003,OP034,East Pit,82.42,40.69,87.1,140.3,3.49,23.6,2.026,0
2025-04-18,TR029,OP022,South Pit,76.29,39.32,21.4,232.0,2.16,35.3,1.94,0
2025-12-07,TR028,OP040,Stockpile,95.99,43.03,33.9,43.1,3.59,26.8,2.231,0
2025-04-10,TR025,OP017,Stockpile,55.16,23.38,86.1,238.5,1.55,35.6,2.359,0
2025-03-16,TR019,OP041,South Pit,35.54,17.43,60.5,92.1,1.33,26.7,2.039,0
2025-03-20,TR014,OP032,Stockpile,107.21,46.08,84.5,169.5,4.68,22.9,2.327,0
2025-02-10,TR012,OP033,Crusher,75.84,41.06,76.8,50.9,2.23,34.0,1.847,0
2025-03-26,TR025,OP026,North Pit,81.82,30.98,34.6,140.9,3.94,20.8,2.641,0
2025-03-03,TR008,OP024,South Pit,18.31,14.04,78.7,78.6,0.5,36.5,1.304,0
2025-11-25,TR025,OP011,Stockpile,83.4,37.54,56.8,61.3,3.51,23.8,2.222,0
2025-10-26,TR025,OP027,South Pit,21.27,12.83,63.6,53.6,0.71,30.1,1.658,0
2025-04-06,TR024,OP047,Crusher,108.79,35.41,10.1,171.0,4.13,26.3,3.072,0
2025-04-03,TR027,OP034,Crusher,96.24,39.03,33.8,69.4,3.78,25.4,2.466,0
2025-06-06,TR001,OP047,South Pit,66.09,43.82,63.8,80.1,2.32,28.4,1.508,0
2025-10-15,TR020,OP030,North Pit,66.04,41.87,66.9,123.5,1.99,33.2,1.577,0
2025-07-05,TR011,OP020,Stockpile,112.76,69.84,51.9,81.5,5.9,19.1,1.615,0
2025-03-14,TR002,OP035,North Pit,56.42,24.57,40.8,41.1,1.71,33.0,2.296,0
2025-10-11,TR002,OP014,Crusher,48.55,20.7,28.9,87.0,1.51,32.2,2.345,0
2025-01-30,TR016,OP029,North Pit,56.41,39.15,70.8,88.1,1.99,28.3,1.441,0
2025-12-19,TR015,OP033,Stockpile,35.7,13.01,16.5,156.2,1.02,35.2,2.744,0
2025-05-27,TR014,OP042,North Pit,96.07,32.2,23.2,238.1,4.32,22.3,2.984,0
2025-11-26,TR006,OP034,South Pit,23.48,11.52,34.6,98.1,0.63,37.4,2.038,0
2025-08-29,TR027,OP020,South Pit,107.52,103.77,16.6,104.2,3.7,29.1,1.036,1
2025-07-10,TR005,OP044,North Pit,60.77,28.76,38.2,88.3,3.33,18.2,2.113,0
2025-01-15,TR030,OP026,Stockpile,81.47,33.49,32.1,203.8,2.21,36.8,2.433,0
2025-09-14,TR007,OP005,South Pit,28.52,10.5,11.3,158.1,1.44,19.8,2.716,0
2025-01-25,TR010,OP041,Stockpile,102.0,38.75,70.9,108.8,2.71,37.6,2.632,0
2025-04-01,TR007,OP012,East Pit,108.2,49.6,22.5,88.5,4.35,24.9,2.181,0
2025-06-18,TR016,OP022,South Pit,47.18,24.28,73.2,124.5,2.37,19.9,1.943,0
2025-07-20,TR020,OP011,East Pit,63.95,21.3,18.0,165.0,3.16,20.2,3.002,0
2025-11-10,TR029,OP005,North Pit,63.39,39.01,81.5,144.0,2.71,23.4,1.625,0
2025-03-11,TR009,OP015,North Pit,61.04,22.51,59.2,223.3,1.92,31.8,2.712,0
2025-08-08,TR001,OP049,North Pit,112.63,42.19,24.2,100.5,4.72,23.9,2.67,0
2025-02-12,TR011,OP020,North Pit,101.32,43.14,89.2,51.9,2.81,36.1,2.349,0
2025-06-05,TR014,OP020,North Pit,116.99,55.07,11.5,77.2,6.4,18.3,2.124,0
2025-01-29,TR006,OP032,Crusher,100.64,37.03,76.2,130.4,4.98,20.2,2.718,0
2025-11-22,TR004,OP035,West Pit,57.01,22.82,43.7,199.2,1.61,35.5,2.498,0
2025-10-19,TR009,OP008,Stockpile,42.44,23.5,28.2,204.7,1.78,23.9,1.806,0
2025-02-19,TR010,OP032,East Pit,84.88,30.3,42.4,237.4,2.54,33.4,2.801,0
2025-04-23,TR015,OP030,East Pit,88.1,34.43,41.5,130.0,2.32,37.9,2.559,0
2025-06-18,TR003,OP018,East Pit,40.98,22.48,41.9,177.3,2.2,18.6,1.823,0
2025-12-07,TR010,OP026,South Pit,59.74,26.81,34.4,236.6,2.18,27.4,2.228,0
2025-02-06,TR030,OP047,East Pit,26.02,19.04,87.0,202.8,1.29,20.2,1.367,0
2025-09-16,TR016,OP033,Stockpile,105.49,35.0,72.4,239.9,4.46,23.7,3.014,0
2025-07-18,TR001,OP011,Crusher,56.26,34.35,72.0,64.6,3.0,18.7,1.638,0
2025-08-09,TR007,OP017,East Pit,98.83,54.71,65.7,45.4,3.51,28.1,1.806,0
2025-05-04,TR011,OP017,North Pit,112.09,42.37,49.2,158.4,3.06,36.6,2.646,0
2025-05-06,TR019,OP039,South Pit,10.06,9.61,38.7,166.2,0.29,34.2,1.047,0
2025-12-30,TR010,OP004,East Pit,82.23,27.9,21.1,140.9,3.43,24.0,2.947,0
2025-05-23,TR014,OP050,East Pit,32.4,16.24,50.6,96.3,1.55,20.9,1.995,0
2025-03-09,TR015,OP005,North Pit,64.73,30.05,67.1,129.4,3.49,18.6,2.154,0
2025-10-25,TR018,OP015,East Pit,57.76,25.46,16.3,189.3,3.02,19.1,2.269,0
2025-02-17,TR008,OP022,Stockpile,101.6,48.42,70.0,193.8,2.77,36.7,2.098,0
2025-07-20,TR019,OP010,Stockpile,48.86,29.73,76.8,43.1,1.41,34.7,1.643,0
2025-09-30,TR014,OP016,Crusher,88.2,46.53,36.1,131.0,3.15,28.0,1.896,0
2025-09-05,TR023,OP024,Stockpile,117.3,59.19,40.2,231.2,4.38,26.8,1.982,0
2025-07-06,TR011,OP033,North Pit,87.85,43.46,15.4,80.8,2.62,33.5,2.021,0
2025-07-12,TR030,OP017,West Pit,71.24,32.24,35.3,214.8,3.23,22.1,2.21,0
2025-03-23,TR002,OP040,North Pit,119.79,48.36,13.4,179.1,4.79,25.0,2.477,0
2025-12-03,TR025,OP047,West Pit,25.18,22.52,87.1,201.2,1.36,18.6,1.118,0
2025-06-18,TR017,OP041,East Pit,34.34,53.32,58.6,119.8,1.32,26.0,0.644,1
2025-06-19,TR002,OP050,East Pit,45.51,19.13,35.1,52.3,1.71,26.6,2.379,0
2025-03-20,TR022,OP021,Crusher,25.46,10.85,23.3,81.6,0.83,30.8,2.347,0
2025-10-11,TR006,OP037,Crusher,23.6,17.01,68.4,237.2,0.66,35.7,1.387,0
2025-05-31,TR027,OP021,East Pit,37.14,25.96,76.6,59.3,1.09,33.9,1.431,0
2025-08-31,TR005,OP014,Stockpile,34.96,17.18,24.5,53.1,1.13,31.1,2.035,0
2025-10-16,TR009,OP004,North Pit,24.05,7.92,6.4,67.8,0.66,36.2,3.037,0
2025-10-04,TR022,OP011,South Pit,16.16,14.03,87.7,238.4,0.49,32.7,1.152,0
2025-01-01,TR007,OP015,Stockpile,83.16,29.33,40.7,104.4,3.43,24.3,2.835,0
2025-05-22,TR020,OP050,South Pit,89.52,35.97,81.9,199.2,3.64,24.6,2.489,0
2025-02-09,TR015,OP003,Crusher,72.21,34.11,53.5,233.2,3.03,23.9,2.117,0
2025-05-04,TR027,OP030,East Pit,107.77,37.56,45.8,203.2,3.07,35.1,2.869,0
2025-09-09,TR017,OP036,West Pit,57.41,28.63,48.4,134.3,3.17,18.1,2.005,0
2025-05-30,TR028,OP029,South Pit,21.42,16.49,59.2,159.8,0.79,27.3,1.299,0
2025-09-20,TR027,OP036,South Pit,39.49,24.32,40.6,180.0,1.53,25.8,1.624,0
2025-01-19,TR006,OP029,West Pit,23.46,10.35,34.8,209.2,1.1,21.3,2.267,0
2025-12-07,TR026,OP026,East Pit,23.75,16.71,89.7,186.3,0.79,30.2,1.421,0
2025-01-25,TR023,OP046,West Pit,93.09,56.43,77.1,219.7,4.4,21.2,1.65,0
2025-08-07,TR004,OP026,Stockpile,22.04,16.36,56.1,85.5,1.12,19.7,1.347,0
2025-11-15,TR025,OP031,East Pit,46.38,23.79,79.8,157.5,2.0,23.2,1.95,0
2025-05-25,TR013,OP029,East Pit,24.08,11.3,29.1,203.6,0.86,28.1,2.131,0
2025-09-18,TR003,OP046,North Pit,85.26,48.14,44.9,85.1,2.55,33.5,1.771,0
2025-11-17,TR028,OP005,North Pit,28.29,15.55,49.5,71.3,1.53,18.5,1.819,0
2025-11-15,TR010,OP039,North Pit,95.32,29.85,10.8,155.1,2.66,35.8,3.193,0
2025-01-16,TR009,OP008,East Pit,67.83,33.14,5.1,76.1,2.23,30.5,2.047,0
2025-06-21,TR014,OP027,North Pit,101.37,42.74,70.7,85.8,3.67,27.6,2.372,0
2025-10-05,TR025,OP042,West Pit,103.19,49.08,5.3,109.6,5.05,20.5,2.102,0
2025-05-04,TR022,OP029,South Pit,11.14,12.46,45.1,162.0,0.51,21.6,0.894,0
2025-02-09,TR010,OP028,South Pit,61.81,36.15,51.4,117.4,1.63,37.9,1.71,0
2025-03-12,TR003,OP004,West Pit,99.41,42.01,71.0,184.4,4.78,20.8,2.366,0
2025-06-08,TR018,OP039,East Pit,79.27,40.67,36.5,138.8,4.32,18.4,1.949,0
2025-01-04,TR004,OP022,East Pit,103.41,55.62,31.0,166.4,4.23,24.4,1.859,0
2025-07-19,TR008,OP026,West Pit,98.75,54.69,42.4,51.8,2.94,33.5,1.806,0
2025-01-05,TR002,OP006,North Pit,16.75,9.34,17.1,197.1,0.71,23.7,1.793,0
2025-04-04,TR030,OP039,West Pit,64.87,32.02,32.5,179.5,3.33,19.5,2.026,0
2025-10-29,TR021,OP033,Crusher,12.38,9.34,79.4,116.2,0.42,29.8,1.325,0
2025-10-24,TR025,OP046,Stockpile,107.04,64.55,81.7,117.6,3.6,29.7,1.658,0
2025-01-13,TR029,OP016,Stockpile,53.65,23.8,83.1,204.2,2.86,18.7,2.254,0
2025-01-10,TR010,OP049,North Pit,53.48,24.78,8.2,134.7,2.76,19.4,2.158,0
2025-02-15,TR016,OP013,East Pit,33.38,16.87,68.6,213.1,0.97,34.4,1.979,0
2025-11-10,TR030,OP036,North Pit,117.56,38.4,44.6,96.5,4.49,26.2,3.061,0
2025-12-19,TR026,OP004,Stockpile,42.09,17.72,15.4,101.5,1.19,35.3,2.375,0
2025-10-31,TR002,OP003,Stockpile,119.24,44.93,60.8,108.7,5.29,22.5,2.654,0
2025-02-04,TR026,OP049,East Pit,19.05,36.67,68.5,98.8,1.01,18.8,0.519,1
2025-03-18,TR030,OP025,Stockpile,28.08,13.63,55.2,146.3,0.89,31.4,2.06,0
2025-02-11,TR012,OP025,West Pit,9.05,13.6,40.7,206.4,0.38,23.8,0.665,1
2025-04-27,TR022,OP031,East Pit,18.97,17.02,78.5,165.9,0.73,26.0,1.115,0
2025-11-13,TR027,OP049,Stockpile,57.99,48.21,85.5,86.6,2.59,22.4,1.203,1
2025-09-24,TR006,OP004,Stockpile,9.81,13.38,62.9,145.7,0.26,37.7,0.733,0
2025-11-09,TR025,OP049,North Pit,24.29,9.33,7.4,77.1,1.14,21.3,2.603,0
2025-07-09,TR007,OP013,Stockpile,39.9,24.45,76.8,215.9,1.36,29.3,1.632,0
2025-08-20,TR024,OP038,West Pit,108.93,58.82,12.9,169.9,3.52,31.0,1.852,0
2025-01-07,TR022,OP028,Crusher,113.11,36.65,43.3,161.6,5.97,19.0,3.086,0
2025-07-10,TR012,OP017,South Pit,53.59,27.03,80.2,75.6,2.14,25.0,1.983,0
2025-04-20,TR021,OP002,South Pit,45.51,27.97,33.7,181.9,1.55,29.3,1.627,0
2025-01-09,TR004,OP004,West Pit,52.88,17.35,15.1,206.2,1.64,32.3,3.048,0
2025-09-13,TR030,OP017,Stockpile,14.27,12.17,65.9,116.2,0.4,36.1,1.173,0
2025-01-17,TR001,OP003,Crusher,15.07,13.76,60.0,215.4,0.52,28.9,1.095,0
2025-07-09,TR011,OP045,West Pit,51.53,34.68,85.4,154.2,1.56,33.1,1.486,0
2025-02-12,TR028,OP005,West Pit,56.53,28.26,48.5,56.5,2.14,26.4,2.0,0
2025-07-16,TR020,OP023,West Pit,38.54,23.53,85.4,177.6,1.14,33.9,1.638,0
2025-11-03,TR027,OP004,North Pit,75.19,28.2,15.4,142.7,2.96,25.4,2.666,0
2025-09-08,TR006,OP040,South Pit,24.49,18.49,85.1,83.8,0.68,36.3,1.324,0
2025-07-22,TR010,OP042,South Pit,45.09,20.92,54.9,59.6,1.24,36.4,2.155,0
2025-10-19,TR013,OP013,West Pit,35.49,15.87,17.2,134.9,1.29,27.4,2.236,0
2025-10-03,TR012,OP036,North Pit,91.38,43.82,31.2,94.8,2.53,36.1,2.085,0
2025-04-03,TR005,OP047,North Pit,94.66,41.77,40.4,48.5,4.84,19.6,2.266,0
2025-08-16,TR017,OP022,North Pit,71.49,30.46,78.7,52.7,2.06,34.7,2.347,0
2025-04-15,TR023,OP028,East Pit,68.23,24.46,46.3,125.2,2.91,23.5,2.789,0
2025-03-24,TR024,OP047,West Pit,38.98,23.01,88.2,60.4,1.15,34.0,1.694,0
2025-12-06,TR023,OP002,North Pit,87.61,43.56,63.9,177.8,3.15,27.8,2.011,0
2025-08-08,TR028,OP012,East Pit,86.21,45.48,58.7,218.3,2.69,32.0,1.896,0
2025-04-20,TR021,OP019,East Pit,60.4,27.17,55.2,234.1,1.85,32.6,2.223,0
2025-01-30,TR013,OP038,East Pit,27.7,9.72,18.3,147.9,0.9,30.7,2.85,0
2025-01-17,TR009,OP010,North Pit,46.81,22.97,34.6,142.1,1.35,34.6,2.038,0
2025-04-11,TR002,OP045,Stockpile,118.68,53.26,65.4,83.5,3.96,30.0,2.228,0
2025-08-29,TR012,OP002,West Pit,63.51,30.61,84.4,200.1,1.74,36.5,2.075,0
2025-09-26,TR003,OP044,Crusher,105.48,48.5,49.4,202.5,2.88,36.6,2.175,0
2025-06-24,TR009,OP046,East Pit,61.96,37.54,60.3,181.2,1.73,35.8,1.651,0
2025-04-26,TR020,OP024,West Pit,99.48,46.42,17.8,218.5,5.4,18.4,2.143,0
2025-08-22,TR015,OP048,East Pit,34.89,14.42,53.0,227.1,1.72,20.3,2.42,0
2025-05-22,TR001,OP035,Crusher,65.85,27.92,76.0,162.8,1.98,33.3,2.359,0
2025-10-09,TR013,OP038,Stockpile,77.02,32.67,52.9,217.5,2.99,25.8,2.358,0
2025-04-25,TR029,OP036,South Pit,56.88,21.57,6.9,125.2,2.49,22.9,2.637,0
2025-02-08,TR003,OP047,Crusher,40.06,17.5,16.0,111.9,1.19,33.8,2.289,0
2025-09-15,TR008,OP015,West Pit,102.55,42.58,38.1,217.4,3.54,29.0,2.408,0
2025-03-23,TR023,OP039,South Pit,50.18,20.26,70.0,75.2,2.01,25.0,2.477,0
2025-12-30,TR002,OP027,Stockpile,22.23,12.31,40.4,105.3,0.84,26.5,1.806,0
2025-08-02,TR029,OP011,West Pit,70.64,31.68,49.1,170.2,2.96,23.8,2.23,0
2025-10-24,TR018,OP024,Crusher,107.62,64.22,82.7,161.5,3.79,28.4,1.676,0
2025-07-23,TR025,OP048,Crusher,113.44,41.07,75.8,230.9,5.96,19.0,2.762,0
2025-01-11,TR024,OP036,East Pit,71.31,23.59,32.5,70.4,2.32,30.7,3.023,0
2025-12-20,TR019,OP027,Crusher,9.58,7.09,33.3,212.6,0.31,30.8,1.351,0
2025-05-06,TR017,OP030,South Pit,36.16,21.69,17.0,208.8,1.19,30.4,1.667,0
2025-02-01,TR005,OP001,West Pit,20.26,11.42,67.0,142.5,0.73,27.8,1.774,0
2025-09-07,TR008,OP031,West Pit,67.0,33.17,66.0,217.9,2.63,25.5,2.02,0
2025-07-26,TR024,OP039,Stockpile,99.29,34.65,36.3,191.8,3.33,29.8,2.866,0
2025-06-24,TR020,OP009,North Pit,64.07,24.5,15.6,104.5,2.81,22.8,2.615,0
2025-03-20,TR019,OP021,Crusher,50.97,33.18,54.5,218.6,1.93,26.4,1.536,0
2025-02-09,TR008,OP024,Stockpile,98.42,55.34,33.5,165.4,4.2,23.4,1.778,0
2025-03-31,TR009,OP041,Stockpile,44.97,20.86,12.4,96.3,1.54,29.1,2.156,0
2025-12-06,TR009,OP027,South Pit,77.0,32.57,83.4,97.9,2.36,32.6,2.364,0
2025-07-26,TR016,OP013,Crusher,108.93,68.17,78.3,106.9,3.25,33.5,1.598,0
2025-02-12,TR029,OP042,South Pit,104.83,52.06,85.8,211.5,3.43,30.5,2.014,0
2025-01-17,TR003,OP032,West Pit,45.09,24.85,81.9,43.8,1.41,31.9,1.814,0
2025-08-12,TR030,OP037,North Pit,38.96,19.84,34.0,86.2,1.54,25.3,1.964,0
2025-08-12,TR017,OP050,South Pit,68.35,26.16,52.0,103.1,2.36,29.0,2.613,0
2025-12-11,TR022,OP008,Crusher,76.29,27.97,35.3,227.9,3.42,22.3,2.728,0
2025-10-01,TR005,OP029,Crusher,57.79,32.57,58.3,84.8,3.14,18.4,1.774,0
2025-03-20,TR013,OP021,East Pit,16.3,12.3,42.1,58.9,0.71,22.9,1.325,0
2025-03-16,TR002,OP018,Stockpile,81.01,44.12,21.0,69.4,4.27,19.0,1.836,0
2025-02-20,TR011,OP003,North Pit,20.62,15.86,63.2,170.0,0.86,23.9,1.3,0
2025-06-03,TR001,OP015,East Pit,85.6,36.04,47.3,122.9,3.96,21.6,2.375,0
2025-03-26,TR005,OP034,Crusher,53.74,26.97,69.5,238.3,1.62,33.1,1.993,0
2025-08-26,TR012,OP038,East Pit,43.54,18.77,71.3,211.2,1.25,34.7,2.32,0
2025-10-17,TR023,OP013,East Pit,59.31,20.95,56.6,128.6,2.28,26.0,2.831,0
2025-01-07,TR010,OP026,North Pit,107.64,35.94,14.3,96.7,3.01,35.8,2.995,0
2025-10-14,TR029,OP016,South Pit,12.75,11.99,41.1,141.5,0.51,25.1,1.063,0
2025-11-28,TR021,OP012,Crusher,34.8,14.85,21.2,140.3,1.43,24.3,2.343,0
2025-12-18,TR021,OP019,North Pit,107.5,52.78,37.2,238.0,3.23,33.3,2.037,0
2025-11-08,TR019,OP039,Crusher,108.0,60.15,36.2,225.1,5.21,20.7,1.796,0
2025-12-23,TR009,OP030,Crusher,35.41,22.6,33.1,171.4,1.24,28.5,1.567,0
2025-07-22,TR009,OP014,Crusher,119.74,43.61,22.1,127.8,5.25,22.8,2.746,0
2025-04-04,TR017,OP008,West Pit,28.74,15.18,49.9,201.8,0.84,34.1,1.893,0
2025-12-31,TR027,OP017,North Pit,84.43,53.22,89.6,95.3,3.02,28.0,1.586,0
2025-04-03,TR014,OP025,Stockpile,48.34,30.61,68.4,175.8,1.38,35.1,1.579,0
2025-12-07,TR025,OP032,Crusher,81.77,30.92,48.7,42.5,2.56,32.0,2.645,0
2025-11-10,TR017,OP018,West Pit,98.02,51.69,44.0,69.7,3.32,29.5,1.896,0
2025-01-04,TR010,OP041,Stockpile,108.44,42.88,71.4,132.4,3.01,36.0,2.529,0
2025-04-01,TR015,OP039,Crusher,10.94,7.95,72.3,133.6,0.47,23.3,1.376,0
2025-03-16,TR016,OP044,North Pit,74.54,24.67,14.2,48.9,2.57,29.0,3.021,0
2025-10-29,TR012,OP015,Crusher,95.84,35.61,18.4,161.2,3.12,30.7,2.691,0
2025-07-26,TR025,OP006,North Pit,85.75,33.51,47.0,201.6,3.97,21.6,2.559,0
2025-07-29,TR024,OP033,North Pit,79.98,28.12,16.5,89.3,2.25,35.5,2.844,0
2025-03-22,TR015,OP041,East Pit,13.81,5.94,5.6,117.8,0.48,28.6,2.325,0
2025-07-09,TR029,OP037,South Pit,12.38,10.31,47.1,178.4,0.53,23.4,1.201,0
2025-10-01,TR022,OP003,Stockpile,37.02,16.16,27.6,118.0,1.25,29.6,2.291,0
2025-11-08,TR017,OP039,East Pit,116.73,41.05,13.9,100.4,5.56,21.0,2.844,0
2025-08-11,TR026,OP006,South Pit,68.82,24.83,24.1,233.0,2.61,26.3,2.772,0
2025-07-27,TR005,OP007,East Pit,75.0,25.42,16.3,106.2,3.71,20.2,2.95,0
2025-11-04,TR029,OP025,North Pit,78.42,46.07,60.2,41.5,3.72,21.1,1.702,0
2025-10-09,TR014,OP004,Stockpile,47.31,24.25,69.5,234.0,1.33,35.6,1.951,0
2025-05-21,TR027,OP002,East Pit,103.64,48.72,27.6,156.2,3.02,34.4,2.127,0
2025-11-05,TR013,OP013,Stockpile,83.49,32.17,36.5,202.2,4.56,18.3,2.595,0
2025-02-28,TR003,OP040,West Pit,92.68,36.24,59.3,194.9,3.3,28.1,2.557,0
2025-04-03,TR024,OP018,Crusher,15.8,7.81,15.7,126.5,0.49,32.3,2.023,0
2025-06-04,TR023,OP010,North Pit,112.16,42.55,31.9,126.3,3.95,28.4,2.636,0
2025-12-05,TR010,OP035,East Pit,43.01,20.11,60.8,184.2,1.59,27.0,2.139,0
2025-10-15,TR016,OP022,Crusher,16.96,11.08,21.2,57.9,0.5,33.8,1.531,0
2025-05-27,TR014,OP015,East Pit,114.52,37.22,29.6,126.0,3.38,33.9,3.077,0
2025-11-24,TR007,OP003,Crusher,26.08,16.85,33.1,192.5,1.2,21.7,1.548,0
2025-05-28,TR026,OP006,Stockpile,61.37,34.94,89.6,140.2,1.76,34.9,1.756,0
2025-03-15,TR030,OP039,South Pit,34.55,19.27,83.5,150.7,1.13,30.7,1.793,0
2025-11-24,TR009,OP027,Stockpile,110.3,51.34,58.5,187.3,4.29,25.7,2.148,0
2025-11-28,TR024,OP046,North Pit,9.46,6.3,26.9,210.7,0.33,28.9,1.502,0
2025-05-28,TR012,OP029,South Pit,41.39,29.21,68.2,206.2,1.29,32.0,1.417,0
2025-01-03,TR001,OP020,East Pit,18.85,18.42,69.9,128.7,0.52,36.5,1.023,0
2025-03-31,TR019,OP039,South Pit,111.34,42.25,35.8,228.3,5.88,18.9,2.635,0
2025-10-10,TR006,OP018,East Pit,96.95,48.61,53.5,236.7,2.85,34.0,1.994,0
2025-08-31,TR024,OP045,West Pit,96.48,33.82,38.4,48.0,3.16,30.6,2.853,0
2025-11-01,TR024,OP016,Stockpile,39.6,17.12,25.1,146.2,1.06,37.5,2.313,0
2025-10-18,TR004,OP017,North Pit,113.16,37.84,28.5,190.5,4.44,25.5,2.99,0
2025-05-18,TR029,OP010,Stockpile,30.56,21.45,55.8,142.8,1.28,24.0,1.425,0
2025-02-14,TR001,OP025,West Pit,54.35,25.11,36.8,68.2,1.47,36.9,2.164,0
2025-12-18,TR021,OP034,Stockpile,85.85,40.93,21.7,130.4,2.4,35.7,2.097,0
2025-01-10,TR013,OP039,East Pit,26.4,18.2,73.9,167.4,0.85,31.2,1.451,0
2025-11-03,TR007,OP042,East Pit,86.12,30.13,51.1,63.1,3.66,23.5,2.858,0
2025-05-06,TR024,OP019,West Pit,116.78,44.69,51.9,226.4,3.17,36.8,2.613,0
2025-05-20,TR023,OP047,Crusher,33.26,21.67,76.1,59.5,1.72,19.3,1.535,0
2025-08-13,TR023,OP016,East Pit,106.92,44.12,84.3,149.6,5.75,18.6,2.423,0
2025-02-11,TR020,OP029,East Pit,52.91,22.84,57.8,47.1,1.62,32.7,2.317,0
2025-03-31,TR027,OP007,West Pit,96.0,55.01,25.3,108.5,3.77,25.4,1.745,0
2025-08-08,TR010,OP018,Stockpile,42.97,21.14,47.6,186.9,1.87,23.0,2.033,0
2025-02-12,TR008,OP013,North Pit,23.0,10.64,8.6,222.6,0.8,28.8,2.162,0
2025-09-15,TR025,OP043,North Pit,68.89,33.39,50.4,237.8,2.51,27.4,2.063,0
2025-01-22,TR011,OP014,South Pit,52.57,33.25,85.3,128.7,1.9,27.7,1.581,0
2025-10-21,TR021,OP027,North Pit,55.03,21.57,26.0,78.0,1.5,36.6,2.551,0
2025-12-08,TR029,OP050,West Pit,114.21,45.25,9.5,62.3,4.51,25.3,2.524,0
2025-09-04,TR023,OP025,North Pit,42.83,22.97,21.6,133.9,1.23,34.7,1.865,0
2025-03-08,TR006,OP049,Stockpile,20.93,11.99,33.1,75.6,0.57,36.4,1.746,0
2025-01-14,TR007,OP050,North Pit,89.06,47.7,38.2,167.2,3.9,22.8,1.867,0
2025-02-26,TR007,OP013,North Pit,70.33,34.58,59.3,99.7,3.6,19.6,2.034,0
2025-06-22,TR030,OP003,North Pit,99.64,32.55,39.5,226.9,3.93,25.4,3.061,0
2025-04-30,TR025,OP030,Crusher,16.23,8.22,25.5,179.8,0.52,31.2,1.974,0
2025-08-10,TR009,OP035,Stockpile,29.54,23.13,78.3,211.8,0.9,32.7,1.277,0
2025-08-17,TR027,OP019,North Pit,53.23,23.65,12.0,77.2,1.56,34.1,2.251,0
2025-02-15,TR017,OP032,East Pit,10.34,10.61,75.1,149.3,0.47,21.9,0.975,0
2025-12-17,TR011,OP047,South Pit,63.13,33.85,88.3,206.1,1.73,36.4,1.865,0
2025-06-23,TR007,OP034,West Pit,98.49,41.16,13.7,88.5,2.95,33.4,2.393,0
2025-12-24,TR029,OP020,North Pit,84.1,50.28,82.6,201.6,3.2,26.3,1.673,0
2025-07-28,TR008,OP026,East Pit,20.34,10.52,30.7,154.8,0.72,28.3,1.933,0
2025-09-27,TR029,OP008,Crusher,42.02,17.36,41.9,40.5,1.67,25.2,2.421,0
2025-07-03,TR005,OP011,Crusher,37.07,14.08,10.8,102.2,1.0,37.1,2.633,0
2025-08-22,TR022,OP038,Crusher,38.66,20.92,46.5,47.5,1.06,36.5,1.848,0
2025-02-05,TR024,OP019,West Pit,55.19,33.91,76.6,178.2,1.83,30.2,1.628,0
2025-06-03,TR024,OP022,West Pit,54.34,23.68,16.1,209.4,1.65,32.9,2.295,0
2025-02-21,TR010,OP045,North Pit,43.06,19.92,33.0,182.9,1.86,23.2,2.162,0
2025-08-22,TR023,OP046,East Pit,53.49,18.65,12.9,79.4,1.5,35.6,2.868,0
2025-05-31,TR027,OP031,East Pit,51.49,22.0,16.2,120.5,1.88,27.3,2.34,0
2025-02-26,TR023,OP011,Stockpile,31.13,14.9,46.6,158.4,1.42,22.0,2.089,0
2025-10-21,TR001,OP029,Stockpile,21.77,9.28,39.0,109.9,0.72,30.0,2.346,0
2025-02-20,TR008,OP041,Crusher,58.15,21.16,32.0,56.3,2.32,25.0,2.748,0
2025-05-31,TR020,OP038,Stockpile,42.57,17.21,21.1,50.7,2.3,18.5,2.474,0
2025-06-11,TR010,OP042,Stockpile,18.82,8.11,5.4,213.5,0.57,32.8,2.321,0
2025-07-06,TR023,OP032,Stockpile,27.25,17.24,47.5,236.9,1.0,27.2,1.581,0
2025-03-18,TR005,OP003,Stockpile,59.35,30.54,57.9,192.9,1.59,37.3,1.943,0
2025-11-30,TR022,OP044,North Pit,28.49,13.07,19.5,69.0,1.28,22.3,2.18,0
2025-02-20,TR017,OP036,North Pit,83.72,27.89,27.2,226.0,3.73,22.4,3.002,0
2025-10-15,TR025,OP014,Stockpile,85.94,43.35,47.7,188.0,2.3,37.3,1.982,0
2025-08-15,TR020,OP016,Crusher,112.61,62.08,12.6,225.1,3.53,31.9,1.814,0
2025-07-31,TR020,OP027,West Pit,18.53,13.24,61.2,134.3,0.56,33.3,1.4,0
2025-04-17,TR028,OP026,West Pit,51.92,25.36,36.9,156.0,1.49,34.8,2.047,0
2025-05-21,TR028,OP006,West Pit,42.68,26.69,87.2,231.9,1.45,29.4,1.599,0
2025-06-24,TR022,OP010,South Pit,32.75,23.45,71.9,90.2,0.96,34.2,1.397,0
2025-08-25,TR013,OP011,East Pit,78.21,40.09,6.4,161.4,2.31,33.9,1.951,0
2025-06-30,TR002,OP027,North Pit,72.47,46.18,83.5,70.3,3.33,21.8,1.569,0
2025-02-22,TR014,OP044,South Pit,26.22,15.22,33.7,43.3,1.1,23.8,1.723,0
2025-03-08,TR019,OP045,East Pit,88.58,29.45,25.1,217.2,2.77,32.0,3.008,0
2025-10-23,TR028,OP033,Stockpile,59.09,21.52,14.9,207.0,2.69,22.0,2.746,0
2025-01-01,TR008,OP010,North Pit,73.12,29.79,37.1,45.4,2.32,31.5,2.455,0
2025-06-25,TR028,OP019,East Pit,25.18,12.76,21.8,221.0,1.22,20.6,1.973,0
2025-03-22,TR009,OP008,West Pit,82.26,36.33,28.7,204.5,2.52,32.6,2.264,0
2025-01-08,TR003,OP010,North Pit,86.91,50.95,52.6,170.2,2.51,34.7,1.706,0
2025-06-19,TR006,OP002,Stockpile,81.52,31.47,69.4,117.2,2.58,31.5,2.59,0
2025-06-28,TR013,OP005,West Pit,41.85,27.22,89.4,106.4,1.31,32.1,1.537,0
2025-05-22,TR006,OP020,West Pit,91.46,37.55,78.4,70.7,4.07,22.5,2.436,0
2025-11-29,TR008,OP016,South Pit,108.68,57.56,30.1,95.7,3.84,28.3,1.888,0
2025-08-30,TR025,OP050,North Pit,54.85,25.6,10.3,236.5,1.63,33.6,2.143,0
2025-06-13,TR005,OP017,East Pit,59.71,41.07,84.7,55.2,1.73,34.5,1.454,0
2025-09-18,TR023,OP002,Stockpile,61.58,33.11,86.7,166.0,2.07,29.8,1.86,0
2025-02-11,TR009,OP039,West Pit,91.92,43.36,36.8,216.7,2.55,36.1,2.12,0
2025-11-29,TR028,OP012,Crusher,29.09,16.86,62.3,104.3,0.9,32.2,1.725,0
2025-07-11,TR013,OP019,Stockpile,108.57,47.81,56.9,125.7,3.13,34.6,2.271,0
2025-04-05,TR017,OP033,South Pit,22.98,17.27,59.1,80.2,0.69,33.3,1.331,0
2025-04-30,TR005,OP017,South Pit,90.23,29.06,15.0,211.5,2.48,36.3,3.105,0
2025-11-06,TR024,OP043,East Pit,87.09,35.88,59.8,207.9,2.49,34.9,2.427,0
2025-03-19,TR008,OP035,South Pit,45.12,22.96,89.2,224.1,1.46,30.9,1.965,0
2025-06-10,TR018,OP045,North Pit,113.71,66.1,81.3,180.3,3.87,29.4,1.72,0
2025-12-05,TR022,OP008,South Pit,98.26,54.52,33.7,135.4,4.86,20.2,1.802,0
2025-03-08,TR019,OP027,South Pit,112.61,39.69,67.7,80.8,4.42,25.5,2.837,0
2025-08-05,TR027,OP028,Crusher,110.33,68.24,66.4,106.7,4.13,26.7,1.617,0
2025-07-26,TR012,OP042,South Pit,46.2,19.43,61.6,134.5,2.06,22.4,2.378,0
2025-08-11,TR022,OP009,North Pit,55.65,25.61,56.9,108.7,2.98,18.7,2.173,0
2025-08-08,TR007,OP027,East Pit,9.95,10.65,58.2,71.8,0.29,34.1,0.934,0
2025-03-15,TR019,OP024,West Pit,30.01,15.98,51.0,155.7,0.79,37.9,1.878,0
2025-02-08,TR008,OP008,Stockpile,79.91,44.88,47.5,94.2,2.69,29.7,1.781,0
2025-02-26,TR015,OP050,Crusher,112.18,50.59,39.0,129.6,3.09,36.3,2.217,0
2025-05-04,TR029,OP049,Stockpile,86.11,49.18,46.3,150.4,2.6,33.1,1.751,0
2025-09-29,TR017,OP035,West Pit,79.74,30.1,57.2,65.8,4.32,18.5,2.649,0
2025-05-30,TR015,OP027,East Pit,71.6,34.66,82.4,57.2,2.1,34.0,2.066,0
2025-07-20,TR025,OP024,Crusher,11.1,10.4,48.9,173.4,0.37,30.1,1.067,0
2025-04-20,TR028,OP050,Stockpile,43.0,22.59,42.9,90.2,1.92,22.4,1.903,0
2025-04-14,TR018,OP022,Crusher,28.23,12.2,21.5,128.8,1.49,19.0,2.314,0
2025-09-11,TR015,OP042,South Pit,45.01,24.01,70.3,59.0,2.23,20.2,1.875,0
2025-07-21,TR023,OP004,West Pit,67.75,30.27,49.0,73.7,2.17,31.2,2.238,0
2025-02-20,TR007,OP010,West Pit,81.61,38.02,61.3,89.8,3.31,24.6,2.147,0
2025-01-29,TR025,OP011,Crusher,69.81,28.79,32.8,140.0,1.85,37.7,2.425,0
2025-06-21,TR019,OP017,South Pit,33.29,11.38,10.6,169.7,1.71,19.4,2.925,0
2025-03-02,TR020,OP025,North Pit,48.32,16.61,25.2,46.2,1.74,27.7,2.909,0
2025-01-04,TR004,OP027,West Pit,67.15,28.65,55.0,61.2,3.5,19.2,2.344,0
2025-08-16,TR023,OP003,South Pit,62.18,27.94,80.7,136.5,2.87,21.7,2.225,0
2025-04-18,TR006,OP023,West Pit,70.82,30.28,6.5,55.7,2.95,24.0,2.339,0
2025-05-26,TR012,OP042,Stockpile,90.07,48.27,65.2,58.3,2.81,32.1,1.866,0
2025-12-21,TR023,OP046,East Pit,114.3,49.53,87.9,176.3,3.45,33.1,2.308,0
2025-07-02,TR024,OP040,Crusher,87.15,29.27,17.0,57.7,2.42,36.1,2.977,0
2025-02-03,TR004,OP032,Crusher,49.74,23.33,20.8,217.3,2.53,19.6,2.132,0
2025-06-14,TR017,OP001,East Pit,68.86,30.14,39.4,233.8,1.82,37.9,2.285,0
2025-10-08,TR028,OP001,Crusher,95.95,51.42,11.9,103.7,3.7,26.0,1.866,0
2025-11-25,TR012,OP035,West Pit,70.68,42.85,65.0,102.6,2.21,32.0,1.649,0
2025-06-21,TR007,OP020,Stockpile,50.6,31.14,77.6,152.1,1.73,29.2,1.625,0
2025-11-07,TR025,OP013,Crusher,11.16,6.15,11.7,170.4,0.4,28.2,1.815,0
2025-03-29,TR017,OP023,East Pit,54.81,19.4,13.7,60.1,2.08,26.3,2.825,0
2025-12-23,TR030,OP009,South Pit,54.72,32.59,65.0,150.3,1.69,32.4,1.679,0
2025-08-22,TR001,OP010,North Pit,111.28,47.44,89.7,108.9,3.03,36.7,2.346,0
2025-09-16,TR016,OP009,East Pit,85.92,33.49,71.4,234.2,4.29,20.0,2.566,0
2025-10-09,TR024,OP001,Stockpile,85.04,48.01,73.3,197.5,2.36,36.1,1.771,0
2025-10-26,TR018,OP005,North Pit,111.81,69.27,58.2,180.6,4.35,25.7,1.614,0
2025-02-21,TR013,OP037,East Pit,118.07,58.06,19.2,123.0,4.66,25.3,2.034,0
2025-12-15,TR016,OP040,Crusher,105.18,57.77,59.5,166.9,2.91,36.1,1.821,0
2025-11-08,TR002,OP026,East Pit,30.48,15.52,20.4,59.0,1.53,19.9,1.964,0
2025-04-08,TR021,OP016,Stockpile,14.24,11.06,55.6,80.8,0.47,30.1,1.288,0
2025-04-01,TR002,OP036,Stockpile,26.83,13.8,47.2,173.1,1.15,23.4,1.944,0
2025-02-11,TR006,OP040,East Pit,16.42,12.49,62.5,216.0,0.8,20.5,1.315,0
2025-10-10,TR007,OP011,Stockpile,108.72,38.76,30.4,145.1,4.4,24.7,2.805,0
2025-05-23,TR019,OP020,West Pit,67.09,28.01,62.7,145.5,2.58,26.0,2.395,0
2025-01-17,TR011,OP029,Crusher,114.24,48.95,31.5,141.3,4.29,26.6,2.334,0
2025-07-01,TR026,OP045,East Pit,81.38,28.63,23.9,54.1,3.6,22.6,2.842,0
2025-04-10,TR005,OP020,Stockpile,48.94,16.93,18.3,90.8,1.32,37.2,2.891,0
2025-12-15,TR012,OP006,East Pit,46.99,22.38,39.2,42.4,2.48,18.9,2.1,0
2025-07-22,TR001,OP040,North Pit,18.04,14.02,60.5,139.4,0.67,26.8,1.287,0
2025-02-20,TR016,OP018,Stockpile,35.59,15.89,35.0,234.3,0.95,37.3,2.24,0
2025-11-12,TR029,OP048,North Pit,46.38,20.98,65.6,163.5,1.24,37.4,2.211,0
2025-07-28,TR015,OP003,Stockpile,66.78,25.87,31.6,206.9,3.11,21.5,2.581,0
2025-10-10,TR020,OP038,Crusher,88.62,40.79,11.7,186.1,2.54,34.9,2.173,0
2025-01-31,TR005,OP004,Crusher,67.23,25.09,38.0,113.6,2.49,27.0,2.68,0
2025-06-02,TR012,OP034,West Pit,45.31,21.3,15.3,42.3,1.25,36.2,2.127,0
2025-09-18,TR010,OP048,South Pit,27.63,15.97,60.4,65.8,1.13,24.4,1.73,0
2025-09-22,TR015,OP035,North Pit,88.48,36.4,34.9,170.8,4.22,21.0,2.431,0
2025-05-29,TR006,OP007,West Pit,91.84,32.22,45.0,134.5,4.06,22.6,2.85,0
2025-07-16,TR001,OP015,Crusher,17.77,14.96,78.2,131.3,0.5,35.2,1.188,0
2025-04-03,TR007,OP017,West Pit,116.83,78.39,70.2,188.1,4.22,27.7,1.49,1
2025-02-09,TR030,OP013,North Pit,27.74,11.87,32.0,136.4,0.85,32.6,2.337,0
2025-11-08,TR013,OP046,Crusher,32.99,15.92,19.0,87.2,1.38,23.9,2.072,0
2025-01-31,TR015,OP025,Stockpile,50.88,25.04,57.4,52.6,2.51,20.3,2.032,0
2025-12-06,TR009,OP005,Stockpile,108.26,41.33,78.8,177.4,4.3,25.2,2.619,0
2025-04-22,TR027,OP032,Stockpile,47.55,27.49,55.9,156.1,1.26,37.6,1.73,0
2025-12-19,TR011,OP033,East Pit,26.74,13.81,7.6,111.1,0.82,32.6,1.936,0
2025-05-20,TR007,OP023,South Pit,114.1,59.17,71.0,115.0,4.68,24.4,1.928,0
2025-11-20,TR022,OP003,Crusher,37.81,16.34,49.8,193.3,1.27,29.8,2.314,0
2025-11-11,TR023,OP031,Stockpile,48.34,27.85,78.8,41.0,2.56,18.9,1.736,0
2025-02-16,TR006,OP014,North Pit,18.57,8.82,60.6,140.1,0.58,31.8,2.105,0
2025-09-06,TR019,OP031,Stockpile,107.51,33.79,17.9,223.7,5.75,18.7,3.182,0
2025-03-17,TR012,OP026,North Pit,10.18,13.31,74.7,227.7,0.29,34.7,0.765,0
2025-09-22,TR027,OP036,South Pit,82.62,37.74,80.6,214.9,3.31,24.9,2.189,0
2025-12-13,TR002,OP022,North Pit,94.22,39.16,77.0,220.1,4.42,21.3,2.406,0
2025-12-26,TR009,OP046,North Pit,66.9,26.83,11.2,49.0,2.24,29.9,2.493,0
2025-01-20,TR003,OP029,South Pit,72.23,26.27,74.6,191.4,3.41,21.2,2.75,0
2025-01-16,TR029,OP046,South Pit,24.91,9.59,7.6,147.9,1.17,21.3,2.597,0
2025-06-14,TR025,OP042,North Pit,99.08,36.3,18.7,207.1,2.9,34.2,2.729,0
2025-01-20,TR026,OP034,Stockpile,42.09,19.4,6.2,52.7,1.54,27.3,2.17,0
2025-11-08,TR003,OP022,Crusher,26.14,17.91,81.7,125.2,0.97,27.1,1.46,0
2025-01-14,TR029,OP004,North Pit,10.52,5.88,12.7,152.8,0.38,27.5,1.789,0
2025-12-15,TR025,OP024,East Pit,95.98,42.54,53.5,122.8,4.09,23.5,2.256,0
2025-09-26,TR018,OP048,West Pit,26.16,19.59,51.7,138.0,1.2,21.8,1.335,0
2025-07-23,TR023,OP014,West Pit,92.03,52.57,67.1,138.5,3.16,29.1,1.751,0
2025-12-16,TR016,OP047,Stockpile,26.06,17.68,27.1,213.5,0.82,32.0,1.474,0
2025-06-10,TR024,OP003,West Pit,98.97,109.97,12.7,84.2,2.65,37.3,0.9,1
2025-01-05,TR019,OP020,South Pit,46.45,26.73,87.0,175.4,1.28,36.3,1.738,0
2025-09-25,TR017,OP025,East Pit,73.9,44.5,82.9,109.6,4.01,18.4,1.661,0
2025-05-23,TR001,OP003,North Pit,71.18,23.44,13.6,188.6,2.31,30.8,3.037,0
2025-05-12,TR005,OP013,East Pit,74.21,64.97,39.7,210.0,2.09,35.4,1.142,1
2025-12-02,TR015,OP048,West Pit,48.51,34.83,89.1,178.3,1.85,26.2,1.393,0
2025-07-09,TR022,OP030,Stockpile,71.91,28.83,22.5,83.3,3.94,18.2,2.494,0
2025-03-27,TR021,OP026,Crusher,25.39,17.1,52.3,126.9,0.73,34.7,1.485,0
2025-02-28,TR009,OP038,West Pit,12.43,10.94,78.4,138.8,0.64,19.3,1.136,0
2025-06-25,TR026,OP011,North Pit,73.99,27.01,89.9,91.7,2.7,27.4,2.739,0
2025-07-06,TR017,OP022,North Pit,64.32,23.81,12.7,68.6,2.12,30.3,2.701,0
2025-06-16,TR008,OP025,Stockpile,78.69,33.12,67.6,98.3,2.38,33.0,2.376,0
2025-02-15,TR018,OP016,West Pit,119.89,40.84,11.6,102.8,4.56,26.3,2.936,0
2025-09-04,TR014,OP041,Stockpile,70.78,32.49,79.7,42.5,3.8,18.6,2.179,0
2025-08-11,TR011,OP035,East Pit,94.85,36.78,5.9,109.9,4.09,23.2,2.579,0
2025-10-11,TR012,OP020,South Pit,37.53,19.96,16.2,41.4,1.3,28.8,1.88,0
2025-05-17,TR029,OP013,East Pit,30.89,16.34,60.7,192.6,1.45,21.2,1.89,0
2025-10-28,TR020,OP043,West Pit,16.82,7.97,27.0,177.6,0.71,23.7,2.11,0
2025-10-08,TR011,OP047,Stockpile,56.53,26.82,72.8,92.3,1.57,36.0,2.108,0
2025-09-17,TR001,OP050,West Pit,106.7,39.52,29.3,104.4,2.99,35.7,2.7,0
2025-09-19,TR013,OP045,East Pit,13.24,5.89,10.5,111.5,0.37,35.3,2.248,0
2025-02-23,TR030,OP044,East Pit,84.2,44.69,68.3,114.0,2.51,33.5,1.884,0
2025-12-19,TR006,OP037,Stockpile,31.27,18.04,48.2,218.8,0.94,33.1,1.733,0
2025-01-05,TR017,OP004,West Pit,65.53,33.22,14.8,60.7,1.77,37.1,1.973,0
2025-05-21,TR027,OP037,North Pit,40.96,18.07,79.4,192.8,1.63,25.2,2.267,0
2025-12-28,TR010,OP035,South Pit,95.87,57.26,41.2,126.6,3.88,24.7,1.674,0
2025-05-02,TR019,OP043,South Pit,19.77,16.43,77.6,173.7,0.65,30.5,1.203,0
2025-10-29,TR001,OP037,East Pit,47.54,16.99,24.2,81.9,2.21,21.5,2.798,0
2025-06-24,TR018,OP010,Stockpile,98.89,49.52,82.3,106.2,4.27,23.1,1.997,0
2025-10-01,TR009,OP044,South Pit,14.71,8.48,20.3,172.4,0.55,26.9,1.735,0
2025-10-18,TR015,OP035,East Pit,79.94,37.3,6.4,88.9,2.43,32.9,2.143,0
2025-10-25,TR008,OP046,North Pit,84.29,39.51,49.1,163.7,4.1,20.6,2.133,0
2025-05-09,TR025,OP001,West Pit,23.22,13.3,26.4,239.7,1.06,22.0,1.746,0
2025-06-18,TR025,OP046,North Pit,109.3,44.01,74.4,147.1,3.84,28.5,2.484,0
2025-09-06,TR011,OP014,Crusher,80.51,37.82,85.8,116.3,2.19,36.8,2.129,0
2025-04-19,TR029,OP002,North Pit,95.13,36.22,50.4,157.5,2.59,36.7,2.626,0
2025-07-26,TR003,OP045,North Pit,30.92,16.0,56.6,114.2,0.83,37.3,1.932,0
2025-11-08,TR007,OP014,Crusher,35.82,21.54,86.5,188.3,1.48,24.2,1.663,0
2025-07-25,TR004,OP013,Stockpile,44.49,13.73,8.7,41.7,2.02,22.0,3.24,0
2025-07-16,TR006,OP008,East Pit,59.51,23.54,32.0,197.3,1.69,35.3,2.528,0
2025-02-05,TR005,OP017,West Pit,50.93,17.79,15.3,185.4,1.45,35.1,2.863,0
2025-12-17,TR010,OP011,Stockpile,28.28,12.9,69.8,67.1,1.37,20.6,2.192,0
2025-01-03,TR009,OP006,North Pit,71.43,35.92,29.1,144.6,2.16,33.1,1.989,0
2025-03-15,TR016,OP049,West Pit,75.69,44.06,59.7,233.3,3.5,21.7,1.718,0
2025-02-27,TR017,OP036,North Pit,11.26,13.7,87.2,59.4,0.35,32.4,0.822,0
2025-05-26,TR008,OP045,East Pit,81.59,27.65,21.5,121.0,2.57,31.7,2.951,0
2025-08-21,TR018,OP002,North Pit,111.74,44.59,21.2,223.7,2.96,37.7,2.506,0
2025-11-24,TR029,OP038,East Pit,30.58,14.13,30.0,203.1,1.5,20.3,2.164,0
2025-01-07,TR006,OP011,South Pit,41.92,27.86,76.8,77.8,1.54,27.2,1.505,0
2025-03-21,TR005,OP039,West Pit,102.94,54.64,58.5,230.3,2.92,35.2,1.884,0
2025-08-15,TR009,OP027,South Pit,50.73,29.98,59.7,124.1,1.52,33.4,1.692,0
2025-09-19,TR017,OP024,South Pit,24.33,12.94,7.7,116.0,1.05,23.1,1.88,0
2025-09-28,TR021,OP001,Stockpile,87.79,43.7,51.4,178.5,3.19,27.5,2.009,0
2025-11-04,TR016,OP009,East Pit,67.43,38.36,52.5,124.8,2.65,25.5,1.758,0
2025-01-06,TR018,OP044,East Pit,88.09,50.6,56.7,158.2,2.33,37.7,1.741,0
2025-07-05,TR027,OP040,South Pit,93.21,53.45,41.0,107.5,3.61,25.8,1.744,0
2025-07-13,TR017,OP009,Crusher,108.94,41.79,8.8,235.0,2.93,37.2,2.607,0
2025-04-12,TR027,OP044,North Pit,61.32,24.81,15.0,224.5,1.62,37.9,2.472,0
2025-12-15,TR007,OP015,Crusher,118.54,58.12,66.8,210.8,3.45,34.3,2.04,0
2025-10-09,TR014,OP045,North Pit,14.76,6.11,10.4,45.3,0.54,27.4,2.416,0
2025-10-17,TR019,OP006,Crusher,52.31,33.56,41.4,162.9,2.3,22.7,1.559,0
2025-11-25,TR023,OP017,East Pit,118.88,52.78,76.1,65.9,4.17,28.5,2.252,0
2025-10-22,TR013,OP032,North Pit,113.12,43.09,68.4,185.6,4.3,26.3,2.625,0
2025-01-09,TR009,OP017,West Pit,8.27,8.16,89.3,78.2,0.28,29.0,1.013,0
2025-03-09,TR005,OP040,East Pit,62.48,39.17,33.6,220.1,2.1,29.7,1.595,0
2025-09-14,TR030,OP001,South Pit,105.96,45.17,23.6,188.8,2.91,36.4,2.346,0
2025-08-11,TR028,OP043,East Pit,74.1,24.78,18.3,215.3,2.19,33.8,2.99,0
2025-06-26,TR003,OP019,West Pit,51.16,28.6,57.3,189.3,1.43,35.7,1.789,0
2025-08-23,TR026,OP043,North Pit,116.5,40.18,17.4,101.7,6.42,18.2,2.899,0
2025-07-31,TR006,OP024,Stockpile,34.17,19.78,85.8,175.7,1.05,32.4,1.728,0
2025-08-06,TR014,OP018,Stockpile,99.42,36.92,58.6,147.8,4.11,24.2,2.693,0
2025-11-10,TR021,OP005,Stockpile,87.6,28.06,41.9,222.6,2.96,29.6,3.122,0
2025-03-06,TR006,OP024,East Pit,31.48,21.12,62.6,225.4,1.0,31.4,1.491,0
2025-01-23,TR007,OP044,North Pit,92.05,36.84,75.4,100.8,3.08,29.9,2.499,0
2025-12-23,TR008,OP031,North Pit,101.88,51.25,54.0,169.8,2.94,34.7,1.988,0
2025-02-19,TR019,OP034,East Pit,71.26,34.66,31.9,171.4,2.85,25.0,2.056,0
2025-01-04,TR003,OP041,Crusher,42.55,24.6,31.7,69.9,1.36,31.3,1.73,0
2025-07-11,TR005,OP012,West Pit,69.19,61.88,7.5,185.7,1.86,37.2,1.118,1
2025-01-03,TR026,OP006,Stockpile,59.7,68.79,62.1,169.8,1.93,30.9,0.868,1
2025-06-22,TR022,OP008,Stockpile,55.16,20.95,16.7,141.0,1.83,30.2,2.633,0
2025-12-05,TR009,OP046,South Pit,18.82,11.79,46.3,224.9,0.83,22.6,1.596,0
2025-04-24,TR008,OP016,West Pit,59.11,29.03,38.8,79.2,1.86,31.9,2.036,0
2025-04-22,TR030,OP019,Stockpile,66.86,23.5,24.4,216.7,1.93,34.7,2.845,0
2025-05-05,TR018,OP048,South Pit,66.49,35.64,32.4,215.2,2.12,31.4,1.866,0
2025-02-23,TR025,OP030,Stockpile,37.67,14.25,17.3,86.4,1.47,25.6,2.644,0
2025-05-21,TR001,OP045,North Pit,13.85,12.64,41.9,182.2,0.48,28.8,1.096,0
2025-08-13,TR009,OP019,East Pit,18.74,9.67,13.9,158.6,0.6,31.1,1.938,0
2025-04-16,TR009,OP037,East Pit,54.88,56.86,86.7,235.2,2.1,26.1,0.965,1
2025-11-08,TR009,OP005,East Pit,56.95,23.29,34.2,164.9,1.64,34.8,2.445,0
2025-04-03,TR018,OP010,Stockpile,31.46,21.94,69.2,191.9,1.24,25.4,1.434,0
2025-03-16,TR011,OP018,West Pit,94.96,50.22,29.4,228.5,3.05,31.2,1.891,0
2025-08-01,TR030,OP036,South Pit,69.84,47.55,65.2,221.4,2.07,33.7,1.469,0
2025-12-14,TR002,OP019,East Pit,34.11,15.6,54.6,159.1,1.72,19.8,2.187,0
2025-07-13,TR014,OP022,Stockpile,74.44,33.31,20.4,156.5,3.76,19.8,2.235,0
2025-08-19,TR016,OP002,East Pit,18.41,14.0,45.7,224.7,0.54,33.9,1.315,0
2025-12-08,TR019,OP035,East Pit,17.13,16.28,65.8,164.8,0.6,28.7,1.052,0
2025-07-01,TR022,OP048,East Pit,83.98,39.56,22.7,136.6,4.37,19.2,2.123,0
2025-01-02,TR007,OP010,South Pit,35.52,16.6,17.3,188.6,1.15,30.9,2.14,0
2025-09-25,TR026,OP037,North Pit,18.85,9.21,43.3,217.1,0.56,33.7,2.047,0
2025-04-16,TR010,OP038,West Pit,97.93,48.39,17.2,129.5,3.43,28.5,2.024,0
2025-12-31,TR014,OP024,South Pit,37.77,22.34,57.2,211.4,1.08,35.0,1.691,0
2025-04-14,TR007,OP017,North Pit,79.8,50.46,67.9,43.7,3.71,21.5,1.581,0
2025-11-20,TR024,OP031,Crusher,11.48,9.47,42.8,62.0,0.55,21.1,1.212,0
2025-09-02,TR016,OP039,South Pit,28.15,20.77,47.6,128.5,1.15,24.4,1.355,0
2025-02-16,TR014,OP025,Crusher,29.35,15.12,45.4,83.2,1.25,23.5,1.941,0
2025-07-09,TR025,OP019,Stockpile,16.46,15.68,89.2,207.7,0.82,20.1,1.05,0
2025-03-04,TR020,OP030,East Pit,95.77,41.35,32.1,125.8,3.26,29.4,2.316,0
2025-10-31,TR029,OP009,South Pit,93.75,41.92,12.0,83.0,2.81,33.3,2.236,0
2025-06-21,TR010,OP041,Stockpile,28.88,20.02,82.3,122.2,1.12,25.8,1.443,0
2025-05-29,TR014,OP002,North Pit,85.96,41.91,24.6,161.2,3.89,22.1,2.051,0
2025-11-18,TR001,OP045,West Pit,52.55,20.91,64.9,98.9,2.79,18.8,2.513,0
2025-09-02,TR005,OP011,Stockpile,78.2,34.45,66.4,41.8,2.25,34.7,2.27,0
2025-12-25,TR008,OP033,East Pit,108.45,40.84,87.3,142.7,4.31,25.2,2.655,0
2025-09-16,TR009,OP035,West Pit,97.63,50.6,36.2,65.1,2.6,37.6,1.929,0
2025-06-10,TR002,OP001,East Pit,86.92,40.19,62.5,59.3,3.84,22.6,2.163,0
2025-12-23,TR014,OP009,Stockpile,77.36,44.49,58.5,143.0,2.92,26.5,1.739,0
2025-08-16,TR017,OP029,Stockpile,63.43,37.05,85.1,87.5,3.52,18.0,1.712,0
2025-02-17,TR020,OP009,West Pit,115.52,55.81,58.9,104.0,3.46,33.3,2.07,0
2025-05-22,TR030,OP026,North Pit,112.87,44.5,30.3,210.4,3.14,36.0,2.536,0
2025-09-30,TR026,OP022,North Pit,75.07,31.04,54.6,138.2,3.0,25.0,2.418,0
2025-03-08,TR029,OP050,South Pit,60.34,28.28,59.0,60.8,1.88,32.1,2.134,0
2025-01-24,TR022,OP016,East Pit,53.92,19.73,17.8,92.0,1.43,37.7,2.733,0
2025-07-06,TR028,OP011,Stockpile,33.19,27.93,86.1,122.6,1.34,24.7,1.188,0
2025-08-14,TR006,OP003,North Pit,48.89,27.79,83.9,217.3,1.77,27.7,1.759,0
2025-12-02,TR003,OP001,North Pit,25.66,14.54,26.2,182.9,0.72,35.8,1.765,0
2025-02-09,TR016,OP032,East Pit,80.51,35.45,42.3,112.7,2.79,28.9,2.271,0
2025-03-26,TR030,OP031,South Pit,86.32,33.95,20.8,40.1,4.41,19.6,2.543,0
2025-01-23,TR019,OP017,East Pit,28.26,11.22,39.7,65.5,1.2,23.6,2.519,0
2025-03-05,TR024,OP036,South Pit,87.4,40.08,24.3,209.6,2.63,33.3,2.181,0
2025-08-13,TR001,OP035,Stockpile,101.66,45.56,87.3,122.7,3.24,31.3,2.231,0
2025-07-03,TR013,OP038,Stockpile,11.65,15.85,82.7,216.7,0.49,24.0,0.735,0
2025-11-05,TR014,OP014,North Pit,72.4,37.25,70.2,66.5,2.98,24.3,1.944,0
2025-10-01,TR015,OP046,North Pit,42.24,17.41,6.2,159.6,1.73,24.4,2.426,0
2025-02-20,TR025,OP003,West Pit,65.13,36.54,21.5,239.9,2.0,32.6,1.782,0
2025-07-09,TR017,OP008,South Pit,43.7,26.89,79.1,96.0,1.16,37.5,1.625,0
2025-10-01,TR015,OP023,South Pit,29.62,13.73,46.2,193.8,1.04,28.6,2.157,0
2025-07-05,TR030,OP032,East Pit,117.38,47.97,48.0,71.5,4.96,23.6,2.447,0
2025-04-24,TR018,OP015,East Pit,9.43,10.23,56.2,40.6,0.49,19.3,0.922,0
2025-10-23,TR004,OP027,North Pit,74.51,25.13,49.7,159.2,2.26,33.0,2.965,0
2025-02-27,TR001,OP046,West Pit,19.82,27.23,79.1,175.4,0.88,22.4,0.728,1
2025-02-06,TR028,OP041,Stockpile,109.15,36.4,6.5,63.7,3.22,33.9,2.999,0
2025-11-30,TR014,OP030,North Pit,53.32,23.87,22.3,96.5,2.64,20.2,2.234,0
2025-03-26,TR004,OP016,East Pit,29.64,16.96,38.7,67.2,1.16,25.5,1.748,0
2025-06-17,TR013,OP017,Stockpile,70.09,29.53,75.8,166.1,2.46,28.5,2.374,0
2025-06-03,TR023,OP039,East Pit,55.69,27.17,46.0,227.7,2.4,23.2,2.05,0
2025-09-08,TR012,OP036,Crusher,36.92,28.31,81.9,210.2,1.14,32.3,1.304,0
2025-08-15,TR027,OP038,South Pit,23.52,12.12,36.4,178.9,1.17,20.2,1.941,0
2025-08-12,TR023,OP010,Stockpile,36.15,15.21,58.6,57.7,1.23,29.4,2.377,0
2025-08-24,TR016,OP046,Crusher,88.68,36.34,64.1,235.1,3.22,27.6,2.44,0
2025-07-28,TR004,OP014,Crusher,119.82,57.82,66.5,104.8,3.58,33.5,2.072,0
2025-07-21,TR009,OP029,South Pit,8.22,9.9,45.7,160.3,0.28,29.3,0.83,0
2025-03-09,TR017,OP016,North Pit,11.35,12.3,89.6,101.9,0.46,24.7,0.923,0
2025-11-17,TR005,OP046,Crusher,107.49,56.52,57.0,190.1,3.55,30.2,1.902,0
2025-06-03,TR028,OP021,North Pit,93.97,42.76,54.4,145.2,3.59,26.2,2.198,0
2025-05-02,TR021,OP021,North Pit,70.22,27.57,64.5,186.9,2.31,30.3,2.547,0
2025-10-20,TR009,OP024,North Pit,80.41,41.64,74.1,108.3,3.12,25.8,1.931,0
2025-09-06,TR013,OP007,South Pit,13.66,7.34,23.9,141.7,0.56,24.2,1.861,0
2025-04-05,TR029,OP004,North Pit,31.01,21.66,59.2,154.2,0.84,36.7,1.432,0
2025-10-28,TR016,OP008,North Pit,64.75,24.25,30.7,138.2,2.25,28.8,2.67,0
2025-01-31,TR010,OP002,North Pit,52.03,22.75,86.1,175.7,1.52,34.2,2.287,0
2025-04-06,TR030,OP033,Crusher,73.19,28.18,40.8,155.1,2.19,33.5,2.597,0
2025-09-07,TR015,OP035,West Pit,105.18,39.78,41.8,106.4,3.81,27.6,2.644,0
2025-12-01,TR022,OP004,East Pit,106.96,45.46,68.5,82.6,3.37,31.7,2.353,0
2025-10-02,TR002,OP020,Stockpile,90.34,48.49,14.0,83.6,2.89,31.3,1.863,0
2025-11-07,TR013,OP037,West Pit,99.01,44.21,75.4,68.2,3.56,27.8,2.24,0
2025-10-30,TR024,OP042,North Pit,76.82,33.59,78.6,87.2,2.29,33.5,2.287,0
2025-08-07,TR010,OP046,East Pit,69.04,32.3,10.5,72.3,1.89,36.5,2.137,0
2025-08-14,TR007,OP025,West Pit,28.65,14.86,53.2,211.6,1.18,24.3,1.928,0
2025-05-20,TR004,OP036,Stockpile,41.6,23.6,53.5,53.5,2.04,20.4,1.763,0
2025-04-19,TR019,OP018,South Pit,56.83,18.51,5.3,150.6,1.67,34.1,3.07,0
2025-01-25,TR009,OP022,South Pit,14.37,5.37,6.4,98.7,0.43,33.1,2.676,0
2025-03-05,TR027,OP012,Crusher,60.63,30.18,45.2,194.9,2.41,25.2,2.009,0
2025-09-07,TR012,OP010,South Pit,50.82,21.53,20.2,172.3,1.96,25.9,2.36,0
2025-04-22,TR006,OP031,South Pit,78.37,39.05,71.8,92.9,2.58,30.3,2.007,0
2025-10-15,TR025,OP042,Crusher,91.81,31.4,32.0,238.1,4.12,22.3,2.924,0
2025-01-01,TR027,OP031,Stockpile,34.93,16.98,40.0,94.6,1.21,28.9,2.057,0
2025-12-27,TR001,OP019,South Pit,92.42,51.41,82.8,177.4,4.99,18.5,1.798,0
2025-04-04,TR019,OP024,Crusher,115.31,57.81,23.1,52.5,4.4,26.2,1.995,0
2025-09-03,TR021,OP005,Stockpile,119.65,37.91,13.1,70.0,6.44,18.6,3.156,0
2025-06-25,TR016,OP023,South Pit,28.28,16.27,72.0,198.1,1.24,22.8,1.738,0
2025-05-13,TR026,OP049,Stockpile,119.38,51.98,8.6,54.8,3.37,35.5,2.297,0
2025-11-01,TR030,OP008,West Pit,23.69,12.27,47.2,49.5,1.02,23.3,1.931,0
2025-10-23,TR017,OP011,East Pit,99.99,36.6,49.7,173.7,3.94,25.4,2.732,0
2025-04-05,TR024,OP017,South Pit,20.11,15.46,79.9,91.4,0.64,31.7,1.301,0
2025-10-27,TR011,OP031,South Pit,79.17,37.27,71.5,109.5,2.5,31.7,2.124,0
2025-02-10,TR016,OP021,North Pit,78.2,50.43,65.1,187.0,2.14,36.5,1.551,0
2025-12-25,TR010,OP005,Crusher,45.34,20.24,52.9,102.0,2.27,20.0,2.24,0
2025-04-24,TR009,OP030,West Pit,117.33,54.17,87.0,169.1,4.44,26.4,2.166,0
2025-12-13,TR027,OP016,Crusher,44.82,19.84,36.1,119.0,1.71,26.2,2.259,0
2025-10-23,TR009,OP028,West Pit,50.97,19.73,37.9,158.1,1.48,34.3,2.583,0
2025-07-10,TR018,OP045,South Pit,14.11,5.56,7.4,181.4,0.61,23.2,2.538,0
2025-12-14,TR027,OP004,Stockpile,39.9,16.13,14.4,164.8,1.17,34.1,2.474,0
2025-02-07,TR015,OP018,North Pit,36.92,15.35,17.8,204.3,1.88,19.6,2.405,0
2025-01-28,TR029,OP007,Stockpile,16.85,11.77,50.3,227.3,0.59,28.5,1.432,0
2025-09-22,TR006,OP005,Crusher,96.79,46.7,27.9,59.0,4.33,22.3,2.073,0
2025-10-13,TR028,OP040,West Pit,26.25,11.69,28.0,157.7,1.38,19.0,2.246,0
2025-01-25,TR006,OP015,East Pit,35.96,22.72,62.2,196.7,1.99,18.1,1.583,0
2025-06-18,TR011,OP017,Crusher,113.79,59.26,35.1,152.3,3.24,35.1,1.92,0
2025-01-10,TR021,OP002,South Pit,62.27,35.33,30.5,81.7,1.86,33.4,1.763,0
2025-06-17,TR005,OP043,East Pit,114.18,55.07,63.5,137.8,3.92,29.2,2.073,0
2025-09-11,TR012,OP011,West Pit,15.61,9.28,66.9,118.3,0.68,23.0,1.682,0
2025-07-06,TR007,OP043,North Pit,58.26,20.4,17.9,85.2,1.74,33.6,2.856,0
2025-05-06,TR004,OP032,Stockpile,58.4,30.9,19.8,173.2,1.61,36.2,1.89,0
2025-10-04,TR010,OP030,East Pit,24.37,11.17,24.4,213.7,1.0,24.3,2.182,0
2025-07-02,TR015,OP014,South Pit,18.03,10.29,51.0,115.5,0.51,35.2,1.752,0
2025-12-01,TR006,OP028,Crusher,114.5,58.21,82.1,150.5,3.75,30.5,1.967,0
2025-01-25,TR004,OP003,Stockpile,103.58,45.4,76.6,139.0,2.77,37.4,2.281,0
2025-02-16,TR027,OP039,Crusher,30.91,18.32,46.2,103.5,1.65,18.8,1.687,0
2025-06-12,TR020,OP005,West Pit,54.04,32.28,18.8,203.5,2.17,24.9,1.674,0
2025-04-05,TR008,OP031,South Pit,62.84,24.03,27.1,59.4,2.94,21.4,2.615,0
2025-02-08,TR016,OP029,West Pit,65.84,35.95,18.9,150.0,3.15,20.9,1.831,0
2025-09-12,TR018,OP045,Stockpile,88.04,44.26,40.9,162.8,3.95,22.3,1.989,0
2025-04-24,TR024,OP016,North Pit,103.09,55.23,6.7,70.6,3.99,25.8,1.867,0
2025-01-03,TR015,OP041,West Pit,100.89,37.63,78.4,109.0,4.22,23.9,2.681,0
2025-11-10,TR010,OP037,North Pit,67.94,34.17,89.7,114.5,1.92,35.4,1.988,0
2025-09-10,TR012,OP008,South Pit,112.79,41.18,65.3,239.4,3.46,32.6,2.739,0
2025-10-10,TR007,OP036,Stockpile,41.16,19.51,71.9,97.2,1.21,33.9,2.11,0
2025-06-17,TR016,OP046,South Pit,35.52,11.98,14.7,131.3,1.1,32.4,2.965,0
2025-02-03,TR028,OP039,North Pit,83.55,37.63,78.6,158.5,2.81,29.7,2.22,0
2025-06-14,TR016,OP012,Crusher,73.21,26.93,35.3,201.8,2.25,32.6,2.719,0
2025-04-07,TR016,OP039,Crusher,22.59,11.15,19.0,159.9,0.67,33.6,2.026,0
2025-09-28,TR011,OP016,Stockpile,100.75,54.86,42.9,215.3,3.02,33.3,1.836,0
2025-09-15,TR020,OP016,North Pit,36.36,15.89,15.0,118.5,1.42,25.6,2.288,0
2025-05-13,TR022,OP043,West Pit,29.56,15.0,18.1,173.3,0.82,36.1,1.971,0
2025-05-18,TR017,OP043,North Pit,79.19,47.52,84.4,161.8,3.15,25.2,1.666,0
2025-02-20,TR019,OP050,West Pit,119.28,69.78,40.9,201.3,6.1,19.6,1.709,0
2025-05-24,TR006,OP032,West Pit,23.78,13.81,75.0,121.7,0.81,29.5,1.722,0
2025-08-26,TR016,OP004,Crusher,76.49,35.03,52.3,195.6,3.41,22.4,2.184,0
2025-03-03,TR029,OP014,North Pit,30.42,13.65,7.8,154.6,0.85,35.8,2.229,0
2025-10-13,TR022,OP047,North Pit,115.19,41.4,5.2,85.1,4.59,25.1,2.782,0
2025-09-02,TR025,OP036,South Pit,38.04,19.16,47.0,205.9,1.34,28.5,1.985,0
2025-12-14,TR028,OP015,South Pit,79.4,38.95,60.6,52.2,2.11,37.7,2.039,0
2025-05-02,TR011,OP035,Stockpile,13.32,9.84,35.0,231.5,0.48,27.8,1.354,0
2025-04-16,TR019,OP020,West Pit,42.67,28.53,61.3,219.9,1.35,31.5,1.496,0
2025-09-14,TR015,OP003,Crusher,92.16,46.77,9.6,188.9,2.98,31.0,1.97,0
2025-09-09,TR027,OP030,East Pit,26.32,11.47,12.5,57.8,1.45,18.1,2.295,0
2025-05-23,TR007,OP018,Stockpile,54.85,22.53,40.7,98.0,2.6,21.1,2.435,0
2025-10-09,TR005,OP021,Stockpile,29.8,22.25,57.6,136.7,1.03,28.8,1.339,0
2025-09-24,TR024,OP012,North Pit,58.7,40.93,63.1,225.2,1.74,33.7,1.434,0
2025-06-17,TR005,OP049,Crusher,110.17,34.31,11.9,75.5,3.9,28.2,3.211,0
2025-11-11,TR018,OP019,West Pit,112.79,63.72,67.0,40.4,3.72,30.4,1.77,0
2025-12-09,TR020,OP050,West Pit,101.04,39.68,77.5,186.1,3.28,30.8,2.546,0
2025-09-01,TR001,OP035,North Pit,32.68,24.56,69.9,47.2,1.08,30.2,1.331,0
2025-10-06,TR006,OP028,West Pit,89.16,43.43,57.1,198.5,2.57,34.7,2.053,0
2025-11-01,TR027,OP022,North Pit,14.88,11.45,79.7,183.7,0.44,33.5,1.3,0
2025-02-19,TR026,OP050,Stockpile,85.84,41.46,25.7,125.5,4.58,18.7,2.07,0
2025-06-14,TR013,OP009,East Pit,34.54,18.69,79.9,90.7,1.59,21.8,1.848,0
2025-07-23,TR022,OP043,West Pit,101.02,43.79,28.3,213.8,3.1,32.6,2.307,0
2025-03-16,TR025,OP049,Crusher,90.89,35.3,21.2,55.9,3.29,27.7,2.575,0
2025-06-19,TR013,OP030,East Pit,95.49,31.77,25.3,163.2,3.2,29.9,3.006,0
2025-04-18,TR008,OP007,West Pit,12.73,8.04,37.1,103.1,0.38,33.2,1.583,0
2025-03-30,TR030,OP006,Stockpile,41.41,32.6,79.8,61.7,1.74,23.8,1.27,0
2025-04-12,TR025,OP015,South Pit,119.73,48.61,16.1,45.7,3.87,31.0,2.463,0
2025-02-19,TR008,OP047,Stockpile,99.71,55.87,25.7,208.6,3.31,30.1,1.785,0
2025-10-09,TR001,OP041,East Pit,118.97,49.08,45.7,162.2,4.26,27.9,2.424,0
2025-07-17,TR028,OP029,West Pit,34.68,23.1,67.5,209.8,1.03,33.7,1.501,0
2025-11-23,TR013,OP043,Crusher,83.79,45.86,68.2,235.7,2.73,30.6,1.827,0
2025-12-01,TR017,OP042,Crusher,41.68,18.82,40.3,90.3,1.18,35.3,2.215,0
2025-01-15,TR016,OP012,Crusher,104.01,59.67,72.3,237.8,5.58,18.6,1.743,0
2025-10-06,TR022,OP046,East Pit,72.28,31.0,32.7,151.3,2.29,31.6,2.332,0
2025-02-06,TR014,OP050,South Pit,99.41,33.14,23.9,118.1,4.52,22.0,3.0,0
2025-02-25,TR026,OP030,Crusher,51.98,30.76,81.9,109.9,2.09,24.8,1.69,0
2025-01-24,TR003,OP022,Crusher,49.18,23.78,81.3,180.9,1.49,32.9,2.068,0
2025-11-06,TR022,OP001,North Pit,106.66,44.88,31.5,82.5,5.06,21.1,2.377,0
2025-07-13,TR009,OP001,North Pit,108.14,62.06,46.7,175.4,4.9,22.1,1.743,0
2025-03-22,TR028,OP040,East Pit,54.59,24.98,44.9,225.8,1.59,34.4,2.185,0
2025-09-23,TR011,OP018,East Pit,111.8,48.22,31.0,196.2,3.75,29.8,2.319,0
2025-10-26,TR014,OP004,West Pit,34.82,15.89,39.8,41.1,1.9,18.4,2.191,0
2025-03-30,TR023,OP048,Stockpile,8.56,9.12,88.5,198.0,0.25,34.1,0.939,0
2025-12-04,TR018,OP047,South Pit,113.82,45.14,86.6,218.2,6.15,18.5,2.521,0
2025-12-01,TR027,OP049,Crusher,108.78,48.95,19.7,140.3,3.78,28.8,2.222,0
2025-06-16,TR008,OP036,East Pit,56.43,20.9,9.1,189.6,2.08,27.1,2.7,0
2025-03-07,TR019,OP033,South Pit,115.5,45.65,19.7,236.9,4.37,26.4,2.53,0
2025-09-15,TR008,OP021,Stockpile,10.47,4.42,8.8,91.0,0.39,27.0,2.369,0
2025-09-21,TR011,OP046,Stockpile,82.92,29.66,36.4,45.4,2.22,37.4,2.796,0
2025-06-24,TR017,OP021,East Pit,9.26,7.85,47.1,138.3,0.24,37.9,1.18,0
2025-09-27,TR008,OP050,Crusher,118.59,54.35,46.0,54.2,4.33,27.4,2.182,0
2025-06-05,TR003,OP030,Crusher,45.58,17.5,19.1,138.5,1.47,31.0,2.605,0
2025-11-17,TR026,OP016,Stockpile,112.85,45.99,8.6,162.2,5.37,21.0,2.454,0
2025-06-23,TR008,OP005,South Pit,31.11,16.52,49.2,161.8,0.82,37.8,1.883,0
2025-01-27,TR009,OP037,Stockpile,53.52,20.92,28.0,188.5,2.62,20.4,2.558,0
2025-05-03,TR022,OP046,South Pit,12.34,5.36,24.0,155.0,0.33,37.9,2.302,0
2025-10-13,TR029,OP038,Stockpile,29.29,15.6,63.1,218.0,1.56,18.8,1.878,0
2025-05-14,TR020,OP002,South Pit,37.29,20.27,31.8,136.6,1.39,26.9,1.84,0
2025-09-05,TR006,OP045,Crusher,44.04,25.46,72.0,138.7,1.45,30.5,1.73,0
2025-03-10,TR016,OP006,Stockpile,86.94,38.94,81.7,185.9,3.66,23.8,2.233,0
2025-04-11,TR017,OP032,North Pit,64.36,25.03,23.4,211.6,2.37,27.1,2.571,0
2025-08-25,TR018,OP001,West Pit,95.28,49.67,57.5,238.2,3.08,30.9,1.918,0
2025-11-13,TR021,OP020,West Pit,70.0,29.11,18.1,74.6,3.83,18.3,2.405,0
2025-12-23,TR028,OP018,South Pit,16.39,12.46,83.4,203.6,0.62,26.6,1.315,0
2025-01-08,TR030,OP018,West Pit,23.75,21.41,67.6,104.4,0.76,31.1,1.109,0
2025-03-01,TR007,OP050,West Pit,73.73,26.15,18.1,54.2,2.0,36.8,2.82,0
2025-07-30,TR019,OP020,Crusher,45.62,18.49,41.3,118.7,1.57,29.0,2.467,0
2025-05-23,TR001,OP028,Stockpile,83.36,42.31,52.3,184.0,2.47,33.7,1.97,0
2025-12-14,TR028,OP028,East Pit,40.91,23.64,51.4,168.3,1.09,37.4,1.731,0
2025-04-14,TR016,OP021,Stockpile,71.69,23.0,10.8,68.1,3.39,21.2,3.117,0
2025-07-17,TR022,OP010,North Pit,89.13,31.41,40.3,239.2,3.09,28.8,2.838,0
2025-10-10,TR014,OP009,South Pit,84.15,47.25,63.7,60.7,4.28,19.7,1.781,0
2025-09-14,TR020,OP018,West Pit,42.05,14.55,12.8,215.4,1.73,24.3,2.89,0
2025-05-12,TR021,OP020,North Pit,71.92,28.96,34.0,184.3,3.03,23.8,2.483,0
2025-10-12,TR024,OP037,South Pit,96.99,33.03,40.5,43.5,4.91,19.7,2.936,0
2025-01-02,TR023,OP044,East Pit,45.34,25.38,59.2,205.8,2.41,18.8,1.786,0
2025-02-01,TR001,OP040,East Pit,66.8,37.22,68.8,167.5,1.79,37.2,1.795,0
2025-04-25,TR023,OP011,South Pit,93.57,44.54,25.7,91.6,3.44,27.2,2.101,0
2025-10-24,TR003,OP020,Stockpile,43.15,46.2,54.2,86.5,1.28,33.7,0.934,1
2025-06-23,TR008,OP039,Stockpile,23.13,20.38,86.3,59.4,0.73,31.6,1.135,0
2025-02-06,TR027,OP035,West Pit,16.07,11.41,37.8,183.9,0.54,30.0,1.408,0
2025-02-27,TR017,OP038,West Pit,81.54,41.65,51.3,167.4,2.94,27.7,1.958,0
2025-01-29,TR015,OP013,Crusher,93.22,35.93,39.5,203.6,4.52,20.6,2.594,0
2025-03-05,TR013,OP048,Stockpile,25.98,16.63,64.7,146.7,0.84,30.9,1.562,0
2025-11-18,TR002,OP020,Crusher,37.11,15.04,15.9,72.4,1.21,30.7,2.467,0
2025-02-22,TR003,OP016,East Pit,105.9,59.47,27.5,82.4,4.65,22.8,1.781,0
2025-05-22,TR024,OP014,West Pit,58.95,28.74,63.5,203.0,1.87,31.5,2.051,0
2025-11-09,TR015,OP017,East Pit,117.11,49.22,15.9,134.4,5.94,19.7,2.379,0
2025-04-02,TR010,OP037,Stockpile,81.26,30.41,51.1,191.7,3.86,21.1,2.672,0
2025-03-09,TR021,OP043,South Pit,8.17,5.82,47.2,219.2,0.28,29.1,1.404,0
2025-06-01,TR003,OP034,West Pit,67.41,29.88,32.4,157.7,1.9,35.4,2.256,0
2025-07-05,TR008,OP012,Stockpile,22.39,16.72,77.5,172.2,0.83,27.1,1.339,0
2025-05-31,TR019,OP023,West Pit,65.32,29.48,67.5,199.2,1.72,37.9,2.216,0
2025-05-10,TR024,OP002,Crusher,111.72,37.38,40.3,162.5,3.37,33.1,2.989,0
2025-02-02,TR001,OP025,North Pit,112.44,43.01,8.9,121.7,5.36,21.0,2.614,0
2025-12-26,TR012,OP044,Crusher,55.62,25.02,77.8,134.5,1.93,28.8,2.223,0
2025-01-18,TR015,OP014,East Pit,73.32,33.63,76.2,82.2,3.21,22.8,2.18,0
2025-09-18,TR018,OP043,Stockpile,20.95,7.45,10.6,143.6,0.64,32.5,2.812,0
2025-12-27,TR009,OP035,South Pit,28.9,20.81,85.7,43.0,1.19,24.4,1.389,0
2025-06-25,TR014,OP039,Stockpile,27.9,17.32,83.6,129.9,1.47,19.0,1.611,0
2025-01-31,TR003,OP009,East Pit,47.02,30.49,47.0,145.1,1.56,30.2,1.542,0
2025-11-28,TR018,OP031,South Pit,110.09,60.5,33.8,176.0,2.98,36.9,1.82,0
2025-03-15,TR024,OP036,Stockpile,21.68,8.76,31.8,160.0,0.73,29.7,2.475,0
2025-03-31,TR019,OP010,Crusher,76.19,37.34,7.0,156.3,3.72,20.5,2.04,0
2025-03-11,TR020,OP028,West Pit,14.05,11.93,58.6,80.2,0.42,33.8,1.178,0
2025-01-15,TR030,OP011,West Pit,17.69,12.95,45.3,137.1,0.83,21.4,1.366,0
2025-06-30,TR007,OP046,West Pit,73.41,26.21,8.4,183.6,3.24,22.6,2.801,0
2025-04-10,TR029,OP008,Crusher,112.13,39.38,28.3,239.1,3.16,35.4,2.847,0
2025-09-02,TR006,OP048,Stockpile,30.92,14.31,20.9,144.1,1.22,25.3,2.161,0
2025-07-19,TR024,OP041,North Pit,37.79,19.23,88.6,84.7,1.54,24.5,1.965,0
2025-04-03,TR024,OP021,Stockpile,42.16,21.38,23.5,51.8,1.2,35.1,1.972,0
2025-12-20,TR030,OP002,East Pit,64.66,26.6,42.0,215.4,2.27,28.4,2.431,0
2025-04-30,TR008,OP025,East Pit,106.34,38.35,44.7,126.4,3.48,30.5,2.773,0
2025-05-20,TR030,OP010,Stockpile,102.79,54.21,22.7,46.4,5.19,19.8,1.896,0
2025-05-26,TR006,OP050,East Pit,106.82,52.49,34.1,107.3,4.92,21.7,2.035,0
2025-08-16,TR028,OP043,North Pit,109.96,55.39,11.8,170.6,2.96,37.1,1.985,0
2025-11-29,TR022,OP040,Crusher,97.02,50.14,41.1,65.8,3.85,25.2,1.935,0
2025-07-17,TR013,OP032,West Pit,46.53,27.58,87.2,198.7,1.83,25.4,1.687,0
2025-10-30,TR028,OP007,West Pit,73.5,47.57,86.8,188.9,2.11,34.9,1.545,0
2025-09-09,TR010,OP040,Crusher,32.57,17.52,40.7,44.0,1.53,21.3,1.859,0
2025-04-02,TR029,OP022,West Pit,103.72,57.22,73.5,181.0,3.01,34.5,1.813,0
2025-06-15,TR004,OP039,East Pit,26.89,15.02,79.2,184.5,0.95,28.2,1.79,0
2025-09-13,TR018,OP033,East Pit,47.25,25.63,27.2,206.3,1.65,28.6,1.844,0
2025-04-11,TR014,OP011,South Pit,13.29,13.03,76.0,176.1,0.5,26.6,1.02,0
2025-08-30,TR026,OP018,South Pit,70.79,26.42,68.0,220.3,3.56,19.9,2.679,0
2025-07-14,TR017,OP037,Stockpile,56.19,31.2,7.1,89.7,2.06,27.3,1.801,0
2025-04-12,TR006,OP044,East Pit,92.74,34.18,35.4,56.9,3.22,28.8,2.713,0
2025-05-29,TR007,OP043,Stockpile,22.43,12.45,43.4,150.2,0.87,25.9,1.802,0
2025-05-18,TR019,OP013,West Pit,59.39,84.93,87.0,144.0,1.9,31.3,0.699,1
2025-01-15,TR005,OP014,West Pit,55.84,31.15,56.2,153.9,1.87,29.9,1.793,0
2025-07-14,TR002,OP026,South Pit,68.32,36.17,81.4,104.9,2.19,31.2,1.889,0
2025-12-14,TR014,OP028,Crusher,89.6,38.26,40.8,113.0,3.81,23.5,2.342,0
2025-08-02,TR024,OP008,East Pit,78.79,33.99,82.1,212.4,3.09,25.5,2.318,0
2025-12-25,TR016,OP032,East Pit,47.71,26.13,14.3,64.9,2.12,22.5,1.826,0
2025-10-28,TR007,OP033,Stockpile,113.76,69.07,83.5,48.4,3.89,29.2,1.647,0
2025-03-01,TR013,OP047,North Pit,78.82,34.11,7.9,147.0,2.13,37.0,2.311,0
2025-06-26,TR004,OP040,South Pit,74.28,34.16,85.3,126.4,2.44,30.4,2.174,0
2025-12-01,TR008,OP004,West Pit,75.47,34.43,35.7,173.7,2.47,30.6,2.192,0
2025-05-16,TR028,OP020,South Pit,83.54,28.78,17.7,122.1,3.39,24.6,2.903,0
2025-10-24,TR018,OP040,South Pit,108.19,45.41,8.0,180.4,3.63,29.8,2.383,0
2025-09-07,TR018,OP033,North Pit,35.04,18.36,81.3,167.4,1.27,27.5,1.908,0
2025-10-13,TR020,OP044,Stockpile,40.24,19.67,63.3,145.7,1.57,25.6,2.046,0
2025-05-26,TR022,OP019,Stockpile,60.35,32.15,70.0,60.5,2.08,29.1,1.877,0
2025-09-10,TR019,OP041,South Pit,76.73,35.41,11.7,182.7,4.08,18.8,2.167,0
2025-08-16,TR024,OP006,South Pit,79.83,27.35,10.7,168.6,3.76,21.2,2.919,0
2025-08-25,TR003,OP019,Stockpile,105.54,59.27,46.0,68.3,3.98,26.5,1.781,0
2025-03-09,TR021,OP034,North Pit,16.4,7.2,6.5,107.9,0.71,23.0,2.278,0
2025-08-04,TR003,OP025,East Pit,106.52,45.1,25.0,107.3,3.57,29.9,2.362,0
2025-07-07,TR022,OP005,East Pit,86.68,31.38,68.9,46.7,3.79,22.9,2.762,0
2025-03-18,TR018,OP047,South Pit,8.35,7.87,54.3,143.3,0.34,24.7,1.061,0
2025-12-20,TR017,OP037,Stockpile,42.54,17.43,38.5,178.7,1.96,21.7,2.441,0
2025-12-27,TR019,OP026,Crusher,86.72,33.23,11.8,185.6,4.14,21.0,2.61,0
2025-08-25,TR028,OP006,North Pit,72.54,22.31,10.7,137.2,2.13,34.1,3.251,0
2025-11-18,TR023,OP038,South Pit,59.84,28.04,55.7,137.6,1.77,33.7,2.134,0
2025-02-17,TR003,OP022,South Pit,114.12,49.17,57.8,109.8,3.62,31.5,2.321,0
2025-01-09,TR007,OP048,Stockpile,29.3,14.8,39.9,104.9,1.27,23.1,1.98,0
2025-11-25,TR008,OP024,West Pit,92.87,47.56,7.5,79.6,2.74,33.9,1.953,0
2025-12-24,TR014,OP022,Crusher,109.42,58.07,70.0,182.2,5.25,20.8,1.884,0
2025-05-24,TR008,OP043,Crusher,75.57,33.27,61.6,142.3,2.06,36.6,2.271,0
2025-07-23,TR028,OP015,South Pit,59.27,29.41,51.4,222.6,2.04,29.0,2.015,0
2025-05-12,TR025,OP010,North Pit,75.56,50.89,88.4,41.6,3.19,23.7,1.485,0
2025-10-07,TR008,OP015,Crusher,20.02,13.93,86.3,216.8,0.72,27.6,1.437,0
2025-03-28,TR013,OP019,Crusher,91.96,51.65,25.1,109.3,5.02,18.3,1.78,0
2025-11-03,TR021,OP032,East Pit,119.69,63.41,68.1,63.3,3.35,35.7,1.888,0
2025-04-20,TR020,OP011,West Pit,68.1,31.62,22.7,90.3,3.67,18.6,2.154,0
2025-04-12,TR029,OP028,Crusher,17.55,12.02,45.8,95.3,0.93,19.0,1.46,0
2025-01-18,TR003,OP035,East Pit,29.81,22.88,86.4,86.8,1.18,25.2,1.303,0
2025-02-11,TR002,OP017,North Pit,37.52,20.19,82.6,112.4,1.13,33.3,1.858,0
2025-04-22,TR020,OP036,Crusher,18.2,11.7,79.1,160.5,0.49,37.0,1.556,0
2025-07-09,TR030,OP036,Stockpile,102.31,45.96,86.9,206.7,3.66,27.9,2.226,0
2025-03-30,TR020,OP030,East Pit,22.46,13.53,81.6,188.6,0.77,29.3,1.66,0
2025-07-20,TR007,OP025,Crusher,53.9,31.89,31.1,49.3,1.42,38.0,1.69,0
2025-02-22,TR029,OP028,North Pit,108.94,59.86,56.5,212.8,4.1,26.5,1.82,0
2025-04-09,TR013,OP012,South Pit,47.61,23.29,54.3,183.7,2.4,19.8,2.044,0
2025-05-10,TR029,OP003,South Pit,95.42,37.08,22.4,57.2,2.65,35.9,2.573,0
2025-06-16,TR029,OP027,Stockpile,103.06,41.9,59.8,81.7,3.53,29.2,2.46,0
2025-03-07,TR004,OP007,Stockpile,115.16,47.59,61.6,161.9,4.42,26.0,2.42,0
2025-02-11,TR006,OP040,North Pit,74.47,38.74,39.5,154.2,2.47,30.2,1.922,0
2025-02-28,TR007,OP041,East Pit,85.25,52.29,78.9,177.1,2.92,29.2,1.63,0
2025-10-19,TR028,OP024,Stockpile,80.85,44.24,48.9,53.1,2.69,30.1,1.828,0
2025-12-05,TR022,OP033,West Pit,72.33,35.11,5.1,60.7,3.28,22.1,2.06,0
2025-12-12,TR022,OP016,North Pit,114.55,44.73,10.8,117.5,3.76,30.4,2.561,0
2025-05-03,TR003,OP045,Stockpile,108.53,40.31,68.4,213.1,5.78,18.8,2.692,0
2025-01-01,TR004,OP039,South Pit,30.72,12.15,19.7,84.4,1.61,19.1,2.528,0
2025-02-21,TR015,OP010,West Pit,78.96,46.22,68.0,233.9,2.45,32.2,1.708,0
2025-04-29,TR021,OP021,South Pit,48.93,25.96,73.9,103.6,2.58,18.9,1.885,0
2025-05-04,TR008,OP025,North Pit,50.9,22.78,28.0,60.0,2.63,19.4,2.234,0
2025-05-24,TR002,OP027,South Pit,46.48,27.51,65.1,235.8,1.76,26.5,1.69,0
2025-01-24,TR008,OP035,Crusher,63.11,42.52,64.3,207.5,2.29,27.5,1.484,0
2025-03-04,TR002,OP013,North Pit,83.33,37.43,56.4,188.0,2.77,30.1,2.226,0
2025-11-09,TR015,OP019,West Pit,97.19,55.17,34.0,42.7,4.07,23.9,1.762,0
2025-12-23,TR018,OP029,West Pit,61.23,22.21,43.0,41.0,2.81,21.8,2.757,0
2025-09-05,TR014,OP024,Crusher,37.06,21.12,57.5,144.4,1.66,22.4,1.755,0
2025-03-25,TR005,OP007,Crusher,92.29,53.75,52.7,93.1,2.67,34.6,1.717,0
2025-04-11,TR003,OP030,Stockpile,113.21,43.66,69.0,131.4,6.06,18.7,2.593,0
2025-10-03,TR026,OP018,Crusher,21.34,10.66,30.8,205.8,0.78,27.2,2.002,0
2025-12-04,TR027,OP013,South Pit,112.46,60.46,63.2,43.8,4.01,28.0,1.86,0
2025-05-15,TR019,OP046,Crusher,42.15,24.78,34.3,150.3,2.1,20.1,1.701,0
2025-12-06,TR018,OP013,West Pit,83.32,31.41,13.1,146.0,4.13,20.2,2.653,0
2025-09-10,TR009,OP021,South Pit,14.62,10.3,39.7,135.4,0.52,28.0,1.419,0
2025-05-29,TR021,OP043,Crusher,54.01,48.36,20.7,88.4,2.1,25.8,1.117,1
2025-02-01,TR004,OP033,East Pit,17.19,19.86,33.9,136.6,0.71,24.4,0.866,1
2025-07-21,TR002,OP007,Stockpile,43.31,26.66,56.9,134.3,1.88,23.0,1.625,0
2025-04-18,TR023,OP031,West Pit,38.47,17.2,17.9,180.2,1.08,35.6,2.237,0
2025-04-05,TR024,OP049,North Pit,10.51,7.68,65.9,60.7,0.31,33.7,1.368,0
2025-08-31,TR027,OP037,North Pit,39.6,16.19,25.7,119.2,1.12,35.5,2.446,0
2025-08-18,TR005,OP036,South Pit,47.9,18.67,26.5,58.3,2.2,21.7,2.566,0
2025-03-10,TR024,OP048,North Pit,114.96,64.11,12.0,203.7,4.9,23.4,1.793,0
2025-04-10,TR009,OP044,East Pit,18.95,15.97,89.7,68.1,1.03,18.4,1.187,0
2025-05-26,TR001,OP020,North Pit,110.72,37.2,5.8,137.4,4.33,25.6,2.976,0
2025-11-21,TR008,OP027,North Pit,42.8,23.55,44.6,163.8,2.31,18.5,1.817,0
2025-12-26,TR020,OP040,East Pit,83.18,34.45,16.3,175.8,2.63,31.6,2.415,0
2025-05-29,TR008,OP019,West Pit,74.47,41.09,24.3,208.7,2.87,26.0,1.812,0
2025-08-08,TR016,OP008,North Pit,114.13,55.96,26.3,215.6,3.18,35.9,2.039,0
2025-11-22,TR012,OP014,Crusher,116.74,63.63,12.4,201.0,4.5,25.9,1.835,0
2025-02-08,TR008,OP022,North Pit,18.59,10.93,10.5,59.8,0.64,29.2,1.701,0
2025-05-14,TR009,OP050,South Pit,81.72,47.07,66.1,197.7,4.06,20.1,1.736,0
2025-01-16,TR026,OP015,East Pit,63.67,23.99,87.1,79.2,2.31,27.5,2.654,0
2025-07-17,TR004,OP019,East Pit,16.64,10.32,43.7,70.8,0.75,22.2,1.612,0
2025-05-07,TR029,OP004,Crusher,82.2,44.17,14.7,69.0,3.12,26.3,1.861,0
2025-08-16,TR024,OP016,East Pit,85.73,44.96,49.3,213.7,4.38,19.6,1.907,0
2025-12-11,TR009,OP010,Crusher,78.99,31.39,6.0,184.5,3.17,24.9,2.516,0
2025-11-16,TR024,OP012,Crusher,25.48,17.4,68.9,206.6,0.76,33.7,1.464,0
2025-12-17,TR003,OP020,East Pit,87.73,45.25,88.8,169.8,3.89,22.6,1.939,0
2025-06-12,TR030,OP043,Crusher,92.73,39.49,78.6,47.4,2.51,37.0,2.348,0
2025-03-25,TR010,OP004,East Pit,29.31,10.55,34.1,205.5,1.31,22.4,2.778,0
2025-07-14,TR002,OP003,West Pit,23.69,8.44,10.2,226.7,0.92,25.6,2.807,0
2025-06-29,TR019,OP005,West Pit,106.92,54.01,35.3,41.2,4.74,22.5,1.98,0
2025-08-14,TR021,OP045,Stockpile,18.22,7.56,14.8,228.0,0.57,31.7,2.41,0
2025-10-02,TR007,OP024,Stockpile,73.2,28.88,11.9,170.1,2.0,36.5,2.535,0
2025-12-22,TR029,OP033,North Pit,53.53,24.84,70.4,107.0,2.33,23.0,2.155,0
2025-12-08,TR011,OP046,South Pit,26.17,11.19,35.5,115.0,1.14,23.0,2.339,0
2025-04-24,TR006,OP049,South Pit,24.43,12.49,16.5,203.2,0.78,31.4,1.956,0
2025-03-20,TR018,OP019,West Pit,94.82,51.22,87.5,179.4,4.01,23.7,1.851,0
2025-09-13,TR008,OP025,South Pit,55.29,31.56,72.4,51.1,2.08,26.6,1.752,0
2025-06-23,TR005,OP015,North Pit,27.46,15.21,51.4,182.2,0.91,30.0,1.805,0
2025-10-29,TR017,OP033,South Pit,16.52,17.51,84.6,205.1,0.77,21.5,0.943,0
2025-06-29,TR028,OP032,South Pit,73.35,40.59,84.7,239.3,2.58,28.5,1.807,0
2025-09-09,TR018,OP049,North Pit,118.28,48.84,31.5,67.2,4.22,28.0,2.422,0
2025-12-17,TR024,OP048,West Pit,64.24,28.87,59.6,47.3,2.75,23.4,2.225,0
2025-04-22,TR009,OP019,North Pit,69.5,30.9,7.5,79.1,2.19,31.7,2.249,0
2025-05-20,TR030,OP013,West Pit,28.09,13.09,74.1,167.5,0.8,35.2,2.146,0
2025-04-08,TR004,OP049,Crusher,39.08,16.8,26.2,230.2,2.12,18.4,2.326,0
2025-04-28,TR002,OP046,Crusher,102.6,52.92,64.1,209.6,2.95,34.7,1.939,0
2025-09-16,TR007,OP012,East Pit,40.18,12.6,10.5,131.9,1.35,29.7,3.189,0
2025-06-03,TR027,OP039,Stockpile,19.64,15.58,63.9,178.6,0.81,24.2,1.261,0
2025-10-06,TR013,OP012,South Pit,32.1,18.9,35.1,143.9,1.05,30.6,1.698,0
2025-03-22,TR019,OP029,South Pit,41.19,26.68,52.7,228.7,1.31,31.5,1.544,0
2025-04-11,TR018,OP016,North Pit,40.77,23.11,29.8,216.6,1.84,22.1,1.764,0
2025-05-31,TR011,OP046,Crusher,39.89,18.5,49.4,104.3,1.79,22.2,2.156,0
2025-12-20,TR026,OP047,Crusher,92.23,45.91,74.1,169.5,2.76,33.4,2.009,0
2025-10-05,TR026,OP049,South Pit,70.92,30.77,13.6,72.2,3.37,21.0,2.305,0
2025-09-29,TR003,OP024,North Pit,84.44,35.9,22.5,223.9,3.95,21.4,2.352,0
2025-05-30,TR020,OP041,North Pit,30.23,14.85,23.5,126.9,1.4,21.6,2.036,0
2025-01-11,TR010,OP040,North Pit,53.83,28.74,86.4,114.4,2.86,18.9,1.873,0
2025-02-04,TR006,OP006,Crusher,94.86,44.97,36.8,93.8,3.51,27.0,2.109,0
2025-02-11,TR010,OP031,Stockpile,21.91,15.56,52.6,50.7,1.0,21.9,1.408,0
2025-02-19,TR029,OP049,Crusher,73.82,26.71,27.1,146.8,2.59,28.5,2.764,0
2025-06-26,TR028,OP026,East Pit,91.43,55.56,81.0,66.4,3.6,25.4,1.646,0
2025-07-26,TR005,OP011,Stockpile,29.99,19.48,69.7,208.5,1.33,22.6,1.54,0
2025-10-05,TR017,OP024,Stockpile,79.61,33.26,39.4,114.9,3.51,22.7,2.394,0
2025-05-08,TR024,OP024,Crusher,119.19,46.32,76.5,189.1,4.44,26.8,2.573,0
2025-05-31,TR002,OP046,Crusher,110.81,37.7,41.6,99.1,3.95,28.1,2.939,0
2025-08-07,TR023,OP023,South Pit,114.52,62.48,25.6,64.2,3.22,35.5,1.833,0
2025-09-26,TR028,OP041,Stockpile,98.93,39.44,42.0,202.0,4.57,21.6,2.508,0
2025-02-22,TR002,OP008,East Pit,81.58,37.14,65.0,67.8,3.66,22.3,2.197,0
2025-04-22,TR017,OP007,East Pit,11.77,10.6,78.7,69.8,0.34,35.1,1.11,0
2025-05-09,TR008,OP010,East Pit,74.25,43.37,72.3,189.5,2.82,26.3,1.712,0
2025-09-27,TR015,OP029,North Pit,81.91,36.73,72.6,208.6,2.27,36.1,2.23,0
2025-12-10,TR020,OP013,South Pit,119.87,44.67,24.9,84.4,5.01,23.9,2.683,0
2025-10-22,TR022,OP011,Stockpile,81.36,33.79,83.6,205.0,3.31,24.6,2.408,0
2025-01-17,TR013,OP008,East Pit,24.63,11.28,42.0,173.3,0.69,35.7,2.184,0
2025-04-26,TR028,OP005,Stockpile,70.37,26.28,14.6,183.9,3.05,23.1,2.678,0
2025-10-14,TR018,OP036,North Pit,64.44,30.89,23.8,74.0,2.92,22.1,2.086,0
2025-05-03,TR006,OP050,North Pit,67.65,28.05,5.7,163.0,2.34,28.9,2.412,0
2025-11-04,TR003,OP022,North Pit,92.93,32.8,15.3,89.0,3.02,30.8,2.833,0
2025-12-28,TR019,OP038,West Pit,75.89,32.61,88.8,103.6,2.99,25.4,2.327,0
2025-07-17,TR016,OP035,South Pit,89.02,41.46,33.7,86.2,3.35,26.6,2.147,0
2025-04-06,TR016,OP031,East Pit,109.04,52.94,38.1,67.4,3.3,33.1,2.06,0
2025-10-14,TR024,OP023,Crusher,119.38,47.27,69.1,192.2,6.38,18.7,2.525,0
2025-03-09,TR017,OP024,East Pit,20.05,12.28,40.6,58.5,0.54,37.0,1.633,0
2025-08-28,TR004,OP049,South Pit,46.14,24.18,83.3,193.4,1.53,30.2,1.908,0
2025-04-04,TR001,OP029,Crusher,118.85,55.79,72.9,211.0,4.33,27.5,2.13,0
2025-02-18,TR004,OP026,West Pit,55.08,32.29,72.4,49.9,2.37,23.2,1.706,0
2025-05-24,TR008,OP004,Crusher,76.8,43.76,72.4,107.2,2.72,28.2,1.755,0
2025-07-10,TR025,OP027,West Pit,71.22,29.73,43.9,213.9,3.02,23.6,2.396,0
2025-07-05,TR023,OP025,North Pit,30.79,11.61,8.7,112.4,1.54,20.0,2.652,0
2025-02-26,TR020,OP021,South Pit,59.07,24.2,66.6,195.1,2.93,20.2,2.441,0
2025-05-10,TR026,OP015,South Pit,101.15,48.79,79.3,215.4,4.98,20.3,2.073,0
2025-01-23,TR023,OP002,Crusher,113.83,49.37,17.3,225.4,4.62,24.6,2.306,0
2025-07-06,TR020,OP006,North Pit,47.12,22.54,62.3,211.1,1.69,27.9,2.091,0
2025-03-26,TR008,OP009,Crusher,35.99,23.63,57.8,136.9,1.07,33.7,1.523,0
2025-11-07,TR011,OP048,East Pit,41.66,15.35,23.6,73.3,1.12,37.3,2.714,0
2025-08-01,TR024,OP010,East Pit,91.72,48.95,35.3,233.7,3.42,26.8,1.874,0
2025-05-22,TR024,OP040,North Pit,98.46,44.29,41.2,159.7,4.53,21.7,2.223,0
2025-05-01,TR028,OP012,Crusher,16.24,13.44,83.1,111.7,0.72,22.6,1.208,0
2025-11-17,TR018,OP008,West Pit,59.57,24.05,32.1,76.3,1.8,33.1,2.477,0
2025-03-20,TR024,OP001,North Pit,110.49,39.89,25.8,97.4,5.1,21.7,2.77,0
2025-10-01,TR008,OP028,Stockpile,13.17,10.38,38.2,129.7,0.59,22.2,1.269,0
2025-05-19,TR006,OP041,East Pit,48.02,27.89,55.1,47.1,1.74,27.6,1.722,0
2025-12-03,TR011,OP018,Crusher,61.09,25.64,44.5,235.9,3.15,19.4,2.383,0
2025-03-12,TR001,OP004,West Pit,46.32,18.22,27.0,120.9,1.75,26.5,2.542,0
2025-11-10,TR024,OP044,North Pit,79.7,31.81,57.8,119.3,2.27,35.2,2.506,0
2025-02-26,TR018,OP015,North Pit,96.78,44.48,73.1,202.8,3.81,25.4,2.176,0
2025-05-10,TR025,OP032,West Pit,68.83,40.98,44.7,151.6,3.09,22.3,1.68,0
2025-05-15,TR026,OP016,Stockpile,36.02,13.24,22.7,209.9,1.22,29.5,2.721,0
2025-02-17,TR013,OP007,South Pit,102.14,33.63,8.9,53.7,2.76,37.0,3.037,0
2025-01-10,TR003,OP033,Stockpile,68.21,25.99,10.0,51.1,2.19,31.1,2.624,0
2025-02-17,TR010,OP029,North Pit,31.47,11.55,20.7,224.1,1.14,27.7,2.725,0
2025-09-11,TR001,OP036,East Pit,72.96,26.87,32.4,137.4,2.29,31.9,2.715,0
2025-01-29,TR007,OP019,South Pit,13.79,14.84,66.6,115.9,0.72,19.3,0.929,0
2025-08-11,TR022,OP039,Stockpile,74.59,39.65,44.0,67.3,2.65,28.2,1.881,0
2025-11-06,TR024,OP006,Crusher,77.42,39.41,52.2,176.4,2.69,28.8,1.964,0
2025-08-31,TR029,OP011,Crusher,31.14,12.51,41.3,233.4,0.94,33.2,2.489,0
2025-03-12,TR006,OP020,West Pit,110.26,56.73,88.7,99.3,5.11,21.6,1.944,0
2025-10-05,TR003,OP039,Crusher,42.74,13.19,6.4,236.0,2.11,20.2,3.24,0
2025-08-22,TR002,OP019,Stockpile,94.8,31.44,34.8,136.3,3.37,28.1,3.015,0
2025-03-30,TR026,OP021,Crusher,102.66,37.16,71.7,40.4,4.2,24.5,2.763,0
2025-01-27,TR012,OP050,North Pit,44.32,26.14,31.0,86.6,1.32,33.7,1.695,0
2025-10-31,TR004,OP026,East Pit,52.11,32.25,58.1,190.7,1.57,33.3,1.616,0
2025-04-12,TR020,OP007,East Pit,18.33,16.04,80.2,51.9,0.72,25.5,1.143,0
2025-04-29,TR019,OP025,Crusher,22.59,16.1,61.4,44.5,0.66,34.0,1.403,0
2025-02-20,TR016,OP005,North Pit,65.72,41.54,86.8,179.1,2.06,31.9,1.582,0
2025-05-04,TR027,OP017,Stockpile,27.14,10.86,10.5,139.1,0.96,28.3,2.499,0
2025-07-28,TR012,OP010,North Pit,105.82,49.25,8.5,152.0,4.79,22.1,2.149,0
2025-10-20,TR002,OP011,South Pit,38.74,22.31,84.1,151.4,2.0,19.4,1.736,0
2025-09-21,TR006,OP037,Crusher,117.9,52.29,55.4,157.9,5.12,23.0,2.255,0
2025-09-15,TR020,OP018,West Pit,11.58,9.46,54.5,234.1,0.41,28.5,1.224,0
2025-06-10,TR002,OP019,Stockpile,71.08,30.63,83.2,203.2,3.1,23.0,2.321,0
2025-10-04,TR025,OP024,Crusher,81.82,37.94,57.9,189.5,2.71,30.2,2.157,0
2025-04-26,TR006,OP010,South Pit,37.64,24.95,51.2,43.3,1.2,31.4,1.509,0
2025-08-22,TR004,OP006,East Pit,117.84,40.54,35.9,60.5,3.16,37.2,2.907,0
2025-06-28,TR015,OP012,South Pit,32.9,49.8,81.9,128.2,0.88,37.3,0.661,1
2025-05-18,TR017,OP034,Crusher,77.38,29.48,30.5,173.8,2.22,34.9,2.625,0
2025-01-16,TR027,OP039,Stockpile,51.08,28.93,56.4,208.6,1.76,29.1,1.766,0
2025-07-14,TR013,OP027,Crusher,100.06,40.38,81.4,40.7,2.77,36.2,2.478,0
2025-06-19,TR007,OP019,East Pit,60.62,34.53,44.7,214.9,1.97,30.7,1.756,0
2025-07-05,TR015,OP043,South Pit,85.52,30.98,60.7,149.4,4.48,19.1,2.76,0
2025-07-18,TR006,OP034,Stockpile,94.85,32.89,12.8,188.5,3.37,28.2,2.884,0
2025-03-08,TR002,OP014,South Pit,116.76,36.24,11.0,185.5,4.38,26.7,3.222,0
2025-09-29,TR014,OP007,South Pit,27.54,12.24,48.3,237.1,0.84,32.6,2.25,0
2025-09-29,TR028,OP014,Crusher,60.33,24.11,48.1,234.1,2.04,29.6,2.502,0
2025-07-28,TR020,OP035,East Pit,116.9,65.48,76.4,138.2,5.64,20.7,1.785,0
2025-09-12,TR023,OP027,Crusher,117.12,41.93,63.8,196.2,3.12,37.6,2.793,0
2025-03-07,TR012,OP024,Stockpile,39.7,22.79,59.6,230.7,1.18,33.7,1.742,0
2025-05-21,TR016,OP029,Stockpile,34.46,15.2,43.1,76.6,1.33,25.9,2.267,0
2025-10-13,TR018,OP015,North Pit,59.51,23.43,5.5,237.1,3.17,18.8,2.54,0
2025-12-08,TR007,OP012,North Pit,46.32,20.91,38.1,44.9,1.56,29.7,2.215,0
2025-02-06,TR013,OP038,West Pit,116.55,62.84,58.2,238.2,5.01,23.3,1.855,0
2025-05-23,TR027,OP028,Crusher,45.53,21.66,7.0,228.7,2.0,22.8,2.102,0
2025-12-06,TR013,OP029,West Pit,115.81,61.17,18.1,191.4,4.49,25.8,1.893,0
2025-02-22,TR019,OP017,South Pit,59.42,23.26,38.4,128.5,1.95,30.5,2.555,0
2025-06-27,TR010,OP017,South Pit,34.28,27.51,78.9,82.4,1.04,32.8,1.246,0
2025-12-30,TR027,OP034,North Pit,71.17,30.07,59.3,153.1,2.62,27.2,2.367,0
2025-09-12,TR018,OP031,East Pit,34.79,17.66,5.6,230.2,1.38,25.3,1.97,0
2025-10-08,TR012,OP035,Crusher,117.99,68.57,79.0,193.6,6.29,18.7,1.721,0
2025-11-23,TR025,OP048,South Pit,108.22,50.33,58.8,236.1,4.95,21.9,2.15,0
2025-07-31,TR023,OP004,Stockpile,29.28,14.06,36.4,165.5,1.08,27.0,2.083,0
2025-08-24,TR004,OP046,West Pit,62.39,27.1,84.3,179.4,1.79,34.9,2.302,0
2025-08-11,TR002,OP017,South Pit,80.21,28.08,13.9,56.6,3.41,23.5,2.856,0
2025-10-09,TR007,OP038,North Pit,42.67,27.6,50.0,218.2,1.4,30.6,1.546,0
2025-04-24,TR013,OP011,West Pit,25.37,16.9,74.3,164.7,0.95,26.6,1.501,0
2025-07-16,TR026,OP024,North Pit,85.33,27.81,18.7,117.9,2.7,31.6,3.068,0
2025-08-04,TR018,OP049,North Pit,16.25,13.95,82.8,81.8,0.69,23.6,1.165,0
2025-02-06,TR008,OP002,Crusher,21.14,10.58,24.1,60.7,1.07,19.8,1.998,0
2025-11-17,TR005,OP007,Stockpile,108.59,55.42,60.3,60.6,5.78,18.8,1.959,0
2025-04-03,TR009,OP046,West Pit,70.17,34.88,76.2,190.5,2.67,26.3,2.012,0
2025-03-24,TR016,OP027,South Pit,55.0,41.09,80.6,92.5,2.1,26.2,1.339,0
2025-10-05,TR020,OP046,Stockpile,119.99,47.63,12.2,237.7,4.17,28.8,2.519,0
2025-03-01,TR016,OP013,North Pit,91.07,43.01,84.6,74.2,3.53,25.8,2.117,0
2025-11-24,TR026,OP012,North Pit,96.03,35.64,18.6,235.7,4.12,23.3,2.694,0
2025-10-12,TR021,OP036,Stockpile,22.68,11.96,55.6,83.9,0.81,28.1,1.896,0
2025-08-03,TR022,OP012,Stockpile,14.5,12.69,82.9,75.0,0.42,34.4,1.143,0
2025-09-06,TR010,OP045,Crusher,63.2,31.28,12.6,218.8,1.92,33.0,2.02,0
2025-08-31,TR023,OP014,Crusher,71.57,33.54,57.0,78.8,2.31,31.0,2.134,0
2025-03-17,TR026,OP023,Crusher,105.78,45.22,67.3,103.4,5.82,18.2,2.339,0
2025-04-23,TR025,OP009,Crusher,55.85,26.11,21.0,158.3,1.5,37.2,2.139,0
2025-09-04,TR024,OP019,East Pit,38.97,14.22,15.5,237.8,2.04,19.1,2.741,0
2025-04-19,TR014,OP049,West Pit,27.1,20.4,61.7,153.0,0.88,30.8,1.328,0
2025-09-20,TR024,OP049,West Pit,8.8,9.81,76.4,56.3,0.27,33.2,0.897,0
2025-03-03,TR015,OP010,West Pit,103.35,35.13,19.5,189.4,3.81,27.2,2.942,0
2025-04-13,TR012,OP042,East Pit,33.42,19.7,20.8,57.2,0.94,35.4,1.696,0
2025-08-06,TR028,OP009,South Pit,57.49,22.71,61.5,131.4,1.72,33.3,2.531,0
2025-04-22,TR013,OP042,South Pit,39.07,19.57,54.8,181.0,1.57,24.9,1.996,0
2025-05-05,TR015,OP011,West Pit,62.18,35.08,84.8,212.7,1.71,36.4,1.773,0
2025-02-24,TR007,OP023,East Pit,31.99,21.17,56.0,131.2,1.2,26.7,1.511,0
2025-08-11,TR009,OP020,Crusher,15.95,9.79,22.6,174.1,0.59,27.2,1.629,0
2025-07-23,TR018,OP030,Crusher,68.63,28.03,55.5,100.7,2.04,33.6,2.448,0
2025-05-16,TR024,OP044,East Pit,108.49,43.67,58.5,116.7,3.27,33.2,2.484,0
2025-08-25,TR011,OP004,Stockpile,59.34,28.51,5.6,95.9,2.28,26.1,2.081,0
2025-01-05,TR013,OP031,South Pit,84.0,44.95,31.6,164.6,4.5,18.7,1.869,0
2025-07-23,TR016,OP029,East Pit,97.11,32.96,30.5,194.7,2.62,37.1,2.946,0
2025-08-12,TR015,OP015,Crusher,100.5,36.9,50.4,203.0,2.91,34.5,2.724,0
2025-04-12,TR002,OP048,West Pit,54.58,22.79,47.6,63.9,1.81,30.2,2.395,0
2025-06-02,TR018,OP036,Crusher,104.0,42.82,48.0,229.1,3.43,30.3,2.429,0
2025-06-29,TR012,OP032,Stockpile,52.67,20.39,25.2,211.5,2.78,19.0,2.583,0
2025-10-07,TR004,OP010,Stockpile,27.25,9.45,13.6,41.9,0.76,35.8,2.884,0
2025-05-01,TR016,OP011,North Pit,65.4,37.87,35.0,116.8,2.55,25.7,1.727,0
2025-10-10,TR021,OP016,Crusher,83.78,46.43,20.9,113.6,2.64,31.7,1.804,0
2025-05-03,TR004,OP046,West Pit,50.06,28.97,27.1,177.0,2.33,21.5,1.728,0
2025-04-12,TR010,OP032,East Pit,40.24,16.38,17.7,218.8,1.1,36.7,2.457,0
2025-06-11,TR014,OP049,South Pit,29.56,26.08,72.2,110.6,1.13,26.1,1.133,0
2025-02-28,TR002,OP040,East Pit,30.6,14.67,48.2,69.7,1.06,28.9,2.086,0
2025-05-31,TR010,OP025,East Pit,103.57,52.8,75.1,99.9,3.18,32.5,1.962,0
2025-03-26,TR015,OP041,South Pit,26.47,8.74,8.2,130.2,1.07,24.7,3.029,0
2025-05-01,TR014,OP004,West Pit,87.45,33.7,74.7,134.1,3.08,28.4,2.595,0
2025-09-30,TR008,OP021,South Pit,103.18,47.56,31.8,193.8,3.47,29.8,2.169,0
2025-06-01,TR012,OP021,Stockpile,26.35,12.12,49.9,109.3,0.86,30.5,2.174,0
2025-10-13,TR017,OP019,West Pit,45.49,35.51,81.0,171.1,2.37,19.2,1.281,0
2025-01-31,TR029,OP040,South Pit,102.41,53.01,27.9,65.6,2.84,36.0,1.932,0
2025-02-23,TR013,OP026,Crusher,114.06,55.43,52.3,168.3,6.06,18.8,2.058,0
2025-03-22,TR008,OP049,Crusher,77.6,48.82,75.4,198.9,2.24,34.6,1.59,0
2025-05-07,TR022,OP047,North Pit,107.62,45.85,71.3,202.5,3.19,33.7,2.347,0
2025-12-31,TR026,OP028,East Pit,67.84,28.1,58.2,76.6,2.17,31.3,2.414,0
2025-12-14,TR006,OP027,West Pit,99.04,45.01,81.8,157.0,4.36,22.7,2.2,0
2025-08-19,TR026,OP013,Crusher,83.59,45.71,75.7,186.1,2.94,28.4,1.829,0
2025-10-06,TR008,OP048,Stockpile,107.03,41.55,29.8,70.5,3.77,28.4,2.576,0
2025-06-21,TR004,OP001,North Pit,72.47,32.13,26.7,97.5,2.92,24.8,2.256,0
2025-07-18,TR028,OP043,South Pit,74.94,28.92,12.1,68.3,2.55,29.4,2.591,0
2025-01-09,TR013,OP042,West Pit,60.8,30.24,75.0,147.1,2.98,20.4,2.011,0
2025-09-26,TR021,OP022,North Pit,13.14,7.12,42.6,183.4,0.36,36.1,1.846,0
2025-03-04,TR021,OP033,Crusher,53.31,20.1,53.9,45.4,1.75,30.5,2.652,0
2025-09-20,TR024,OP044,East Pit,16.28,16.56,74.9,205.1,0.6,27.1,0.983,0
2025-01-16,TR020,OP010,East Pit,81.43,35.6,87.2,153.7,4.49,18.1,2.287,0
2025-01-31,TR021,OP013,Crusher,46.96,16.41,17.8,215.1,1.97,23.8,2.862,0
2025-04-15,TR019,OP010,Stockpile,91.32,32.14,18.2,236.7,2.5,36.6,2.841,0
2025-12-31,TR012,OP041,North Pit,14.93,14.46,62.4,74.7,0.58,25.6,1.033,0
2025-08-23,TR018,OP008,North Pit,23.01,32.92,26.7,218.7,1.06,21.6,0.699,1
2025-02-01,TR015,OP008,Crusher,29.61,21.28,61.2,173.8,1.61,18.4,1.391,0
2025-07-23,TR009,OP016,East Pit,54.46,23.25,29.3,97.3,1.49,36.4,2.342,0
2025-04-12,TR001,OP047,North Pit,37.43,27.57,64.0,165.0,1.07,35.0,1.358,0
2025-01-08,TR016,OP007,Stockpile,76.08,36.96,61.7,116.9,2.22,34.3,2.058,0
2025-09-16,TR017,OP003,Crusher,12.86,4.86,5.0,108.0,0.5,25.5,2.646,0
2025-08-08,TR021,OP025,Stockpile,69.34,32.07,59.4,195.4,2.05,33.8,2.162,0
2025-07-14,TR023,OP047,Stockpile,77.37,32.48,54.5,167.4,2.56,30.2,2.382,0
2025-01-09,TR010,OP043,Stockpile,111.53,55.58,38.2,227.1,5.52,20.2,2.007,0
2025-09-24,TR002,OP049,Crusher,114.91,69.02,72.6,233.8,4.81,23.9,1.665,0
2025-02-28,TR024,OP037,North Pit,24.59,24.5,82.7,152.9,0.8,30.9,1.004,0
2025-12-02,TR024,OP040,North Pit,106.56,36.8,10.5,168.6,3.19,33.4,2.896,0
2025-03-02,TR025,OP050,South Pit,109.58,56.79,85.1,173.3,3.94,27.8,1.93,0
2025-09-02,TR009,OP045,South Pit,23.79,12.04,35.7,207.4,1.08,22.1,1.976,0
2025-11-10,TR007,OP018,Crusher,31.13,14.38,31.1,234.1,1.0,31.1,2.165,0
2025-09-23,TR008,OP037,Stockpile,86.05,42.05,68.7,174.1,2.59,33.2,2.046,0
2025-03-18,TR028,OP003,North Pit,79.25,41.51,16.7,230.1,2.17,36.6,1.909,0
2025-07-28,TR011,OP005,Crusher,77.57,40.37,88.2,223.8,3.82,20.3,1.921,0
2025-11-13,TR009,OP026,Stockpile,48.37,25.01,69.2,125.1,1.44,33.6,1.934,0
2025-12-30,TR025,OP032,West Pit,46.91,26.14,31.2,224.8,2.48,18.9,1.795,0
2025-08-01,TR012,OP015,East Pit,23.61,10.19,37.5,142.2,1.0,23.6,2.317,0
2025-02-11,TR001,OP009,North Pit,43.61,20.91,86.4,79.8,1.65,26.5,2.086,0
2025-09-03,TR006,OP034,West Pit,20.57,12.5,58.1,198.6,0.83,24.7,1.646,0
2025-05-08,TR018,OP005,North Pit,80.67,44.62,32.9,45.7,2.33,34.7,1.808,0
2025-07-21,TR012,OP022,North Pit,54.67,28.19,73.8,201.3,3.0,18.3,1.939,0
2025-12-04,TR015,OP012,West Pit,9.66,4.97,14.8,221.5,0.28,34.6,1.944,0
2025-08-18,TR004,OP006,East Pit,45.9,19.61,71.3,95.2,1.61,28.5,2.341,0
2025-02-03,TR016,OP003,North Pit,107.17,35.83,31.1,154.3,3.63,29.5,2.991,0
2025-01-28,TR013,OP046,Stockpile,80.8,41.68,83.9,228.9,2.56,31.6,1.939,0
2025-09-09,TR022,OP039,East Pit,34.01,20.19,63.7,238.9,0.95,35.9,1.684,0
2025-05-31,TR004,OP005,Crusher,110.38,59.71,53.8,205.9,3.33,33.2,1.849,0
2025-07-14,TR021,OP007,West Pit,72.52,36.61,76.0,107.5,1.94,37.4,1.981,0
2025-04-06,TR020,OP020,West Pit,44.08,24.95,65.2,213.5,1.95,22.6,1.767,0
2025-07-05,TR013,OP006,East Pit,15.4,13.29,80.2,175.2,0.55,27.9,1.159,0
2025-09-25,TR021,OP011,North Pit,98.52,53.34,38.4,118.7,2.65,37.1,1.847,0
2025-05-04,TR005,OP027,Stockpile,9.89,12.69,58.9,50.0,0.26,37.3,0.779,0
2025-01-28,TR006,OP031,North Pit,88.43,43.02,13.3,188.1,2.45,36.1,2.056,0
2025-03-16,TR014,OP001,West Pit,97.34,42.5,85.6,115.0,4.64,21.0,2.29,0
2025-10-09,TR025,OP018,West Pit,83.19,69.4,73.9,225.1,3.93,21.2,1.199,1
2025-03-05,TR005,OP021,North Pit,76.48,28.51,50.4,163.2,2.53,30.2,2.683,0
2025-01-28,TR030,OP039,South Pit,93.67,60.71,80.4,161.7,4.89,19.2,1.543,0
2025-02-20,TR029,OP020,Crusher,101.86,37.2,15.0,177.1,3.3,30.9,2.738,0
2025-05-12,TR013,OP049,West Pit,88.71,36.43,54.9,162.2,2.83,31.4,2.435,0
2025-11-08,TR015,OP024,North Pit,23.15,14.06,40.0,92.7,0.99,23.5,1.647,0
2025-07-08,TR030,OP009,North Pit,119.64,63.65,25.5,215.9,4.2,28.5,1.88,0
2025-08-18,TR025,OP036,Crusher,50.68,26.08,40.1,63.1,2.11,24.0,1.943,0
2025-11-28,TR013,OP039,North Pit,11.6,8.17,46.2,107.7,0.31,38.0,1.42,0
2025-05-26,TR027,OP023,West Pit,86.12,38.3,65.5,155.9,2.79,30.9,2.249,0
2025-10-09,TR026,OP035,South Pit,75.85,39.73,48.9,92.3,2.43,31.2,1.909,0
2025-04-03,TR005,OP007,West Pit,47.94,26.1,20.1,207.4,1.59,30.2,1.837,0
2025-01-17,TR001,OP023,East Pit,18.7,11.9,40.6,208.5,0.62,30.2,1.571,0
2025-07-20,TR013,OP047,South Pit,67.47,32.6,19.4,197.4,2.88,23.4,2.07,0
2025-11-04,TR010,OP014,North Pit,32.89,15.79,31.4,187.8,1.8,18.3,2.083,0
2025-03-29,TR008,OP031,North Pit,81.61,38.24,86.1,200.3,2.83,28.8,2.134,0
2025-09-28,TR006,OP040,South Pit,113.36,60.01,44.4,204.0,3.07,36.9,1.889,0
2025-04-13,TR029,OP001,Crusher,114.71,35.93,16.3,208.6,4.59,25.0,3.193,0
2025-03-14,TR026,OP027,East Pit,18.2,12.62,29.6,122.9,0.78,23.5,1.442,0
2025-08-23,TR016,OP001,Crusher,117.53,49.96,14.0,163.8,5.58,21.1,2.352,0
2025-09-10,TR004,OP046,West Pit,94.15,40.76,89.6,130.9,2.77,34.0,2.31,0
2025-05-19,TR006,OP030,North Pit,28.51,11.74,21.4,188.8,0.88,32.4,2.428,0
2025-07-31,TR023,OP001,Crusher,31.97,15.65,23.9,112.3,1.39,23.0,2.043,0
2025-02-19,TR021,OP022,North Pit,35.79,23.95,65.9,193.6,1.08,33.1,1.494,0
2025-06-10,TR011,OP001,Crusher,102.34,44.1,32.8,217.2,4.58,22.3,2.321,0
2025-04-11,TR007,OP041,West Pit,52.43,36.29,65.6,51.2,2.9,18.1,1.445,0
2025-10-30,TR030,OP048,North Pit,46.84,23.12,23.5,78.6,2.28,20.6,2.026,0
2025-12-28,TR022,OP009,Crusher,54.1,25.08,35.2,170.3,1.48,36.6,2.157,0
2025-04-12,TR026,OP040,North Pit,37.48,18.84,82.2,204.6,1.6,23.4,1.989,0
2025-12-31,TR027,OP041,South Pit,10.8,13.42,72.9,227.8,0.43,25.1,0.805,0
2025-02-01,TR005,OP044,North Pit,63.57,31.32,20.3,61.4,1.97,32.2,2.03,0
2025-09-27,TR007,OP042,East Pit,118.97,52.8,70.1,160.4,5.19,22.9,2.253,0
2025-12-04,TR003,OP024,North Pit,119.16,59.04,53.1,144.5,4.59,25.9,2.018,0
2025-11-07,TR015,OP009,North Pit,94.8,42.66,75.6,164.2,2.83,33.5,2.222,0
2025-11-20,TR012,OP040,Crusher,80.42,34.41,77.6,112.1,2.29,35.1,2.337,0
2025-09-08,TR013,OP018,East Pit,83.42,35.66,18.3,231.8,3.34,25.0,2.339,0
2025-11-06,TR009,OP029,East Pit,108.74,46.46,12.3,177.4,4.53,24.0,2.341,0
2025-08-23,TR002,OP019,Stockpile,95.07,47.42,55.5,107.6,3.89,24.5,2.005,0
2025-05-10,TR026,OP004,South Pit,28.15,16.25,19.5,179.3,0.87,32.4,1.732,0
2025-06-14,TR005,OP043,South Pit,105.46,45.44,73.1,65.3,4.45,23.7,2.321,0
2025-09-29,TR006,OP012,North Pit,110.98,66.73,80.6,200.6,3.1,35.8,1.663,0
2025-12-15,TR017,OP018,North Pit,50.21,28.85,85.4,215.7,1.33,37.6,1.74,0
2025-02-11,TR026,OP014,North Pit,27.49,18.79,80.9,159.0,0.73,37.4,1.463,0
2025-04-20,TR030,OP037,West Pit,80.45,43.13,16.4,134.3,2.95,27.3,1.865,0
2025-12-22,TR027,OP034,West Pit,60.03,24.45,23.6,82.7,1.91,31.5,2.455,0
2025-04-11,TR019,OP031,Crusher,18.51,10.13,31.9,121.1,0.6,30.7,1.827,0
2025-06-29,TR027,OP003,South Pit,94.15,54.74,48.2,69.0,2.73,34.5,1.72,0
2025-11-14,TR017,OP028,South Pit,40.76,25.24,83.4,143.3,2.15,18.9,1.615,0
2025-10-11,TR014,OP043,South Pit,112.68,54.74,46.4,238.9,3.43,32.8,2.058,0
2025-04-14,TR010,OP003,East Pit,60.06,23.34,36.0,194.5,1.85,32.4,2.573,0
2025-08-29,TR014,OP032,North Pit,16.85,10.65,37.0,231.6,0.52,32.6,1.582,0
2025-06-23,TR023,OP025,East Pit,29.84,20.28,32.7,89.7,1.36,22.0,1.471,0
2025-04-12,TR006,OP008,West Pit,119.77,55.4,89.5,56.4,4.06,29.5,2.162,0
2025-03-20,TR017,OP005,South Pit,40.71,21.94,82.4,182.1,1.54,26.4,1.856,0
2025-02-03,TR018,OP003,Stockpile,28.72,19.43,80.5,79.7,0.89,32.2,1.478,0
2025-11-13,TR001,OP043,Stockpile,91.5,48.17,9.5,69.0,3.22,28.4,1.9,0
2025-08-30,TR003,OP031,North Pit,104.95,44.75,49.6,207.1,3.18,33.0,2.345,0
2025-07-23,TR007,OP037,Stockpile,20.17,8.65,38.1,80.5,0.61,33.2,2.332,0
2025-02-01,TR022,OP007,West Pit,70.45,27.11,33.5,98.3,2.43,29.0,2.599,0
2025-03-27,TR023,OP024,Stockpile,63.83,27.57,13.6,184.5,1.76,36.3,2.315,0
2025-07-02,TR009,OP028,Stockpile,36.47,18.72,16.3,155.4,0.96,38.0,1.948,0
2025-04-30,TR006,OP036,South Pit,60.65,34.5,54.0,181.2,1.8,33.7,1.758,0
2025-07-08,TR028,OP025,Crusher,38.71,24.43,76.6,79.2,1.78,21.7,1.585,0
2025-10-06,TR017,OP024,South Pit,113.65,39.54,31.6,49.6,3.29,34.5,2.874,0
2025-03-14,TR021,OP022,East Pit,95.48,31.11,23.6,125.7,2.9,32.9,3.069,0
2025-02-11,TR008,OP005,West Pit,77.52,36.31,20.1,113.1,3.38,22.9,2.135,0
2025-12-29,TR019,OP048,Stockpile,46.39,21.38,46.8,183.4,1.27,36.4,2.17,0
2025-01-19,TR019,OP006,Crusher,21.49,11.29,22.3,201.3,0.77,28.0,1.903,0
2025-10-29,TR018,OP047,Stockpile,79.49,36.44,46.5,133.9,2.25,35.3,2.181,0
2025-07-13,TR023,OP005,South Pit,14.25,8.13,39.2,101.8,0.39,36.6,1.753,0
2025-06-03,TR019,OP047,East Pit,38.74,36.77,58.1,188.7,1.02,37.9,1.054,1
2025-03-01,TR028,OP039,Stockpile,87.65,29.48,33.7,89.8,2.55,34.3,2.973,0
2025-12-21,TR005,OP015,East Pit,106.1,46.51,26.6,128.7,3.67,28.9,2.281,0
2025-06-14,TR021,OP041,North Pit,112.59,47.64,27.7,131.1,4.1,27.4,2.363,0
2025-04-27,TR028,OP047,South Pit,70.72,29.03,39.7,152.6,2.01,35.2,2.436,0
2025-01-23,TR007,OP009,East Pit,105.05,50.06,52.6,235.6,3.93,26.7,2.098,0
2025-12-09,TR005,OP007,South Pit,89.25,40.24,46.2,151.6,2.87,31.1,2.218,0
2025-10-03,TR020,OP042,West Pit,70.36,28.66,89.7,115.0,3.13,22.5,2.455,0
2025-01-22,TR025,OP019,North Pit,36.76,24.66,73.9,180.4,1.28,28.7,1.491,0
2025-06-07,TR006,OP023,Stockpile,39.3,15.76,30.2,118.6,1.53,25.6,2.494,0
2025-08-19,TR013,OP012,East Pit,62.26,25.98,72.6,169.5,2.25,27.6,2.396,0
2025-05-06,TR004,OP012,Stockpile,18.63,12.17,34.3,161.0,0.57,32.5,1.531,0
2025-10-22,TR025,OP013,East Pit,20.3,20.61,83.3,53.1,0.62,32.9,0.985,0
2025-04-13,TR007,OP022,South Pit,72.84,34.05,38.9,86.7,2.06,35.4,2.139,0
2025-02-20,TR019,OP040,North Pit,111.96,51.89,31.1,104.4,3.17,35.4,2.158,0
2025-07-07,TR019,OP029,East Pit,103.49,51.03,64.9,85.1,3.3,31.4,2.028,0
2025-08-27,TR001,OP019,North Pit,111.57,59.3,23.9,109.5,4.97,22.5,1.881,0
2025-11-18,TR009,OP033,South Pit,73.35,34.82,78.3,140.0,2.64,27.8,2.107,0
2025-03-31,TR003,OP021,West Pit,23.34,12.31,48.1,82.3,0.65,35.8,1.896,0
2025-11-13,TR005,OP009,East Pit,103.97,45.99,35.3,233.4,3.37,30.8,2.261,0
2025-06-08,TR006,OP037,Crusher,21.58,15.78,76.8,100.7,0.72,30.1,1.368,0
2025-05-12,TR005,OP024,East Pit,92.11,52.44,69.4,41.1,2.49,36.9,1.756,0
2025-07-16,TR007,OP010,East Pit,111.57,62.76,65.9,111.9,3.06,36.4,1.778,0
2025-02-10,TR027,OP040,North Pit,18.16,8.76,16.2,88.7,0.83,21.8,2.073,0
2025-05-07,TR021,OP016,Crusher,22.13,11.09,40.1,138.4,0.61,36.4,1.995,0
2025-11-06,TR010,OP044,West Pit,75.01,36.28,50.0,80.1,2.27,33.0,2.068,0
2025-09-07,TR009,OP039,Stockpile,52.78,21.64,13.5,218.3,1.77,29.8,2.439,0
2025-03-13,TR011,OP008,West Pit,26.94,11.83,54.6,105.7,1.16,23.2,2.277,0
2025-02-16,TR025,OP001,North Pit,21.21,11.99,58.8,231.0,0.69,30.6,1.769,0
2025-12-25,TR002,OP042,West Pit,114.4,36.8,24.2,171.0,5.73,20.0,3.109,0
2025-05-22,TR001,OP007,East Pit,103.44,37.68,83.6,187.0,2.82,36.7,2.745,0
2025-01-23,TR007,OP029,Stockpile,42.44,21.46,39.5,118.5,1.94,21.9,1.978,0
2025-05-15,TR029,OP001,Stockpile,61.11,24.11,44.6,159.5,1.93,31.6,2.535,0
2025-10-10,TR006,OP032,North Pit,54.14,23.37,29.9,109.8,1.94,27.9,2.317,0
2025-07-07,TR005,OP033,North Pit,114.32,44.75,64.6,142.7,3.36,34.0,2.555,0
2025-11-27,TR003,OP021,West Pit,37.43,14.05,21.0,235.2,1.37,27.3,2.664,0
2025-05-06,TR015,OP012,Crusher,60.91,28.82,84.9,148.2,2.93,20.8,2.113,0
2025-01-24,TR006,OP032,Stockpile,114.01,51.82,70.3,157.8,5.87,19.4,2.2,0
2025-07-28,TR029,OP026,South Pit,75.41,39.24,9.0,179.5,2.38,31.7,1.922,0
2025-05-08,TR015,OP024,Crusher,8.63,10.88,68.3,77.9,0.36,23.7,0.793,0
2025-11-27,TR030,OP041,North Pit,101.95,42.35,62.0,214.2,2.83,36.0,2.407,0
2025-01-21,TR022,OP044,Crusher,93.13,48.07,48.3,151.8,3.23,28.9,1.937,0
2025-11-01,TR012,OP013,East Pit,104.91,59.99,18.4,177.8,5.48,19.1,1.749,0
2025-09-28,TR019,OP042,Crusher,23.15,8.97,18.5,134.0,0.88,26.4,2.581,0
2025-11-24,TR013,OP046,North Pit,115.68,104.6,48.7,47.6,3.94,29.3,1.106,1
2025-04-24,TR018,OP036,North Pit,85.87,42.34,64.9,136.5,3.4,25.2,2.028,0
2025-07-17,TR027,OP040,North Pit,53.76,26.24,41.6,171.5,1.68,32.0,2.049,0
2025-08-13,TR016,OP036,Stockpile,110.46,57.24,61.4,41.3,3.31,33.3,1.93,0
2025-02-10,TR021,OP033,East Pit,35.53,14.83,78.6,119.4,0.99,35.9,2.396,0
2025-01-05,TR003,OP032,East Pit,73.57,27.14,72.7,211.6,2.58,28.5,2.711,0
2025-10-07,TR010,OP001,Stockpile,85.89,40.61,75.1,230.2,3.57,24.0,2.115,0
2025-10-04,TR014,OP039,West Pit,55.07,25.04,61.4,97.7,1.73,31.9,2.199,0
2025-07-08,TR012,OP028,North Pit,45.42,31.01,79.6,114.2,2.3,19.8,1.465,0
2025-02-26,TR006,OP009,West Pit,117.41,43.24,84.6,129.5,3.55,33.0,2.715,0
2025-07-26,TR030,OP050,Crusher,22.04,22.52,85.7,144.9,0.62,35.4,0.979,0
2025-01-11,TR025,OP040,South Pit,93.05,36.04,25.4,114.3,3.07,30.3,2.582,0
2025-01-11,TR008,OP033,North Pit,10.32,16.25,81.3,71.5,0.41,25.5,0.635,0
2025-09-27,TR018,OP032,Crusher,52.88,23.03,45.0,183.1,1.65,32.1,2.296,0
2025-08-15,TR028,OP030,South Pit,76.72,48.23,84.9,180.1,2.63,29.2,1.591,0
2025-09-19,TR004,OP007,Crusher,48.96,31.33,80.7,88.8,2.11,23.2,1.563,0
2025-02-21,TR026,OP013,West Pit,56.23,20.96,32.1,222.7,1.6,35.1,2.683,0
2025-07-28,TR025,OP031,North Pit,104.44,45.93,55.5,160.8,3.11,33.5,2.274,0
2025-09-03,TR009,OP013,South Pit,83.14,44.41,20.0,89.6,3.79,22.0,1.872,0
2025-07-12,TR024,OP020,East Pit,18.91,10.19,70.4,176.9,0.54,34.7,1.856,0
2025-03-21,TR006,OP018,Stockpile,28.04,20.37,70.8,184.5,1.13,24.7,1.377,0
2025-12-14,TR020,OP005,South Pit,55.46,34.64,64.8,156.5,2.12,26.2,1.601,0
2025-01-17,TR030,OP044,Stockpile,28.33,13.05,83.8,124.1,1.28,22.1,2.171,0
2025-01-21,TR020,OP031,North Pit,118.14,54.59,12.0,157.1,4.16,28.4,2.164,0
2025-03-03,TR002,OP047,West Pit,38.93,17.41,20.8,208.2,1.85,21.1,2.236,0
2025-11-21,TR006,OP030,West Pit,62.32,28.59,16.2,103.6,1.99,31.3,2.18,0
2025-06-24,TR025,OP047,South Pit,96.86,38.24,56.5,109.0,3.53,27.4,2.533,0
2025-04-27,TR006,OP014,North Pit,86.7,38.0,77.2,227.6,4.47,19.4,2.282,0
2025-05-06,TR004,OP018,Stockpile,73.87,33.8,5.3,128.2,2.96,25.0,2.186,0
2025-05-19,TR018,OP050,West Pit,61.86,29.95,22.9,149.1,1.75,35.4,2.065,0
2025-08-09,TR028,OP029,North Pit,28.75,10.3,32.2,82.6,1.19,24.1,2.791,0
2025-06-05,TR011,OP007,North Pit,29.9,17.71,39.8,106.1,1.22,24.4,1.688,0
2025-05-09,TR010,OP034,Stockpile,79.66,40.64,22.0,59.3,3.47,23.0,1.96,0
2025-04-14,TR012,OP028,Stockpile,88.76,39.65,17.5,201.6,2.82,31.4,2.239,0
2025-10-12,TR012,OP015,Stockpile,45.88,31.25,60.4,168.1,1.72,26.6,1.468,0
2025-12-18,TR027,OP037,Stockpile,29.05,14.4,55.2,91.6,0.82,35.4,2.017,0
2025-10-03,TR017,OP018,North Pit,11.69,13.89,59.7,49.8,0.51,22.8,0.842,0
2025-09-12,TR020,OP032,West Pit,103.01,40.95,37.6,156.4,4.39,23.5,2.516,0
2025-07-14,TR030,OP029,Crusher,29.63,10.77,14.0,134.1,0.84,35.3,2.751,0
2025-06-17,TR013,OP023,Crusher,12.18,11.13,64.9,139.6,0.55,22.3,1.094,0
2025-09-21,TR011,OP033,West Pit,66.68,32.9,89.7,206.1,3.5,19.0,2.027,0
2025-05-09,TR025,OP043,Stockpile,18.64,12.56,74.3,46.4,0.54,34.4,1.484,0
2025-07-09,TR023,OP017,East Pit,61.58,23.58,5.9,223.2,3.05,20.2,2.612,0
2025-09-07,TR002,OP039,Stockpile,76.59,34.16,78.5,146.1,4.19,18.3,2.242,0
2025-01-15,TR027,OP014,East Pit,37.68,21.86,15.6,212.4,1.37,27.4,1.724,0
2025-04-22,TR011,OP030,West Pit,86.12,36.4,67.4,170.2,2.28,37.7,2.366,0
2025-02-02,TR005,OP018,South Pit,82.86,29.95,37.0,153.4,3.5,23.7,2.767,0
2025-03-18,TR011,OP033,West Pit,39.98,19.36,67.0,177.5,1.25,32.0,2.065,0
2025-03-27,TR026,OP039,North Pit,82.42,46.55,40.8,171.8,3.19,25.8,1.771,0
2025-04-16,TR030,OP025,Stockpile,21.97,12.46,63.5,211.5,0.65,33.9,1.763,0
2025-11-29,TR013,OP049,South Pit,47.96,23.22,47.3,215.5,1.58,30.4,2.065,0
2025-04-28,TR018,OP045,Crusher,71.77,26.03,19.6,45.5,3.88,18.5,2.757,0
2025-08-06,TR012,OP032,South Pit,91.76,37.53,80.1,60.4,3.14,29.2,2.445,0
2025-11-28,TR027,OP046,North Pit,40.1,22.54,73.3,215.1,2.17,18.5,1.779,0
2025-06-01,TR018,OP026,Crusher,56.35,25.55,53.9,202.1,3.04,18.5,2.205,0
2025-04-14,TR013,OP022,Stockpile,103.57,50.57,52.9,48.0,4.61,22.4,2.048,0
2025-12-07,TR004,OP035,West Pit,30.72,17.72,80.5,86.0,1.32,23.3,1.734,0
2025-06-21,TR017,OP032,North Pit,76.66,46.66,69.1,203.5,2.83,27.1,1.643,0
2025-01-26,TR025,OP043,Stockpile,20.64,8.68,17.3,199.1,0.56,36.9,2.378,0
2025-02-15,TR028,OP003,North Pit,60.43,37.21,76.5,60.9,1.59,38.0,1.624,0
2025-06-22,TR011,OP010,South Pit,47.63,29.59,72.6,219.8,1.41,33.8,1.61,0
2025-01-13,TR016,OP039,West Pit,119.47,58.44,12.6,102.8,3.72,32.1,2.044,0
2025-03-20,TR018,OP020,Crusher,68.3,40.88,55.9,94.2,3.08,22.2,1.671,0
2025-06-21,TR023,OP027,East Pit,95.92,30.16,19.8,153.7,2.81,34.1,3.18,0
2025-01-08,TR014,OP028,West Pit,21.29,16.69,66.5,180.6,0.98,21.7,1.276,0
2025-10-16,TR003,OP028,South Pit,69.57,43.94,68.1,152.3,2.11,33.0,1.583,0
2025-01-16,TR005,OP009,East Pit,18.78,7.59,15.9,67.7,0.84,22.4,2.474,0
2025-05-10,TR012,OP001,Stockpile,100.37,46.11,49.1,138.8,3.27,30.7,2.177,0
2025-08-19,TR013,OP015,Stockpile,22.05,18.74,79.3,43.1,0.8,27.5,1.177,0
2025-02-27,TR003,OP049,Crusher,61.5,27.89,13.5,187.5,2.45,25.1,2.205,0
2025-07-26,TR012,OP013,Stockpile,93.33,30.92,15.6,121.0,2.97,31.4,3.018,0
2025-04-05,TR023,OP017,East Pit,60.12,32.52,70.6,114.6,2.8,21.5,1.849,0
2025-11-19,TR008,OP035,South Pit,43.27,17.73,45.8,113.7,2.02,21.4,2.44,0
2025-08-08,TR014,OP016,Stockpile,90.36,36.92,35.8,85.8,3.3,27.4,2.447,0
2025-06-18,TR030,OP008,West Pit,60.79,27.8,67.1,50.4,2.93,20.7,2.187,0
2025-09-14,TR002,OP045,South Pit,66.23,29.16,69.3,154.3,1.92,34.5,2.271,0
2025-11-06,TR017,OP027,West Pit,100.15,41.51,60.3,204.2,4.73,21.2,2.413,0
2025-01-31,TR023,OP014,North Pit,22.53,12.57,12.1,140.9,0.75,30.2,1.792,0
2025-10-18,TR022,OP001,East Pit,21.06,10.92,7.2,203.1,1.02,20.7,1.929,0
2025-10-07,TR015,OP033,Stockpile,119.9,40.62,20.8,78.1,5.13,23.4,2.952,0
2025-06-19,TR024,OP046,Stockpile,118.28,46.54,70.4,137.8,3.92,30.2,2.541,0
2025-03-21,TR007,OP012,Stockpile,104.99,40.42,42.5,44.6,5.23,20.1,2.597,0
2025-07-21,TR009,OP041,South Pit,74.66,40.26,25.4,157.0,3.72,20.1,1.854,0
2025-05-15,TR012,OP046,Crusher,16.41,15.64,72.9,155.3,0.45,36.1,1.049,0
2025-05-06,TR003,OP015,Stockpile,27.41,21.43,50.0,189.7,0.85,32.4,1.279,0
2025-07-25,TR022,OP015,Stockpile,59.72,34.98,55.7,73.2,2.65,22.5,1.707,0
2025-10-09,TR003,OP003,North Pit,75.78,31.72,86.3,118.3,2.06,36.7,2.389,0
2025-07-28,TR015,OP028,Crusher,48.23,18.33,51.8,196.0,1.42,34.0,2.631,0
2025-08-04,TR001,OP028,Crusher,111.94,37.2,39.2,77.6,4.19,26.7,3.009,0
2025-03-22,TR024,OP047,Stockpile,95.16,38.55,27.6,94.8,2.69,35.4,2.468,0
2025-09-01,TR012,OP001,Crusher,28.78,14.48,80.2,106.9,0.95,30.2,1.988,0
2025-11-03,TR023,OP024,East Pit,80.22,44.1,33.2,210.5,3.5,22.9,1.819,0
2025-08-27,TR018,OP008,Crusher,32.05,14.21,33.2,211.0,1.54,20.8,2.255,0
2025-07-04,TR016,OP005,South Pit,45.15,21.35,23.8,109.5,1.36,33.2,2.115,0
2025-04-25,TR019,OP014,East Pit,26.57,24.12,88.8,40.8,0.8,33.1,1.102,0
2025-10-02,TR019,OP007,East Pit,36.57,22.56,61.6,230.6,1.07,34.2,1.621,0
2025-10-31,TR014,OP012,West Pit,54.25,19.43,5.6,60.5,2.64,20.5,2.792,0
2025-09-28,TR024,OP010,West Pit,81.32,34.3,23.3,216.7,2.72,29.9,2.371,0
2025-09-20,TR025,OP043,East Pit,105.28,57.44,86.6,219.3,3.15,33.4,1.833,0
2025-08-28,TR007,OP004,South Pit,26.39,16.45,80.1,55.8,1.05,25.2,1.604,0
2025-03-07,TR023,OP013,West Pit,70.47,30.28,19.2,107.1,2.0,35.3,2.327,0
2025-02-19,TR027,OP033,East Pit,102.56,47.03,34.7,107.9,4.33,23.7,2.181,0
2025-08-18,TR006,OP041,North Pit,104.78,32.63,14.2,191.9,5.16,20.3,3.211,0
2025-03-24,TR009,OP024,West Pit,81.67,43.21,7.8,153.3,3.61,22.6,1.89,0
2025-09-20,TR017,OP050,North Pit,110.32,77.82,36.0,133.2,4.6,24.0,1.418,1
2025-01-15,TR006,OP020,Crusher,37.69,23.44,88.8,239.5,1.12,33.8,1.608,0
2025-04-09,TR001,OP042,East Pit,95.17,35.0,7.5,46.7,2.77,34.3,2.719,0
2025-04-28,TR009,OP024,Stockpile,55.11,32.04,89.7,221.6,2.01,27.4,1.72,0
2025-01-31,TR007,OP016,North Pit,115.0,42.01,58.1,70.9,3.87,29.7,2.737,0
2025-01-16,TR029,OP030,West Pit,54.97,21.43,5.9,55.3,1.83,30.1,2.565,0
2025-01-02,TR005,OP004,Stockpile,112.35,43.18,42.8,183.1,3.3,34.0,2.602,0
2025-06-22,TR013,OP037,Crusher,38.32,23.14,60.3,80.1,1.12,34.3,1.656,0
2025-09-27,TR008,OP032,South Pit,94.69,33.73,59.6,177.3,3.83,24.7,2.807,0
2025-11-22,TR011,OP042,Stockpile,100.17,44.45,80.4,184.2,2.91,34.4,2.254,0
2025-10-26,TR027,OP001,Crusher,93.98,54.82,51.0,40.6,4.33,21.7,1.714,0
2025-06-19,TR024,OP002,West Pit,92.61,34.4,13.3,74.4,4.6,20.1,2.692,0
2025-09-22,TR016,OP002,South Pit,24.3,15.15,67.0,215.7,1.34,18.2,1.604,0
2025-10-14,TR014,OP017,West Pit,97.22,38.54,28.4,159.0,3.72,26.2,2.523,0
2025-02-11,TR016,OP049,Stockpile,17.37,9.94,34.7,123.5,0.5,34.7,1.747,0
2025-02-27,TR018,OP042,East Pit,45.34,21.58,37.6,125.8,1.55,29.3,2.101,0
2025-08-22,TR004,OP001,South Pit,31.68,20.5,64.1,95.9,1.12,28.2,1.545,0
2025-02-19,TR002,OP025,East Pit,80.41,35.6,79.4,126.7,2.12,37.9,2.259,0
2025-07-16,TR002,OP030,South Pit,81.92,45.47,47.9,91.6,4.33,18.9,1.802,0
2025-02-17,TR025,OP007,East Pit,117.95,43.72,34.5,150.2,3.59,32.9,2.698,0
2025-11-02,TR021,OP028,West Pit,71.29,26.63,39.1,98.1,2.41,29.5,2.677,0
2025-11-05,TR023,OP035,South Pit,48.55,22.67,33.9,220.0,2.46,19.7,2.142,0
2025-05-04,TR026,OP044,East Pit,37.55,15.29,54.9,93.5,1.41,26.7,2.456,0
2025-04-27,TR009,OP015,East Pit,86.03,44.61,31.6,97.2,3.95,21.8,1.928,0
2025-01-03,TR028,OP049,West Pit,74.29,26.0,38.3,64.3,2.69,27.6,2.857,0
2025-03-09,TR020,OP009,Stockpile,73.24,43.94,59.8,85.6,3.74,19.6,1.667,0
2025-04-12,TR020,OP018,Stockpile,16.07,15.97,85.2,76.4,0.67,24.1,1.006,0
2025-02-06,TR009,OP001,West Pit,109.1,35.15,20.6,146.7,3.06,35.7,3.104,0
2025-11-12,TR022,OP028,East Pit,12.32,6.23,21.0,47.9,0.33,37.8,1.978,0
2025-11-02,TR020,OP022,West Pit,45.31,27.82,61.6,137.4,1.83,24.7,1.629,0
2025-10-01,TR015,OP038,Crusher,72.48,36.24,33.0,186.2,2.57,28.1,2.0,0
2025-09-23,TR002,OP005,North Pit,75.61,55.93,87.0,170.5,3.03,25.0,1.352,1
2025-07-07,TR008,OP038,Stockpile,79.93,32.57,50.2,121.5,4.04,19.8,2.454,0
2025-09-24,TR013,OP029,South Pit,10.48,7.12,16.3,133.7,0.53,19.8,1.472,0
2025-11-12,TR027,OP009,West Pit,17.19,13.06,48.8,89.5,0.57,30.4,1.316,0
2025-12-02,TR025,OP009,South Pit,27.34,10.21,11.3,156.7,1.05,26.0,2.678,0
2025-03-13,TR024,OP012,Crusher,84.47,33.53,11.7,103.2,2.25,37.5,2.519,0
2025-10-12,TR015,OP022,Stockpile,45.5,27.11,41.6,117.1,1.69,26.9,1.678,0
2025-06-26,TR017,OP014,East Pit,86.56,44.19,39.7,236.9,3.94,22.0,1.959,0
2025-06-20,TR023,OP030,West Pit,101.93,54.14,45.2,192.0,4.03,25.3,1.883,0
2025-01-15,TR004,OP037,Crusher,104.77,47.49,89.2,169.7,5.46,19.2,2.206,0
2025-11-04,TR004,OP042,East Pit,66.86,32.75,10.6,86.9,3.07,21.8,2.042,0
2025-07-16,TR018,OP040,North Pit,12.53,13.16,89.2,101.0,0.48,26.3,0.952,0
2025-07-12,TR030,OP015,East Pit,116.74,62.02,43.3,191.2,5.0,23.3,1.882,0
2025-11-28,TR024,OP043,South Pit,45.64,17.21,9.5,187.1,2.49,18.3,2.652,0
2025-08-16,TR025,OP039,South Pit,47.86,20.44,43.7,43.3,2.21,21.7,2.341,0
2025-03-21,TR021,OP019,South Pit,108.24,46.53,52.0,224.4,5.06,21.4,2.326,0
2025-11-15,TR010,OP036,South Pit,13.05,7.7,23.3,200.0,0.4,32.5,1.695,0
2025-06-14,TR015,OP031,East Pit,58.33,28.77,53.3,97.8,1.89,30.9,2.027,0
2025-05-13,TR008,OP019,Stockpile,13.59,7.11,22.8,223.2,0.38,35.3,1.911,0
2025-05-01,TR022,OP042,South Pit,13.96,9.44,53.8,111.8,0.53,26.5,1.479,0
2025-12-14,TR030,OP039,Stockpile,63.84,26.49,62.3,142.9,3.18,20.1,2.41,0
2025-11-02,TR029,OP050,East Pit,53.19,22.62,58.5,40.3,1.48,35.9,2.351,0
2025-12-27,TR003,OP039,West Pit,38.98,18.82,30.6,60.5,1.54,25.3,2.071,0
2025-09-12,TR019,OP019,Stockpile,72.2,41.48,79.9,216.5,3.07,23.5,1.741,0
2025-04-08,TR019,OP028,South Pit,92.16,41.16,20.2,214.8,2.87,32.1,2.239,0
2025-06-26,TR020,OP031,West Pit,28.81,15.61,22.7,209.8,0.82,35.3,1.846,0
2025-03-10,TR024,OP028,Crusher,109.15,58.15,12.7,124.6,4.35,25.1,1.877,0
2025-02-20,TR020,OP023,Crusher,107.23,42.72,33.0,200.4,4.75,22.6,2.51,0
2025-04-08,TR001,OP044,East Pit,104.32,47.38,63.3,130.1,4.71,22.1,2.202,0
2025-07-19,TR026,OP001,Stockpile,65.53,38.7,59.9,192.1,1.87,35.1,1.693,0
2025-04-05,TR026,OP026,Crusher,87.9,30.72,77.4,137.6,2.49,35.4,2.861,0
2025-05-15,TR003,OP024,Stockpile,74.07,24.04,16.2,113.5,2.04,36.3,3.081,0
2025-05-30,TR003,OP035,West Pit,82.04,31.07,17.3,98.7,3.77,21.8,2.64,0
2025-04-28,TR012,OP036,Crusher,56.51,30.5,35.2,57.3,2.44,23.1,1.853,0
2025-07-26,TR029,OP024,North Pit,34.99,16.19,37.6,167.7,1.59,22.1,2.161,0
2025-04-03,TR001,OP030,Stockpile,40.05,21.7,75.2,142.7,1.55,25.8,1.846,0
2025-11-28,TR026,OP019,Stockpile,62.52,24.34,46.1,118.7,3.07,20.3,2.569,0
2025-03-25,TR015,OP034,Crusher,53.46,24.28,86.9,215.3,2.8,19.1,2.202,0
2025-05-27,TR030,OP009,Stockpile,33.01,23.22,86.6,164.7,1.0,32.9,1.422,0
2025-08-15,TR005,OP014,North Pit,64.15,28.54,50.3,239.5,2.11,30.4,2.248,0
2025-10-01,TR020,OP004,Stockpile,86.19,46.32,53.0,153.9,3.34,25.8,1.861,0
2025-07-08,TR014,OP040,South Pit,57.44,27.07,50.8,170.9,2.74,21.0,2.122,0
2025-02-26,TR023,OP048,East Pit,108.51,53.8,31.8,225.3,3.84,28.2,2.017,0
2025-04-20,TR007,OP031,East Pit,36.86,18.44,60.5,218.5,1.76,20.9,1.999,0
2025-08-11,TR017,OP035,South Pit,118.27,66.6,46.2,51.8,3.75,31.6,1.776,0
2025-11-16,TR030,OP024,North Pit,51.88,21.98,18.6,156.4,1.66,31.3,2.36,0
2025-04-19,TR018,OP020,Crusher,85.59,35.53,8.6,190.6,2.61,32.8,2.409,0
2025-03-23,TR002,OP050,South Pit,72.18,25.74,56.8,73.6,2.16,33.4,2.804,0
2025-05-03,TR025,OP037,North Pit,93.18,43.46,79.9,190.5,3.67,25.4,2.144,0
2025-07-08,TR024,OP020,South Pit,51.73,28.07,82.1,182.6,1.83,28.2,1.843,0
2025-11-02,TR010,OP029,North Pit,101.42,37.86,63.1,188.2,5.44,18.6,2.679,0
2025-11-04,TR023,OP039,East Pit,27.97,10.89,40.5,76.7,1.12,24.9,2.568,0
2025-05-05,TR020,OP024,South Pit,41.93,19.7,74.6,110.6,1.11,37.7,2.128,0
2025-07-30,TR022,OP045,East Pit,8.6,8.88,69.9,63.9,0.37,23.0,0.968,0
2025-08-21,TR015,OP009,Crusher,99.81,59.27,40.3,137.3,3.99,25.0,1.684,0
2025-12-24,TR004,OP007,North Pit,98.25,38.36,28.1,198.8,3.45,28.5,2.561,0
2025-07-28,TR017,OP043,West Pit,98.15,39.53,85.4,205.2,4.58,21.4,2.483,0
2025-12-28,TR007,OP021,Crusher,82.3,38.19,9.1,224.5,3.32,24.8,2.155,0
2025-01-09,TR021,OP023,South Pit,94.2,40.98,11.8,43.2,2.88,32.7,2.299,0
2025-01-27,TR024,OP002,West Pit,86.94,32.05,25.1,62.0,2.59,33.5,2.713,0
2025-04-06,TR014,OP038,Crusher,20.4,13.45,57.9,212.7,0.77,26.6,1.517,0
2025-03-24,TR005,OP040,West Pit,46.07,18.68,42.7,234.4,1.91,24.2,2.466,0
2025-04-16,TR003,OP025,West Pit,107.45,59.84,20.3,236.2,2.84,37.8,1.796,0
2025-05-02,TR021,OP033,South Pit,110.92,41.35,63.6,156.0,2.99,37.1,2.682,0
2025-04-18,TR018,OP031,North Pit,29.66,19.41,36.9,127.7,0.95,31.3,1.528,0
2025-05-19,TR023,OP034,Stockpile,103.32,47.93,65.4,106.0,5.72,18.0,2.156,0
2025-06-16,TR027,OP001,West Pit,24.29,20.26,84.3,217.1,0.67,36.0,1.199,0
2025-12-31,TR003,OP035,South Pit,92.28,33.47,39.6,72.5,4.9,18.8,2.757,0
2025-07-20,TR005,OP015,South Pit,52.84,28.07,57.9,201.6,1.57,33.6,1.882,0
2025-04-07,TR016,OP011,South Pit,80.9,45.51,12.5,217.2,2.88,28.1,1.778,0
2025-07-18,TR001,OP034,Crusher,23.9,9.42,21.4,80.5,0.96,24.9,2.537,0
2025-04-03,TR002,OP039,Crusher,59.2,27.29,62.7,219.5,3.22,18.4,2.169,0
2025-02-01,TR025,OP043,Crusher,45.71,24.5,83.5,63.1,2.41,19.0,1.866,0
2025-10-28,TR029,OP045,West Pit,42.2,32.02,87.2,227.1,1.12,37.6,1.318,0
2025-01-28,TR019,OP018,South Pit,29.36,15.22,50.8,49.6,1.12,26.1,1.929,0
2025-09-15,TR010,OP023,Crusher,56.64,28.78,68.7,141.0,1.82,31.1,1.968,0
2025-09-20,TR002,OP002,North Pit,43.79,31.86,82.4,192.5,2.1,20.8,1.374,0
2025-07-03,TR028,OP046,Crusher,18.99,17.11,79.0,227.8,0.55,34.6,1.11,0
2025-06-20,TR020,OP009,Stockpile,66.54,34.07,21.9,122.6,3.34,19.9,1.953,0
2025-11-30,TR029,OP033,South Pit,32.95,17.54,50.3,45.4,1.28,25.7,1.879,0
2025-05-29,TR023,OP011,North Pit,112.32,41.35,75.6,44.3,5.37,20.9,2.716,0
2025-01-24,TR007,OP002,West Pit,60.99,28.41,83.1,219.3,2.27,26.9,2.147,0
2025-04-15,TR011,OP017,Crusher,80.62,65.6,11.8,227.4,3.13,25.7,1.229,1
2025-10-02,TR001,OP032,East Pit,98.83,51.86,22.8,170.9,3.17,31.2,1.906,0
2025-02-13,TR024,OP032,Crusher,64.37,23.92,33.6,50.5,1.94,33.2,2.691,0
2025-07-07,TR007,OP008,Stockpile,109.57,57.91,38.5,41.3,3.35,32.7,1.892,0
2025-02-15,TR028,OP039,West Pit,19.85,12.11,28.5,97.6,1.01,19.6,1.639,0
2025-01-25,TR012,OP035,East Pit,67.97,39.33,33.4,173.4,1.81,37.5,1.728,0
2025-05-05,TR018,OP008,East Pit,69.66,25.71,49.6,68.7,2.71,25.7,2.709,0
2025-10-19,TR021,OP007,South Pit,116.9,50.18,67.2,165.0,3.52,33.2,2.33,0
2025-10-28,TR018,OP018,West Pit,17.84,14.6,73.0,160.9,0.51,34.8,1.222,0
2025-11-30,TR012,OP047,South Pit,15.52,13.86,56.5,201.7,0.77,20.1,1.12,0
2025-01-25,TR011,OP030,West Pit,108.53,50.89,25.4,186.6,2.91,37.3,2.133,0
2025-01-24,TR030,OP027,West Pit,72.01,37.55,25.5,123.5,2.16,33.4,1.918,0
2025-08-04,TR021,OP050,Crusher,54.26,30.9,19.1,130.7,1.69,32.0,1.756,0
2025-09-01,TR025,OP013,Crusher,43.56,21.22,25.9,91.0,1.55,28.0,2.053,0
2025-08-09,TR029,OP032,North Pit,14.83,6.52,11.6,188.0,0.81,18.4,2.275,0
2025-02-11,TR020,OP022,North Pit,86.77,30.74,61.3,175.2,3.21,27.0,2.823,0
2025-03-23,TR010,OP012,North Pit,100.29,33.78,17.2,194.8,3.73,26.9,2.969,0
2025-02-16,TR029,OP012,South Pit,91.08,60.07,89.9,158.9,3.19,28.5,1.516,0
2025-03-20,TR006,OP006,South Pit,66.06,33.2,51.7,161.2,1.83,36.1,1.99,0
2025-07-15,TR025,OP013,South Pit,46.36,23.2,66.9,103.0,2.22,20.9,1.998,0
2025-09-28,TR016,OP025,West Pit,66.46,25.82,29.3,99.5,3.05,21.8,2.574,0
2025-01-06,TR027,OP040,West Pit,98.98,53.45,29.3,193.0,5.12,19.3,1.852,0
2025-08-08,TR029,OP022,Crusher,36.67,26.18,18.5,227.5,1.01,36.5,1.401,1
2025-02-01,TR007,OP044,South Pit,114.21,49.15,54.8,183.0,6.1,18.7,2.324,0
2025-06-16,TR018,OP008,East Pit,13.55,6.77,13.5,195.7,0.44,31.0,2.001,0
2025-09-13,TR005,OP039,Stockpile,28.71,18.68,88.4,209.5,1.49,19.2,1.537,0
2025-02-26,TR012,OP020,South Pit,40.91,22.11,74.1,65.2,1.75,23.3,1.85,0
2025-05-16,TR026,OP034,North Pit,36.87,25.94,44.3,48.6,1.45,25.4,1.421,0
2025-04-12,TR003,OP045,North Pit,33.12,12.99,18.4,129.7,1.8,18.4,2.55,0
2025-12-12,TR028,OP001,North Pit,84.65,48.96,59.6,116.1,2.5,33.8,1.729,0
2025-06-08,TR001,OP010,Crusher,93.96,29.42,14.8,70.5,2.63,35.8,3.194,0
2025-09-02,TR024,OP006,South Pit,11.76,6.16,41.2,151.8,0.33,35.2,1.909,0
2025-02-03,TR024,OP045,North Pit,118.82,56.26,67.0,122.2,6.28,18.9,2.112,0
2025-07-24,TR028,OP035,West Pit,114.24,44.67,80.4,220.2,4.89,23.4,2.557,0
2025-02-04,TR013,OP029,East Pit,116.54,41.01,21.5,131.4,3.16,36.9,2.842,0
2025-03-20,TR007,OP002,North Pit,34.4,21.05,56.1,141.8,0.93,37.1,1.634,0
2025-05-22,TR015,OP030,North Pit,9.56,7.97,32.3,109.9,0.26,36.7,1.199,0
2025-02-18,TR021,OP047,Stockpile,32.34,22.32,77.5,197.7,1.42,22.7,1.449,0
2025-10-11,TR023,OP038,Crusher,65.9,38.23,77.4,157.3,2.02,32.6,1.724,0
2025-08-18,TR024,OP039,East Pit,77.14,33.08,36.5,219.8,2.07,37.3,2.332,0
2025-11-20,TR015,OP012,Stockpile,57.28,31.08,85.9,59.9,1.74,32.8,1.843,0
2025-07-08,TR018,OP017,Stockpile,54.57,30.86,30.4,109.5,2.99,18.2,1.768,0
2025-12-09,TR018,OP036,South Pit,43.24,21.54,41.0,44.1,1.16,37.2,2.007,0
2025-12-03,TR014,OP023,South Pit,64.58,28.03,11.4,58.3,2.89,22.3,2.304,0
2025-06-21,TR012,OP032,West Pit,61.57,28.24,12.4,138.1,2.91,21.2,2.18,0
2025-04-16,TR016,OP014,Crusher,68.51,34.28,20.5,158.6,3.22,21.3,1.999,0
2025-09-23,TR016,OP011,West Pit,102.72,38.7,79.7,115.2,2.95,34.8,2.654,0
2025-08-17,TR018,OP040,East Pit,23.11,13.84,45.5,233.9,0.71,32.5,1.67,0
2025-12-21,TR013,OP039,East Pit,98.29,55.76,58.6,68.3,2.86,34.3,1.763,0
2025-06-24,TR007,OP018,Stockpile,100.87,53.55,22.2,196.4,2.86,35.3,1.884,0
2025-10-09,TR007,OP027,Crusher,94.46,35.17,35.1,225.2,3.14,30.1,2.686,0
2025-03-06,TR006,OP047,South Pit,36.3,20.34,22.6,58.9,1.33,27.3,1.785,0
2025-09-25,TR027,OP049,North Pit,22.7,14.48,89.1,181.2,0.69,33.0,1.568,0
2025-12-27,TR004,OP001,West Pit,13.59,16.39,88.7,142.3,0.53,25.4,0.829,0
2025-12-10,TR011,OP031,Stockpile,89.8,35.58,81.0,218.7,2.87,31.3,2.524,0
2025-05-16,TR028,OP023,North Pit,44.82,26.13,70.9,185.2,2.13,21.0,1.715,0
2025-02-07,TR017,OP041,Crusher,26.92,10.9,36.3,122.6,0.86,31.4,2.47,0
2025-03-30,TR005,OP034,Crusher,70.17,44.47,86.9,88.9,3.31,21.2,1.578,0
2025-11-14,TR027,OP016,East Pit,86.85,39.81,59.2,150.4,4.66,18.6,2.182,0
2025-04-11,TR005,OP002,North Pit,76.61,26.2,20.4,73.0,4.16,18.4,2.924,0
2025-05-03,TR029,OP026,North Pit,89.01,29.29,27.6,68.2,3.88,22.9,3.039,0
2025-08-15,TR029,OP029,North Pit,8.29,8.02,36.0,224.5,0.22,37.7,1.034,0
2025-04-26,TR015,OP020,West Pit,65.58,28.39,66.6,70.1,2.2,29.8,2.31,0
2025-06-12,TR010,OP049,North Pit,97.47,46.78,7.0,110.3,2.74,35.6,2.084,0
2025-05-15,TR005,OP035,Crusher,77.28,51.51,82.5,81.2,2.43,31.8,1.5,0
2025-10-20,TR028,OP032,South Pit,87.01,36.54,32.8,169.0,3.96,22.0,2.381,0
2025-09-08,TR022,OP006,Crusher,101.89,43.41,60.8,219.8,4.62,22.1,2.347,0
2025-04-16,TR029,OP039,West Pit,67.58,31.99,79.6,153.0,2.39,28.3,2.113,0
2025-11-07,TR014,OP047,Crusher,94.78,60.1,78.0,159.0,2.84,33.3,1.577,0
2025-06-20,TR005,OP042,South Pit,49.64,20.32,22.5,145.5,1.51,32.9,2.443,0
2025-02-19,TR011,OP012,Stockpile,26.58,16.96,51.1,216.9,0.93,28.5,1.567,0
2025-09-24,TR023,OP023,South Pit,23.52,14.16,39.0,132.5,0.92,25.4,1.661,0
2025-01-15,TR006,OP014,West Pit,30.09,14.46,78.2,213.3,0.93,32.2,2.081,0
2025-01-27,TR004,OP024,South Pit,39.22,28.14,89.2,220.6,1.84,21.3,1.394,0
2025-01-04,TR025,OP022,Stockpile,94.04,36.42,70.6,217.1,3.08,30.6,2.582,0
2025-08-20,TR004,OP030,Crusher,45.45,27.12,31.5,59.6,2.04,22.2,1.676,0
2025-11-14,TR026,OP045,South Pit,77.11,24.99,27.8,223.1,3.13,24.6,3.086,0
2025-03-04,TR030,OP044,North Pit,69.87,37.08,56.5,70.8,2.12,32.9,1.884,0
2025-04-25,TR018,OP032,North Pit,118.56,66.72,59.3,208.0,4.18,28.4,1.777,0
2025-11-04,TR006,OP021,Crusher,70.18,32.78,28.8,182.9,3.42,20.5,2.141,0
2025-07-29,TR003,OP026,South Pit,56.17,29.21,75.9,180.6,2.71,20.7,1.923,0
2025-05-11,TR007,OP001,East Pit,97.79,42.4,81.8,41.6,3.1,31.6,2.306,0
2025-06-20,TR028,OP003,South Pit,72.53,27.31,51.6,92.0,3.06,23.7,2.656,0
2025-07-24,TR012,OP044,West Pit,99.69,37.26,36.0,142.1,3.0,33.3,2.676,0
2025-12-18,TR016,OP045,North Pit,100.62,33.14,52.6,121.5,4.46,22.6,3.036,0
2025-06-03,TR006,OP045,Crusher,107.23,41.22,76.7,158.6,4.16,25.8,2.601,0
2025-06-19,TR011,OP047,Stockpile,16.22,9.89,23.0,95.9,0.71,23.0,1.64,0
2025-12-22,TR007,OP029,Stockpile,40.61,24.75,76.6,164.1,1.48,27.5,1.641,0
2025-03-20,TR026,OP017,East Pit,65.86,20.67,5.2,173.0,2.12,31.1,3.186,0
2025-07-15,TR006,OP008,East Pit,26.72,17.13,69.6,150.9,1.09,24.5,1.56,0
2025-01-14,TR012,OP017,Stockpile,36.67,16.92,18.3,152.1,1.16,31.7,2.167,0
2025-01-21,TR023,OP036,Stockpile,26.48,13.54,25.5,162.3,0.71,37.3,1.956,0
2025-02-03,TR026,OP027,West Pit,92.15,44.83,51.7,101.1,3.54,26.0,2.056,0
2025-08-03,TR030,OP015,North Pit,58.97,31.86,72.4,147.0,2.97,19.9,1.851,0
2025-07-03,TR026,OP023,East Pit,107.21,49.06,19.2,57.4,3.82,28.1,2.185,0
2025-07-18,TR029,OP021,Stockpile,11.24,6.44,9.6,106.2,0.52,21.5,1.745,0
2025-12-22,TR017,OP039,East Pit,59.7,29.34,55.2,49.1,3.1,19.2,2.035,0
2025-07-25,TR016,OP036,South Pit,15.68,7.88,6.8,139.9,0.45,34.9,1.99,0
2025-11-12,TR030,OP043,West Pit,66.39,31.69,30.1,225.9,3.07,21.6,2.095,0
2025-06-21,TR027,OP038,East Pit,40.3,24.75,83.7,146.0,1.12,36.1,1.628,0
2025-08-22,TR005,OP008,Crusher,112.52,41.82,35.8,184.2,3.56,31.6,2.691,0
2025-10-08,TR010,OP033,West Pit,61.71,25.93,46.4,84.6,1.67,37.0,2.38,0
2025-11-17,TR028,OP012,Crusher,106.21,56.0,61.4,143.1,4.5,23.6,1.897,0
2025-02-02,TR002,OP007,West Pit,34.56,14.46,29.9,94.8,0.93,37.3,2.39,0
2025-05-27,TR023,OP033,East Pit,52.01,27.3,62.4,125.7,1.39,37.5,1.905,0
2025-06-28,TR028,OP008,Crusher,40.75,46.59,81.0,99.1,1.22,33.3,0.875,1
2025-10-28,TR026,OP049,South Pit,71.49,41.91,40.3,53.3,2.26,31.6,1.706,0
2025-09-04,TR026,OP019,South Pit,20.33,8.92,30.8,95.8,0.57,35.8,2.279,0
2025-11-19,TR019,OP037,South Pit,28.56,17.99,56.3,156.4,1.21,23.7,1.588,0
2025-09-18,TR013,OP017,Stockpile,94.68,39.64,54.3,151.1,2.58,36.7,2.388,0
2025-11-13,TR007,OP045,Stockpile,61.91,36.85,53.7,111.3,2.68,23.1,1.68,0
2025-02-25,TR028,OP013,North Pit,112.14,45.63,52.1,235.3,3.44,32.6,2.458,0
2025-07-26,TR010,OP032,Crusher,24.45,20.75,88.9,127.4,1.2,20.3,1.178,0
2025-08-24,TR004,OP041,Crusher,36.26,20.42,43.1,154.5,1.09,33.3,1.776,0
2025-01-26,TR016,OP043,Crusher,100.15,39.85,80.6,153.1,3.41,29.4,2.513,0
2025-04-30,TR005,OP003,West Pit,118.37,47.47,45.3,106.1,4.03,29.3,2.494,0
2025-08-06,TR025,OP011,North Pit,103.11,46.96,65.4,187.8,2.89,35.7,2.196,0
2025-10-19,TR027,OP014,East Pit,95.45,42.12,40.0,41.1,3.29,29.0,2.266,0
2025-12-29,TR019,OP027,South Pit,55.64,29.73,67.9,167.4,2.03,27.3,1.872,0
2025-03-13,TR020,OP040,North Pit,16.37,12.67,51.0,172.3,0.55,29.5,1.292,0
2025-02-06,TR027,OP003,Stockpile,73.49,28.46,15.3,236.8,3.03,24.3,2.582,0
2025-12-26,TR005,OP024,East Pit,21.95,18.66,78.5,84.6,0.83,26.6,1.176,0
2025-03-30,TR011,OP022,North Pit,63.18,23.59,39.1,121.6,2.61,24.2,2.678,0
2025-09-29,TR020,OP012,South Pit,13.77,9.73,20.6,223.4,0.45,30.9,1.415,0
2025-01-09,TR026,OP017,Crusher,57.07,34.33,65.3,238.7,1.9,30.1,1.662,0
2025-04-03,TR012,OP021,East Pit,11.75,7.43,33.0,163.1,0.48,24.6,1.581,0
2025-03-19,TR026,OP011,Stockpile,65.66,37.7,65.7,179.5,2.08,31.6,1.742,0
2025-08-22,TR004,OP020,East Pit,29.11,14.75,25.2,77.7,1.25,23.2,1.974,0
2025-03-20,TR013,OP025,North Pit,55.17,19.29,45.5,138.6,2.92,18.9,2.86,0
2025-03-13,TR029,OP005,East Pit,34.77,15.23,73.5,144.1,1.01,34.4,2.283,0
2025-12-01,TR030,OP002,East Pit,89.16,33.16,66.3,217.6,3.34,26.7,2.689,0
2025-06-18,TR026,OP035,North Pit,76.05,42.3,64.3,150.3,3.25,23.4,1.798,0
2025-06-30,TR006,OP036,North Pit,11.53,5.04,10.4,157.2,0.6,19.1,2.288,0
2025-05-06,TR015,OP038,South Pit,53.83,29.7,29.4,200.7,1.89,28.5,1.812,0
2025-04-01,TR002,OP046,Stockpile,28.94,23.65,79.0,48.8,1.17,24.7,1.224,0
2025-08-21,TR008,OP043,North Pit,76.32,33.52,53.5,80.1,2.03,37.6,2.277,0
2025-07-12,TR019,OP015,Stockpile,25.44,10.82,24.5,111.6,0.69,37.0,2.351,0
2025-10-31,TR018,OP011,West Pit,57.19,20.55,13.5,78.5,2.44,23.4,2.783,0
2025-11-25,TR020,OP015,Crusher,67.1,33.9,57.5,158.4,2.29,29.3,1.979,0
2025-03-17,TR024,OP012,Crusher,51.43,28.63,14.5,137.5,2.47,20.8,1.796,0
2025-12-28,TR017,OP019,South Pit,99.07,53.43,30.6,169.8,3.26,30.4,1.854,0
2025-06-07,TR004,OP007,East Pit,13.24,8.33,41.8,57.1,0.35,37.7,1.589,0
2025-12-25,TR030,OP045,West Pit,119.32,58.5,53.7,196.1,3.54,33.7,2.04,0
2025-05-20,TR014,OP041,Crusher,45.92,28.03,68.9,159.9,2.16,21.3,1.638,0
2025-09-29,TR007,OP001,South Pit,88.84,43.62,42.3,66.7,2.48,35.8,2.037,0
2025-11-18,TR030,OP027,Stockpile,8.05,6.82,70.4,62.1,0.39,20.5,1.18,0
2025-07-13,TR016,OP049,South Pit,107.09,62.61,89.7,238.7,4.15,25.8,1.71,0
2025-07-02,TR013,OP040,West Pit,80.12,31.34,58.1,99.7,3.54,22.6,2.556,0
2025-10-29,TR029,OP029,West Pit,21.88,10.64,18.1,228.9,1.06,20.7,2.056,0
2025-04-11,TR022,OP041,North Pit,102.97,55.84,85.8,86.0,2.83,36.4,1.844,0
2025-11-15,TR003,OP033,Stockpile,40.89,21.77,71.1,149.2,1.65,24.8,1.878,0
2025-12-31,TR028,OP042,Crusher,113.43,41.5,42.6,64.3,4.25,26.7,2.733,0
2025-08-11,TR011,OP046,West Pit,16.37,7.53,23.5,200.9,0.54,30.5,2.174,0
2025-05-28,TR015,OP019,North Pit,88.6,37.8,70.7,100.1,4.73,18.7,2.344,0
2025-11-15,TR026,OP044,Crusher,93.05,55.8,55.8,63.6,3.52,26.4,1.668,0
2025-03-20,TR024,OP005,West Pit,85.16,31.91,32.3,84.2,4.58,18.6,2.669,0
2025-04-15,TR030,OP017,Stockpile,29.85,19.15,63.4,148.1,1.47,20.3,1.559,0
2025-11-01,TR010,OP048,North Pit,91.47,44.07,47.3,44.4,2.53,36.1,2.076,0
2025-06-23,TR024,OP017,Crusher,81.88,26.91,28.0,228.8,2.27,36.1,3.043,0
2025-06-02,TR009,OP033,North Pit,81.5,30.99,57.4,139.3,2.46,33.1,2.63,0
2025-12-15,TR013,OP047,Stockpile,118.6,43.97,56.5,225.1,3.57,33.2,2.697,0
2025-07-19,TR012,OP013,West Pit,85.35,53.63,73.5,237.7,3.72,23.0,1.591,0
2025-03-01,TR004,OP013,Crusher,33.53,17.26,33.1,206.0,1.16,28.8,1.943,0
2025-02-28,TR009,OP024,South Pit,71.75,28.56,72.8,201.0,2.33,30.8,2.512,0
2025-02-19,TR004,OP006,East Pit,89.08,40.91,41.9,70.9,3.11,28.6,2.177,0
2025-05-16,TR023,OP006,Stockpile,14.68,12.23,71.3,174.8,0.46,31.7,1.2,0
2025-11-07,TR022,OP046,North Pit,79.0,42.08,62.5,180.5,2.94,26.9,1.877,0
2025-08-09,TR001,OP017,South Pit,28.21,13.12,48.6,187.2,0.86,32.9,2.15,0
2025-05-13,TR006,OP013,Crusher,53.4,26.34,84.1,40.9,2.5,21.4,2.027,0
2025-03-07,TR028,OP039,South Pit,112.82,62.2,64.4,211.3,4.5,25.1,1.814,0
2025-10-07,TR012,OP043,West Pit,90.18,44.02,69.2,100.6,2.43,37.2,2.049,0
2025-08-15,TR022,OP044,East Pit,101.06,41.05,75.7,70.7,2.99,33.8,2.462,0
2025-10-02,TR022,OP035,West Pit,22.98,15.32,63.5,183.9,0.65,35.5,1.5,0
2025-11-08,TR006,OP045,North Pit,18.77,11.06,63.4,79.2,0.83,22.7,1.697,0
2025-02-21,TR016,OP026,South Pit,18.76,11.39,35.7,98.8,0.74,25.3,1.647,0
2025-05-19,TR027,OP032,South Pit,99.97,43.12,25.6,84.6,5.06,19.8,2.318,0
2025-01-14,TR010,OP034,East Pit,50.35,19.44,22.1,177.0,2.27,22.1,2.59,0
2025-03-19,TR025,OP008,Stockpile,16.96,20.15,84.8,99.6,0.58,29.0,0.842,0
2025-03-05,TR004,OP002,North Pit,116.26,60.18,32.4,62.0,4.66,24.9,1.932,0
2025-01-18,TR017,OP039,South Pit,115.33,36.79,32.4,207.1,4.35,26.5,3.135,0
2025-03-21,TR017,OP049,East Pit,21.51,12.86,15.3,209.1,0.69,31.4,1.673,0
2025-02-26,TR026,OP025,East Pit,78.19,30.26,76.4,208.1,2.22,35.2,2.584,0
2025-01-31,TR005,OP010,Stockpile,83.92,48.34,74.1,57.1,2.76,30.4,1.736,0
2025-10-18,TR016,OP022,South Pit,32.91,17.41,46.0,220.9,1.7,19.4,1.89,0
2025-07-09,TR020,OP038,North Pit,16.88,9.74,38.9,103.8,0.76,22.1,1.733,0
2025-04-12,TR025,OP036,Crusher,11.74,12.7,71.2,179.3,0.4,29.5,0.924,0
2025-05-30,TR009,OP002,West Pit,59.62,29.24,49.9,234.2,3.16,18.9,2.039,0
2025-02-03,TR009,OP048,South Pit,54.2,35.19,82.2,109.5,1.64,33.0,1.54,0
2025-01-05,TR023,OP040,Crusher,19.12,17.8,70.0,232.0,0.65,29.2,1.074,0
2025-10-09,TR018,OP011,North Pit,10.55,6.11,14.3,86.5,0.41,25.9,1.727,0
2025-03-03,TR019,OP039,West Pit,90.9,54.34,62.3,130.9,3.4,26.7,1.673,0
2025-10-11,TR019,OP011,North Pit,63.67,26.3,65.5,105.2,2.57,24.8,2.421,0
2025-09-16,TR017,OP022,Crusher,61.49,31.32,43.0,77.5,2.15,28.6,1.963,0
2025-05-26,TR010,OP014,Crusher,64.27,23.79,26.3,136.5,2.63,24.4,2.702,0
2025-07-22,TR016,OP002,South Pit,14.23,8.75,30.5,232.0,0.47,30.5,1.626,0
2025-04-28,TR022,OP049,Crusher,92.31,48.16,56.7,220.4,3.94,23.4,1.917,0
2025-04-02,TR002,OP047,Stockpile,115.37,57.17,80.4,41.7,4.39,26.3,2.018,0
2025-01-10,TR010,OP035,Stockpile,95.45,38.53,13.3,203.4,4.32,22.1,2.477,0
2025-12-29,TR014,OP005,North Pit,65.51,27.19,44.5,82.2,2.14,30.6,2.409,0
2025-06-24,TR022,OP038,West Pit,49.78,22.33,80.3,158.7,1.93,25.8,2.229,0
2025-01-14,TR009,OP028,West Pit,90.57,36.25,63.6,48.6,2.53,35.8,2.498,0
2025-01-18,TR005,OP032,Stockpile,50.2,21.83,28.7,214.5,1.53,32.7,2.3,0
2025-11-20,TR028,OP042,East Pit,62.82,31.81,75.7,177.4,3.09,20.3,1.975,0
2025-12-28,TR008,OP009,Crusher,43.39,27.72,79.8,180.2,1.57,27.7,1.565,0
2025-06-05,TR005,OP024,South Pit,83.8,33.55,37.9,206.9,3.26,25.7,2.498,0
2025-04-14,TR005,OP039,West Pit,47.53,17.91,47.9,49.9,1.53,31.0,2.654,0
2025-10-16,TR014,OP003,East Pit,86.5,46.71,65.6,56.4,2.46,35.2,1.852,0
2025-11-14,TR016,OP007,Stockpile,57.67,21.05,42.6,42.0,1.78,32.4,2.74,0
2025-02-26,TR002,OP006,West Pit,93.25,33.18,50.2,105.3,2.49,37.5,2.81,0
2025-10-14,TR014,OP013,Stockpile,92.57,37.16,52.2,69.1,3.43,27.0,2.491,0
2025-02-01,TR001,OP009,Crusher,118.5,65.93,40.9,110.2,5.1,23.2,1.797,0
2025-05-07,TR021,OP033,South Pit,38.01,17.81,53.3,42.0,2.08,18.3,2.134,0
2025-02-15,TR009,OP009,North Pit,13.92,15.33,80.4,101.7,0.47,29.6,0.908,0
2025-11-07,TR001,OP049,Stockpile,33.24,17.2,83.6,156.9,0.88,37.8,1.933,0
2025-06-21,TR007,OP013,Crusher,115.88,43.22,85.9,128.2,3.45,33.6,2.681,0
2025-07-12,TR007,OP021,East Pit,93.07,50.09,29.4,238.9,4.49,20.7,1.858,0
2025-09-26,TR019,OP034,West Pit,32.35,20.17,88.9,67.8,1.73,18.7,1.604,0
2025-11-23,TR023,OP044,North Pit,109.64,63.7,67.0,100.0,3.15,34.9,1.721,0
2025-02-24,TR007,OP045,Crusher,58.9,43.26,84.5,45.7,1.64,35.9,1.362,0
2025-10-18,TR011,OP047,North Pit,79.49,31.19,75.4,106.6,2.13,37.3,2.549,0
2025-07-05,TR002,OP010,West Pit,87.14,35.22,19.8,207.3,2.75,31.7,2.474,0
2025-03-21,TR004,OP022,North Pit,76.07,33.9,17.0,42.7,2.39,31.9,2.244,0
2025-03-20,TR003,OP034,East Pit,70.44,34.52,44.6,86.4,2.94,23.9,2.041,0
2025-12-03,TR018,OP030,West Pit,118.83,59.23,29.9,47.8,4.23,28.1,2.006,0
2025-12-05,TR011,OP037,Crusher,55.77,35.85,86.2,214.6,2.19,25.5,1.556,0
2025-05-06,TR003,OP003,Stockpile,57.61,25.59,20.6,183.4,2.1,27.5,2.251,0
2025-09-23,TR007,OP014,Crusher,33.81,17.08,76.2,173.1,1.21,28.0,1.98,0
2025-09-16,TR002,OP048,Stockpile,52.34,25.91,62.5,173.5,2.04,25.7,2.02,0
2025-11-07,TR022,OP023,South Pit,47.16,30.8,84.3,227.2,1.41,33.4,1.531,0
2025-04-11,TR010,OP011,Crusher,76.75,43.98,85.4,100.5,3.56,21.5,1.745,0
2025-05-31,TR029,OP042,West Pit,37.61,23.31,41.5,207.3,1.42,26.5,1.613,0
2025-05-09,TR026,OP042,Crusher,75.35,43.75,62.2,110.6,2.69,28.0,1.722,0
2025-01-18,TR017,OP047,East Pit,111.36,40.08,44.5,66.7,3.77,29.5,2.778,0
2025-01-07,TR007,OP020,Crusher,116.53,45.03,73.4,237.2,3.53,33.0,2.588,0
2025-02-04,TR014,OP009,Stockpile,43.12,18.58,51.1,69.5,1.32,32.8,2.321,0
2025-07-14,TR029,OP030,South Pit,58.91,22.37,35.1,98.5,2.76,21.3,2.633,0
2025-02-22,TR021,OP034,East Pit,28.41,16.5,49.0,191.7,0.94,30.1,1.722,0
2025-04-06,TR023,OP007,Stockpile,38.0,16.94,20.7,121.6,1.64,23.2,2.243,0
2025-01-25,TR017,OP022,North Pit,68.51,24.71,35.9,206.3,2.19,31.3,2.773,0
2025-02-04,TR015,OP047,East Pit,62.88,31.82,16.7,95.2,2.19,28.7,1.976,0
2025-06-24,TR012,OP034,North Pit,72.22,30.82,11.7,83.1,3.18,22.7,2.343,0
2025-01-11,TR023,OP008,South Pit,90.48,41.82,46.0,82.0,3.21,28.2,2.164,0
2025-06-20,TR011,OP004,North Pit,29.6,10.12,7.4,45.4,1.25,23.7,2.925,0
2025-04-12,TR007,OP022,Stockpile,51.92,26.49,15.8,100.2,2.35,22.1,1.96,0
2025-06-03,TR029,OP032,West Pit,87.61,31.33,35.6,52.5,2.44,35.9,2.796,0
2025-09-05,TR018,OP049,Stockpile,24.3,15.58,60.3,227.9,1.07,22.7,1.56,0
2025-07-27,TR018,OP017,West Pit,90.31,40.53,46.8,44.9,3.79,23.8,2.228,0
2025-10-28,TR027,OP012,Crusher,24.0,19.54,79.8,109.4,0.85,28.2,1.228,0
2025-02-06,TR019,OP021,South Pit,59.65,27.81,85.8,56.1,2.32,25.7,2.145,0
2025-07-31,TR014,OP004,Stockpile,111.46,63.4,35.4,212.6,5.11,21.8,1.758,0
2025-12-01,TR011,OP045,Stockpile,47.4,20.75,46.2,56.9,1.28,37.0,2.284,0
2025-03-20,TR023,OP038,North Pit,38.13,20.54,55.3,86.3,1.41,27.0,1.856,0
2025-09-29,TR018,OP050,West Pit,25.98,20.94,69.6,239.8,1.17,22.2,1.241,0
2025-01-01,TR003,OP007,North Pit,14.06,9.95,36.5,76.7,0.73,19.2,1.413,0
2025-09-09,TR020,OP045,North Pit,35.17,21.13,13.8,106.9,1.92,18.3,1.664,0
2025-07-28,TR021,OP027,West Pit,20.47,8.99,18.8,92.9,0.98,21.0,2.277,0
2025-01-20,TR021,OP012,East Pit,74.12,33.36,78.3,173.7,2.52,29.4,2.222,0
2025-06-01,TR003,OP012,South Pit,116.49,51.26,21.1,140.4,3.85,30.3,2.273,0
2025-11-12,TR028,OP048,North Pit,49.13,22.51,8.7,176.2,1.3,37.7,2.183,0
2025-06-14,TR026,OP021,South Pit,76.91,37.94,74.4,107.0,2.79,27.5,2.027,0
2025-05-24,TR028,OP009,South Pit,42.12,22.63,42.5,146.5,1.27,33.2,1.861,0
2025-11-05,TR005,OP004,South Pit,105.5,40.15,51.6,157.3,4.32,24.4,2.628,0
2025-03-27,TR003,OP001,South Pit,30.29,13.97,31.8,116.0,0.88,34.5,2.168,0
2025-01-19,TR011,OP040,Crusher,65.77,37.2,88.6,220.9,3.04,21.6,1.768,0
2025-02-21,TR022,OP003,East Pit,47.6,15.93,23.3,126.6,2.18,21.8,2.988,0
2025-02-27,TR010,OP045,Crusher,31.74,28.0,77.5,155.3,1.39,22.8,1.134,0
2025-12-09,TR026,OP005,Stockpile,19.25,9.7,62.3,84.7,1.03,18.7,1.985,0
2025-08-15,TR023,OP021,South Pit,93.82,36.17,61.3,80.8,3.83,24.5,2.594,0
2025-03-06,TR023,OP010,Stockpile,25.27,16.64,62.7,96.5,1.15,22.0,1.519,0
2025-01-01,TR008,OP010,East Pit,22.43,17.52,67.0,114.0,1.05,21.3,1.28,0
2025-10-08,TR017,OP050,South Pit,9.61,9.47,66.0,119.1,0.53,18.0,1.015,0
2025-06-26,TR001,OP004,East Pit,49.7,20.97,21.9,59.0,1.31,37.8,2.37,0
2025-01-07,TR019,OP048,Crusher,44.04,20.7,77.3,163.9,1.85,23.7,2.128,0
2025-02-14,TR008,OP049,South Pit,87.3,49.47,84.9,205.6,2.53,34.5,1.765,0
2025-03-23,TR023,OP033,South Pit,42.53,20.99,32.5,124.0,2.02,21.0,2.026,0
2025-09-23,TR006,OP037,Crusher,116.3,54.25,43.0,60.5,3.84,30.3,2.144,0
2025-09-01,TR013,OP039,West Pit,95.69,35.16,62.1,239.9,3.0,31.9,2.722,0
2025-02-19,TR005,OP033,Stockpile,44.46,15.05,13.4,102.9,1.62,27.5,2.954,0
2025-08-15,TR015,OP020,North Pit,55.63,36.82,48.5,223.2,2.29,24.3,1.511,0
2025-10-24,TR030,OP018,Crusher,106.96,39.87,24.4,92.6,3.21,33.3,2.683,0
2025-11-27,TR013,OP036,South Pit,26.13,17.6,29.7,188.9,0.7,37.4,1.485,0
2025-07-29,TR017,OP004,East Pit,78.56,40.11,51.4,217.0,2.15,36.5,1.959,0
2025-05-30,TR009,OP040,South Pit,93.51,47.71,64.7,208.0,2.59,36.1,1.96,0
2025-11-24,TR008,OP026,North Pit,106.3,53.13,36.3,42.3,3.23,32.9,2.001,0
2025-12-11,TR005,OP022,Crusher,23.06,13.05,45.7,148.4,0.64,35.8,1.767,0
2025-02-19,TR015,OP028,North Pit,64.29,37.62,47.0,54.0,1.75,36.7,1.709,0
2025-05-31,TR015,OP030,North Pit,35.35,25.96,84.2,69.7,1.88,18.8,1.362,0
2025-04-03,TR010,OP019,North Pit,72.53,39.29,71.7,43.8,2.58,28.1,1.846,0
2025-10-28,TR003,OP009,South Pit,62.36,34.36,47.9,176.8,2.84,22.0,1.815,0
2025-07-23,TR002,OP015,Stockpile,43.41,25.17,80.5,50.8,1.46,29.7,1.725,0
2025-10-22,TR003,OP042,North Pit,45.14,23.11,86.0,123.1,2.15,20.9,1.953,0
2025-03-19,TR028,OP028,Stockpile,47.49,26.54,12.1,179.9,1.27,37.4,1.789,0
2025-04-20,TR019,OP006,East Pit,32.08,16.9,75.5,211.9,1.63,19.7,1.898,0
2025-06-23,TR021,OP043,North Pit,105.43,41.65,15.3,186.4,3.9,27.1,2.531,0
2025-04-27,TR003,OP009,Stockpile,97.32,33.24,9.9,209.2,2.64,36.8,2.928,0
2025-04-02,TR025,OP050,Stockpile,21.84,18.13,59.9,227.4,0.88,24.8,1.205,0
2025-04-25,TR016,OP003,East Pit,15.76,12.47,32.1,186.3,0.42,37.4,1.264,0
2025-06-02,TR009,OP050,South Pit,12.0,13.11,89.4,184.1,0.33,36.8,0.915,0
2025-06-21,TR024,OP024,South Pit,60.85,26.22,50.8,56.3,2.13,28.6,2.321,0
2025-09-02,TR028,OP009,Crusher,54.12,27.61,75.7,83.0,1.75,30.9,1.96,0
2025-10-24,TR023,OP033,West Pit,29.2,13.25,11.9,65.3,0.8,36.4,2.204,0
2025-07-02,TR029,OP016,North Pit,18.85,15.43,62.3,148.1,0.52,35.9,1.222,0
2025-10-01,TR013,OP026,East Pit,89.88,32.36,44.6,53.0,3.82,23.5,2.778,0
2025-11-28,TR005,OP028,West Pit,19.97,14.42,68.9,91.4,0.67,30.0,1.385,0
2025-12-10,TR001,OP020,Stockpile,109.25,37.89,12.3,147.9,4.41,24.8,2.883,0
2025-08-31,TR024,OP037,North Pit,82.49,27.07,33.6,230.4,2.33,35.4,3.047,0
2025-03-29,TR007,OP011,East Pit,78.93,37.71,58.8,176.2,2.17,36.4,2.093,0
2025-04-26,TR028,OP038,South Pit,94.91,43.87,18.0,61.1,2.61,36.3,2.163,0
2025-11-17,TR010,OP034,South Pit,65.81,29.46,64.5,120.5,1.88,35.0,2.234,0
2025-10-02,TR026,OP020,West Pit,49.59,23.12,79.9,47.6,1.48,33.5,2.145,0
2025-02-18,TR017,OP002,North Pit,30.97,19.22,78.6,119.6,1.29,24.1,1.611,0
2025-04-15,TR003,OP041,East Pit,23.04,10.29,15.0,207.5,0.86,26.8,2.239,0
2025-08-16,TR019,OP010,Stockpile,103.67,38.9,63.5,206.3,2.89,35.9,2.665,0
2025-12-23,TR023,OP035,South Pit,108.24,47.17,87.1,206.7,3.27,33.1,2.295,0
2025-10-22,TR029,OP006,Stockpile,8.3,12.58,77.0,163.7,0.28,29.3,0.66,0
2025-02-01,TR025,OP024,Crusher,116.54,37.07,21.0,163.3,3.09,37.7,3.144,0
2025-03-31,TR008,OP013,Crusher,27.94,16.14,56.1,237.3,0.87,32.0,1.731,0
2025-06-09,TR011,OP001,Stockpile,44.8,23.45,45.1,120.1,1.74,25.7,1.91,0
2025-02-28,TR027,OP047,West Pit,53.11,33.89,85.0,153.6,1.49,35.7,1.567,0
2025-04-13,TR015,OP012,Crusher,13.92,10.14,33.4,211.4,0.39,35.8,1.373,0
2025-08-28,TR005,OP047,West Pit,31.96,13.99,28.5,224.7,0.98,32.6,2.284,0
2025-08-23,TR029,OP038,Crusher,75.8,27.91,21.1,121.6,2.47,30.7,2.716,0
2025-11-19,TR017,OP026,East Pit,52.39,28.03,40.8,108.4,1.8,29.1,1.869,0
2025-11-02,TR021,OP002,East Pit,69.48,40.48,60.0,238.0,2.83,24.5,1.716,0
2025-03-20,TR005,OP014,North Pit,23.2,17.82,45.7,163.5,0.65,35.6,1.302,0
2025-12-18,TR014,OP038,Stockpile,109.46,61.27,12.5,82.4,3.29,33.3,1.787,0
2025-07-27,TR018,OP018,South Pit,112.21,54.07,76.1,78.9,3.19,35.2,2.075,0
2025-06-05,TR011,OP045,West Pit,33.61,12.92,20.4,101.8,1.1,30.6,2.601,0
2025-05-09,TR005,OP005,Stockpile,39.26,16.42,15.1,170.9,1.3,30.2,2.391,0
2025-08-15,TR030,OP017,North Pit,39.96,20.25,28.6,197.2,1.91,20.9,1.973,0
2025-09-30,TR028,OP036,East Pit,72.06,41.31,89.7,103.4,2.14,33.6,1.744,0
2025-12-06,TR020,OP022,North Pit,57.14,37.07,60.9,158.6,1.67,34.1,1.541,0
2025-06-01,TR008,OP032,South Pit,89.21,38.15,54.1,195.9,2.75,32.5,2.338,0
2025-07-16,TR007,OP006,West Pit,85.2,30.17,24.7,65.7,4.67,18.2,2.824,0
2025-11-14,TR008,OP001,Crusher,30.42,17.11,60.9,209.6,0.81,37.7,1.778,0
2025-02-15,TR001,OP013,North Pit,42.12,23.64,64.4,238.5,1.21,34.8,1.782,0
2025-03-02,TR013,OP001,Stockpile,58.32,28.19,60.5,230.1,2.18,26.8,2.069,0
2025-10-16,TR002,OP028,East Pit,81.28,37.36,33.3,137.2,2.59,31.3,2.176,0
2025-01-24,TR029,OP045,West Pit,19.24,6.7,18.8,131.7,0.58,32.9,2.872,0
2025-12-28,TR025,OP020,Stockpile,77.5,24.27,7.0,234.3,2.11,36.8,3.193,0
2025-07-16,TR014,OP046,Crusher,65.37,24.18,35.0,237.0,1.74,37.6,2.703,0
2025-01-01,TR026,OP029,North Pit,32.9,24.54,86.0,126.5,1.77,18.6,1.341,0
2025-03-24,TR015,OP039,Stockpile,102.64,49.38,50.6,190.2,3.69,27.8,2.079,0
2025-07-30,TR019,OP002,South Pit,42.14,18.12,27.7,126.3,1.13,37.4,2.326,0
2025-04-08,TR026,OP019,Crusher,17.07,9.61,39.8,178.4,0.59,29.0,1.776,0
2025-10-21,TR006,OP006,Stockpile,53.33,28.01,5.1,93.5,2.57,20.8,1.904,0
2025-03-27,TR008,OP015,Stockpile,48.4,29.66,61.4,113.7,1.76,27.5,1.632,0
2025-09-04,TR006,OP006,Stockpile,25.43,13.94,28.6,65.7,0.88,28.9,1.824,0
2025-01-12,TR012,OP031,South Pit,68.48,30.47,38.2,125.8,2.4,28.6,2.247,0
2025-11-04,TR011,OP001,East Pit,112.59,59.18,79.3,135.0,5.79,19.5,1.903,0
2025-12-16,TR020,OP042,West Pit,75.84,45.03,74.0,97.3,2.06,36.7,1.684,0
2025-09-07,TR016,OP004,North Pit,19.96,17.78,65.2,219.7,0.74,27.1,1.123,0
2025-09-18,TR009,OP018,East Pit,97.51,47.38,75.9,111.4,3.55,27.5,2.058,0
2025-04-19,TR025,OP044,East Pit,13.84,7.77,30.5,130.6,0.41,33.5,1.781,0
2025-06-20,TR018,OP013,South Pit,50.38,26.86,53.3,84.0,2.18,23.1,1.876,0
2025-06-25,TR008,OP023,South Pit,47.63,20.89,71.6,73.9,2.2,21.6,2.28,0
2025-03-13,TR021,OP007,Stockpile,10.29,10.13,61.6,126.1,0.54,19.1,1.016,0
2025-11-23,TR016,OP004,West Pit,93.86,34.85,49.1,119.7,2.52,37.2,2.693,0
2025-11-24,TR002,OP040,Crusher,103.66,48.79,10.4,81.3,4.16,24.9,2.125,0
2025-03-02,TR009,OP003,Stockpile,66.23,35.09,17.0,102.2,3.29,20.1,1.887,0
2025-02-24,TR021,OP018,Crusher,109.48,64.9,59.6,215.0,5.44,20.1,1.687,0
2025-02-02,TR023,OP025,South Pit,104.3,49.23,35.3,108.4,5.47,19.1,2.119,0
2025-03-03,TR022,OP037,North Pit,100.49,45.67,83.5,234.5,3.48,28.9,2.2,0
2025-04-03,TR004,OP001,Stockpile,46.56,24.29,51.2,105.2,1.7,27.4,1.917,0
2025-02-10,TR008,OP003,South Pit,19.51,19.43,80.9,115.8,0.9,21.6,1.004,0
2025-09-21,TR002,OP042,South Pit,11.75,12.34,83.5,156.1,0.34,34.1,0.952,0
2025-12-06,TR016,OP016,South Pit,111.81,51.7,58.8,67.7,4.26,26.3,2.163,0
2025-01-21,TR025,OP037,South Pit,70.87,35.24,89.8,206.1,2.92,24.3,2.011,0
2025-09-19,TR001,OP045,East Pit,107.13,52.02,34.6,188.1,5.29,20.2,2.059,0
2025-10-12,TR019,OP042,Stockpile,60.6,36.38,75.8,64.1,2.62,23.1,1.666,0
2025-09-03,TR009,OP036,East Pit,49.11,21.84,35.5,139.0,2.71,18.1,2.249,0
2025-12-19,TR010,OP045,West Pit,34.2,14.14,50.1,58.3,0.98,34.7,2.419,0
2025-04-07,TR015,OP017,East Pit,101.44,34.82,5.9,48.9,2.8,36.3,2.913,0
2025-03-28,TR012,OP032,East Pit,81.33,45.31,45.1,196.4,2.28,35.7,1.795,0
2025-01-13,TR021,OP016,West Pit,95.77,42.69,85.0,234.8,4.9,19.6,2.243,0
2025-10-31,TR025,OP033,West Pit,40.65,24.99,23.2,101.0,2.04,19.9,1.627,0
2025-11-07,TR007,OP026,East Pit,52.31,23.91,80.5,166.8,1.65,31.8,2.188,0
2025-07-25,TR023,OP014,Stockpile,61.64,34.03,22.4,74.7,1.66,37.1,1.811,0
2025-02-15,TR024,OP010,Stockpile,78.17,46.62,79.3,75.9,3.33,23.5,1.677,0
2025-04-05,TR028,OP019,West Pit,108.12,45.9,72.2,149.0,2.85,37.9,2.356,0
2025-05-12,TR001,OP022,West Pit,101.82,53.43,57.6,214.0,2.82,36.1,1.906,0
2025-09-22,TR020,OP042,West Pit,28.25,21.5,78.9,80.0,1.36,20.7,1.314,0
2025-09-11,TR015,OP003,West Pit,17.05,12.98,75.7,80.1,0.59,28.9,1.314,0
2025-04-18,TR026,OP036,North Pit,70.52,29.4,44.8,76.4,1.94,36.4,2.399,0
2025-09-03,TR002,OP049,North Pit,92.79,39.21,74.3,93.3,2.6,35.8,2.366,0
2025-11-12,TR005,OP022,West Pit,27.37,15.18,61.9,231.6,1.36,20.1,1.803,0
2025-02-14,TR029,OP040,Stockpile,71.43,34.44,25.5,190.9,2.28,31.3,2.074,0
2025-06-14,TR013,OP039,South Pit,8.23,8.01,74.6,236.5,0.29,27.9,1.027,0
2025-11-08,TR021,OP009,Stockpile,84.83,36.92,51.3,194.5,4.18,20.3,2.298,0
2025-08-30,TR010,OP040,Stockpile,50.83,18.17,30.3,62.3,2.77,18.4,2.797,0
2025-05-29,TR004,OP011,East Pit,54.66,20.94,25.1,147.3,1.85,29.5,2.61,0
2025-10-16,TR008,OP014,West Pit,67.93,27.15,64.6,164.8,1.96,34.6,2.502,0
2025-07-16,TR006,OP003,West Pit,54.18,30.53,52.0,166.2,1.52,35.7,1.775,0
2025-03-16,TR011,OP050,East Pit,98.18,57.16,52.5,232.3,3.4,28.9,1.718,0
2025-03-03,TR013,OP023,East Pit,76.38,33.28,47.1,59.9,3.05,25.1,2.295,0
2025-01-17,TR029,OP013,Stockpile,107.08,38.28,21.0,239.7,2.98,36.0,2.797,0
2025-11-04,TR013,OP040,Stockpile,70.4,39.05,39.4,175.7,2.65,26.6,1.803,0
2025-08-12,TR001,OP018,South Pit,24.57,9.45,33.9,122.1,0.66,37.4,2.6,0
2025-09-15,TR002,OP049,South Pit,20.39,15.77,60.3,129.6,0.91,22.3,1.293,0
2025-05-31,TR012,OP005,West Pit,74.23,32.28,24.4,195.4,4.0,18.6,2.3,0
2025-12-29,TR020,OP041,Crusher,16.74,11.23,48.2,71.0,0.45,37.2,1.491,0
2025-02-08,TR021,OP034,Crusher,21.93,12.68,38.7,159.0,0.77,28.7,1.729,0
2025-06-06,TR020,OP040,Stockpile,64.2,34.04,14.4,189.6,2.11,30.4,1.886,0
2025-03-23,TR010,OP012,West Pit,84.27,41.09,28.7,171.2,4.4,19.2,2.051,0
2025-01-06,TR029,OP008,Crusher,75.79,27.36,53.9,54.5,2.39,31.8,2.77,0
2025-08-19,TR011,OP022,East Pit,75.91,32.72,34.2,68.2,2.08,36.5,2.32,0
2025-12-30,TR025,OP004,South Pit,15.86,13.13,74.7,44.1,0.49,32.4,1.208,0
2025-07-06,TR004,OP005,West Pit,90.81,42.67,11.5,181.1,2.42,37.4,2.128,0
2025-09-29,TR008,OP017,West Pit,52.3,19.51,17.2,90.5,2.49,21.0,2.681,0
2025-02-24,TR009,OP015,West Pit,114.21,43.23,60.4,214.0,4.99,22.9,2.642,0
2025-10-16,TR018,OP018,North Pit,93.56,60.59,87.0,178.1,2.84,33.0,1.544,0
2025-06-30,TR023,OP031,East Pit,53.68,20.82,37.2,139.0,2.72,19.7,2.578,0
2025-08-25,TR028,OP011,Stockpile,11.3,4.75,5.2,43.3,0.49,22.9,2.379,0
2025-10-13,TR021,OP005,North Pit,93.84,45.88,21.9,199.3,2.71,34.6,2.045,0
2025-03-03,TR006,OP033,West Pit,12.51,17.35,80.3,58.6,0.4,31.3,0.721,0
2025-10-26,TR020,OP036,North Pit,108.38,60.69,27.0,147.6,3.17,34.1,1.786,0
2025-12-02,TR026,OP001,East Pit,57.76,32.84,9.9,94.1,1.71,33.7,1.759,0
2025-12-28,TR026,OP018,Crusher,46.54,25.59,23.2,188.2,2.54,18.3,1.819,0
2025-09-26,TR010,OP021,East Pit,65.95,26.24,60.3,193.0,2.3,28.6,2.513,0
2025-04-13,TR014,OP007,North Pit,64.25,25.53,21.3,200.3,1.69,38.0,2.517,0
2025-02-09,TR030,OP020,Crusher,49.48,22.12,54.3,152.5,2.36,20.9,2.237,0
2025-04-23,TR020,OP025,Stockpile,53.74,34.93,59.7,182.1,1.51,35.7,1.539,0
2025-01-11,TR016,OP037,North Pit,103.82,58.21,29.9,76.6,3.96,26.2,1.784,0
2025-08-10,TR015,OP011,West Pit,67.15,24.7,68.9,188.5,3.43,19.6,2.719,0
2025-06-04,TR005,OP013,West Pit,76.54,41.63,9.7,89.4,2.31,33.2,1.839,0
2025-02-21,TR022,OP015,North Pit,98.66,36.8,50.5,202.7,2.73,36.2,2.681,0
2025-02-12,TR016,OP002,West Pit,119.96,49.61,51.5,94.1,5.57,21.5,2.418,0
2025-06-25,TR007,OP044,Stockpile,37.34,23.58,41.4,161.7,1.35,27.6,1.584,0
2025-12-03,TR008,OP008,Stockpile,61.79,25.61,34.3,178.9,1.84,33.6,2.413,0
2025-04-12,TR009,OP035,South Pit,48.43,30.52,63.5,155.3,2.03,23.9,1.587,0
2025-12-02,TR024,OP002,East Pit,102.53,38.42,77.2,128.9,4.39,23.4,2.669,0
2025-07-19,TR002,OP038,Stockpile,74.82,40.02,65.1,119.3,2.68,27.9,1.87,0
2025-06-22,TR005,OP028,North Pit,8.3,12.94,67.6,210.5,0.3,27.5,0.641,0
2025-10-23,TR027,OP010,South Pit,86.99,37.88,57.4,181.6,3.55,24.5,2.296,0
2025-09-06,TR020,OP018,East Pit,69.28,24.86,49.7,52.4,1.92,36.1,2.787,0
2025-09-05,TR025,OP010,South Pit,99.78,54.58,69.1,173.0,4.12,24.2,1.828,0
2025-01-30,TR016,OP001,Stockpile,87.03,36.02,74.4,235.9,3.39,25.7,2.416,0
2025-10-13,TR027,OP045,East Pit,29.43,20.22,6.2,188.4,0.93,31.5,1.455,1
2025-03-01,TR008,OP046,North Pit,77.12,33.71,87.3,155.9,3.85,20.0,2.288,0
2025-06-27,TR029,OP018,East Pit,57.41,26.71,73.5,49.7,2.84,20.2,2.149,0
2025-10-30,TR020,OP001,North Pit,110.42,48.05,21.0,75.9,3.56,31.0,2.298,0
2025-10-05,TR017,OP012,North Pit,57.15,32.35,25.1,102.1,2.69,21.2,1.767,0
2025-09-16,TR024,OP032,North Pit,51.93,34.26,88.0,43.3,1.68,30.9,1.516,0
2025-10-06,TR021,OP030,East Pit,47.16,23.94,89.2,69.7,2.04,23.1,1.97,0
2025-07-04,TR010,OP049,West Pit,36.99,21.47,11.6,220.2,1.0,37.0,1.723,0
2025-07-04,TR017,OP044,West Pit,111.05,56.44,14.4,41.4,5.32,20.9,1.968,0
2025-09-04,TR011,OP026,South Pit,55.91,35.65,89.2,179.9,2.54,22.0,1.568,0
2025-05-07,TR011,OP021,South Pit,11.63,10.33,39.6,96.5,0.36,31.9,1.126,0
2025-05-09,TR001,OP029,North Pit,64.02,37.13,71.8,210.9,2.22,28.9,1.724,0
2025-05-23,TR021,OP029,South Pit,112.15,44.84,84.6,71.5,3.09,36.3,2.501,0
2025-11-18,TR016,OP009,West Pit,39.04,19.65,31.3,181.0,1.47,26.6,1.987,0
2025-06-21,TR028,OP047,West Pit,115.67,44.81,64.3,201.7,6.34,18.2,2.581,0
2025-02-13,TR002,OP038,Crusher,40.43,17.63,39.1,170.0,1.51,26.7,2.293,0
2025-09-12,TR012,OP038,Crusher,24.82,20.15,47.9,80.3,0.7,35.7,1.232,0
2025-08-15,TR004,OP026,East Pit,32.01,21.44,32.3,93.8,1.18,27.1,1.493,0
2025-08-08,TR003,OP004,North Pit,9.68,4.8,10.8,50.7,0.39,24.5,2.017,0
2025-02-04,TR002,OP003,South Pit,72.3,40.86,18.6,178.8,3.96,18.3,1.769,0
2025-10-04,TR022,OP007,South Pit,71.0,35.2,23.0,185.5,3.09,23.0,2.017,0
2025-05-02,TR025,OP050,South Pit,78.68,39.14,51.8,67.1,2.65,29.7,2.01,0
2025-12-26,TR027,OP011,West Pit,93.76,39.2,88.7,194.6,3.26,28.8,2.392,0
2025-08-28,TR023,OP025,West Pit,104.72,51.75,51.8,181.6,3.63,28.8,2.024,0
2025-08-02,TR028,OP041,North Pit,70.99,28.78,13.3,50.9,3.18,22.3,2.467,0
2025-09-28,TR002,OP029,Stockpile,119.92,53.09,22.3,231.0,3.33,36.0,2.259,0
2025-12-21,TR025,OP020,South Pit,16.7,11.6,48.6,202.1,0.62,26.9,1.44,0
2025-04-19,TR020,OP001,Stockpile,105.32,38.87,21.7,116.1,3.31,31.8,2.71,0
2025-11-10,TR002,OP024,East Pit,110.36,47.04,63.5,116.4,3.9,28.3,2.346,0
2025-02-14,TR026,OP028,Crusher,25.71,14.26,41.9,152.8,0.9,28.5,1.803,0
2025-10-06,TR012,OP017,East Pit,24.28,12.22,15.8,119.7,0.65,37.6,1.987,0
2025-09-10,TR018,OP016,Stockpile,45.41,23.16,33.4,152.9,1.47,31.0,1.961,0
2025-10-25,TR002,OP007,Stockpile,56.07,20.0,14.4,94.7,2.81,20.0,2.804,0
2025-10-24,TR027,OP008,Stockpile,34.46,17.18,36.6,97.3,1.1,31.2,2.006,0
2025-01-29,TR014,OP045,West Pit,44.57,18.64,55.5,50.8,1.31,34.1,2.391,0
2025-10-10,TR018,OP040,South Pit,28.82,11.49,6.0,81.1,0.97,29.8,2.508,0
2025-03-23,TR001,OP002,East Pit,18.43,16.09,89.0,220.5,0.67,27.7,1.145,0
2025-05-12,TR022,OP022,East Pit,89.57,43.11,38.7,67.5,3.28,27.3,2.078,0
2025-10-06,TR024,OP033,South Pit,115.71,48.7,14.5,234.0,5.18,22.3,2.376,0
2025-11-27,TR001,OP035,West Pit,50.55,20.16,52.4,60.5,2.51,20.2,2.507,0
2025-08-07,TR009,OP041,South Pit,19.31,7.79,24.1,141.0,0.83,23.4,2.479,0
2025-08-05,TR013,OP032,Stockpile,31.56,15.0,47.9,227.2,0.85,37.0,2.104,0
2025-03-15,TR009,OP024,Crusher,17.68,21.7,68.6,214.0,0.54,32.5,0.815,1
2025-07-16,TR022,OP027,South Pit,67.2,40.96,46.8,138.2,3.18,21.1,1.641,0
2025-10-02,TR005,OP012,West Pit,20.63,11.72,42.8,237.5,1.14,18.0,1.76,0
2025-11-25,TR012,OP004,South Pit,15.23,7.31,19.8,134.3,0.66,23.2,2.083,0
2025-06-08,TR028,OP039,East Pit,117.22,66.01,87.1,217.8,4.24,27.7,1.776,0
2025-09-03,TR022,OP011,Crusher,43.62,22.43,75.7,235.8,1.55,28.2,1.945,0
2025-04-21,TR005,OP021,Stockpile,28.73,13.0,24.7,149.0,1.4,20.5,2.21,0
2025-12-21,TR026,OP045,Stockpile,9.51,8.68,48.8,192.5,0.27,35.6,1.096,0
2025-12-18,TR030,OP028,South Pit,17.75,12.78,63.4,119.5,0.55,32.3,1.389,0
2025-07-27,TR021,OP019,Crusher,103.12,89.18,84.6,140.9,4.56,22.6,1.156,1
2025-09-03,TR028,OP034,South Pit,66.91,37.24,15.2,130.6,1.86,36.0,1.797,0
2025-12-12,TR004,OP034,Crusher,36.27,15.31,10.5,78.0,1.56,23.3,2.369,0
2025-03-06,TR004,OP033,East Pit,98.82,40.73,83.4,47.4,4.24,23.3,2.426,0
2025-07-07,TR027,OP024,Crusher,74.72,25.5,19.0,157.8,3.02,24.7,2.93,0
2025-03-21,TR009,OP014,East Pit,91.21,32.58,58.2,100.5,4.18,21.8,2.8,0
2025-08-10,TR018,OP011,Stockpile,97.87,45.63,61.9,171.8,4.15,23.6,2.145,0
2025-10-05,TR003,OP037,Crusher,39.68,24.75,79.3,168.9,1.19,33.2,1.603,0
2025-08-15,TR010,OP026,South Pit,57.22,25.83,46.3,229.4,1.59,36.0,2.215,0
2025-01-09,TR011,OP026,East Pit,103.83,59.61,81.6,139.4,4.7,22.1,1.742,0
2025-02-07,TR018,OP046,West Pit,86.58,46.2,55.5,176.5,4.74,18.3,1.874,0
2025-10-28,TR030,OP003,North Pit,70.75,25.45,12.4,173.4,1.94,36.5,2.78,0
2025-09-26,TR008,OP040,North Pit,38.18,20.53,63.0,146.5,1.29,29.7,1.86,0
2025-01-06,TR019,OP008,North Pit,117.02,40.66,15.6,107.8,4.14,28.3,2.878,0
2025-09-25,TR001,OP008,East Pit,14.83,7.62,20.0,229.7,0.58,25.7,1.946,0
2025-06-08,TR027,OP015,East Pit,22.25,14.84,26.0,57.6,0.72,30.8,1.499,0
2025-01-17,TR012,OP041,North Pit,110.53,45.21,36.1,238.9,3.6,30.7,2.445,0
2025-11-10,TR020,OP009,Stockpile,40.46,17.02,40.2,239.7,1.78,22.7,2.377,0
2025-09-20,TR002,OP031,East Pit,57.92,27.02,65.1,191.7,2.0,29.0,2.144,0
2025-06-07,TR028,OP026,North Pit,61.78,27.81,53.9,187.9,2.0,30.9,2.222,0
2025-01-10,TR011,OP014,Stockpile,77.87,35.3,42.3,41.3,2.86,27.2,2.206,0
2025-06-08,TR028,OP007,Stockpile,59.15,27.39,20.3,57.1,3.16,18.7,2.16,0
2025-07-30,TR016,OP028,East Pit,85.37,39.0,70.1,182.0,3.45,24.7,2.189,0
2025-06-13,TR023,OP026,West Pit,106.04,45.87,75.9,238.2,3.13,33.9,2.312,0
2025-12-22,TR025,OP010,East Pit,13.85,6.16,31.1,212.5,0.57,24.3,2.248,0
2025-04-14,TR024,OP045,Crusher,54.24,36.54,76.5,112.4,2.71,20.0,1.484,0
2025-06-06,TR024,OP001,West Pit,78.8,34.17,42.3,54.9,2.27,34.8,2.306,0
2025-09-26,TR030,OP030,North Pit,51.68,18.44,12.8,129.7,1.78,29.1,2.803,0
2025-06-21,TR009,OP009,West Pit,31.74,21.85,48.5,41.2,1.7,18.7,1.453,0
2025-04-05,TR027,OP023,Crusher,83.1,35.23,42.7,74.9,2.98,27.9,2.359,0
2025-06-16,TR012,OP013,North Pit,28.99,11.07,43.0,193.5,0.78,37.2,2.619,0
2025-10-08,TR003,OP035,South Pit,31.04,18.24,76.3,195.4,0.91,34.1,1.702,0
2025-06-30,TR010,OP007,East Pit,54.53,24.32,30.6,77.0,1.64,33.2,2.242,0
2025-12-02,TR005,OP028,South Pit,74.02,36.92,57.6,220.2,3.35,22.1,2.005,0
2025-01-30,TR015,OP040,Crusher,43.14,30.2,52.2,207.6,1.29,33.6,1.428,0
2025-01-24,TR004,OP020,South Pit,24.33,12.26,57.2,171.9,0.89,27.4,1.985,0
2025-01-07,TR028,OP035,East Pit,51.89,26.63,17.0,154.7,2.25,23.1,1.949,0
2025-01-05,TR007,OP012,East Pit,69.33,31.01,71.1,60.7,3.62,19.2,2.236,0
2025-04-12,TR025,OP004,South Pit,41.51,20.52,32.8,75.4,2.2,18.9,2.023,0
2025-10-01,TR009,OP011,West Pit,95.4,79.52,10.0,105.2,3.41,27.9,1.2,1
2025-09-19,TR001,OP004,West Pit,109.7,51.92,84.4,189.2,3.31,33.2,2.113,0
2025-10-06,TR007,OP013,North Pit,38.84,21.49,50.8,44.4,1.7,22.9,1.807,0
2025-09-24,TR022,OP044,West Pit,99.66,56.12,12.7,223.5,2.74,36.3,1.776,0
2025-03-27,TR028,OP005,East Pit,39.46,13.35,21.8,186.2,1.3,30.3,2.956,0
2025-03-30,TR022,OP033,Crusher,72.55,28.7,41.0,188.1,2.0,36.2,2.528,0
2025-05-01,TR028,OP014,Stockpile,17.89,11.02,33.7,135.0,0.74,24.0,1.623,0
2025-02-06,TR010,OP009,North Pit,110.28,44.82,38.7,205.0,5.74,19.2,2.461,0
2025-03-20,TR008,OP046,West Pit,11.7,8.0,35.4,108.1,0.35,33.3,1.462,0
2025-02-02,TR002,OP006,South Pit,107.06,58.07,13.7,198.0,3.22,33.2,1.844,0
2025-02-28,TR012,OP001,North Pit,83.0,36.9,85.9,165.0,2.33,35.6,2.249,0
2025-07-14,TR020,OP022,Stockpile,24.15,15.74,49.6,124.6,0.68,35.5,1.534,0
2025-04-24,TR029,OP025,West Pit,49.38,28.81,51.3,70.1,2.31,21.4,1.714,0
2025-03-15,TR002,OP040,North Pit,54.16,35.64,45.5,53.7,1.64,33.0,1.52,0
2025-01-28,TR024,OP044,West Pit,77.24,25.58,14.7,89.6,3.29,23.5,3.02,0
2025-01-21,TR005,OP037,South Pit,8.75,5.49,40.4,132.7,0.27,31.9,1.594,0
2025-06-04,TR026,OP010,Stockpile,29.89,11.05,28.3,114.2,1.2,24.8,2.705,0
2025-08-16,TR005,OP009,Stockpile,107.43,49.86,42.8,197.3,4.55,23.6,2.155,0
2025-10-07,TR010,OP027,Crusher,44.9,19.49,62.8,128.4,1.2,37.4,2.304,0
2025-11-22,TR030,OP037,West Pit,36.35,21.16,62.7,170.9,1.49,24.4,1.718,0
2025-09-12,TR021,OP024,South Pit,82.58,48.34,62.5,71.6,2.46,33.6,1.708,0
2025-11-02,TR029,OP020,North Pit,73.86,40.38,85.3,50.5,2.6,28.4,1.829,0
2025-05-01,TR026,OP047,Stockpile,87.29,41.51,19.8,218.1,3.18,27.5,2.103,0
2025-01-24,TR009,OP033,West Pit,49.42,22.65,44.1,78.8,2.12,23.3,2.182,0
2025-05-06,TR020,OP003,Crusher,16.34,6.53,16.1,199.0,0.47,34.4,2.502,0
2025-07-09,TR012,OP041,East Pit,22.47,16.04,63.3,217.6,0.88,25.5,1.401,0
2025-11-29,TR019,OP034,East Pit,29.19,20.53,73.0,120.6,0.81,35.9,1.422,0
2025-11-04,TR018,OP016,Stockpile,32.98,14.48,42.7,106.8,1.39,23.7,2.278,0
2025-09-01,TR016,OP049,East Pit,83.67,32.04,63.5,104.7,3.01,27.8,2.611,0
2025-05-19,TR017,OP028,West Pit,61.1,25.26,26.4,52.1,2.68,22.8,2.419,0
2025-04-26,TR002,OP031,West Pit,107.8,39.2,61.8,208.2,4.64,23.2,2.75,0
2025-04-03,TR021,OP033,North Pit,55.06,22.75,84.2,168.5,3.04,18.1,2.42,0
2025-04-30,TR029,OP034,North Pit,91.2,33.74,47.6,91.8,2.5,36.5,2.703,0
2025-02-09,TR018,OP027,North Pit,29.53,10.1,15.9,230.1,0.8,37.1,2.924,0
2025-02-04,TR028,OP050,North Pit,15.78,10.36,44.9,181.6,0.43,36.6,1.523,0
2025-07-05,TR017,OP040,East Pit,119.12,41.05,48.2,222.5,3.57,33.4,2.902,0
2025-05-24,TR013,OP046,East Pit,22.89,12.66,36.1,227.8,0.7,32.6,1.808,0
2025-06-10,TR016,OP040,Stockpile,89.51,38.01,78.8,191.2,2.57,34.9,2.355,0
2025-02-15,TR001,OP001,Crusher,108.52,42.69,23.7,155.1,3.45,31.5,2.542,0
2025-10-21,TR022,OP011,Crusher,108.94,55.11,22.2,136.4,4.05,26.9,1.977,0
2025-02-17,TR002,OP008,Stockpile,112.26,53.35,50.4,181.0,4.62,24.3,2.104,0
2025-07-22,TR016,OP042,North Pit,112.42,39.14,70.0,217.6,5.46,20.6,2.872,0
2025-02-06,TR015,OP018,East Pit,94.99,35.19,86.3,165.7,3.77,25.2,2.699,0
2025-10-19,TR005,OP045,North Pit,9.51,7.28,35.3,208.1,0.42,22.4,1.306,0
2025-02-27,TR024,OP040,Crusher,29.55,15.74,75.6,73.3,0.93,31.7,1.877,0
2025-08-23,TR016,OP049,North Pit,102.18,44.36,51.9,226.0,3.21,31.9,2.303,0
2025-05-03,TR002,OP004,Stockpile,95.89,45.59,45.4,148.5,2.96,32.4,2.103,0
2025-07-15,TR009,OP039,Stockpile,83.43,35.68,42.9,145.2,3.03,27.6,2.338,0
2025-02-18,TR014,OP002,South Pit,87.02,36.38,77.9,176.7,2.59,33.6,2.392,0
2025-06-14,TR019,OP027,North Pit,67.92,40.3,78.2,185.7,3.09,22.0,1.685,0
2025-06-04,TR030,OP042,East Pit,26.93,16.86,20.3,146.4,1.48,18.2,1.597,0
2025-05-11,TR014,OP019,South Pit,20.09,13.48,76.0,237.6,0.72,28.1,1.49,0
2025-07-09,TR014,OP031,West Pit,118.74,60.57,69.6,166.5,4.65,25.5,1.96,0
2025-04-28,TR014,OP001,Stockpile,99.35,52.01,39.6,215.0,3.28,30.3,1.91,0
2025-08-04,TR017,OP033,South Pit,12.56,11.33,56.5,151.6,0.34,37.4,1.109,0
2025-07-23,TR009,OP003,Crusher,80.54,47.48,44.1,122.5,2.67,30.2,1.696,0
2025-01-19,TR025,OP022,Crusher,100.97,37.25,46.9,111.6,3.11,32.5,2.711,0
2025-01-19,TR015,OP050,Stockpile,38.39,22.16,47.4,130.6,1.7,22.6,1.732,0
2025-01-29,TR022,OP006,Stockpile,93.05,38.38,25.1,208.1,3.11,29.9,2.424,0
2025-10-10,TR015,OP006,Stockpile,16.71,9.49,57.5,76.3,0.84,19.9,1.761,0
2025-06-06,TR006,OP027,West Pit,39.74,13.65,16.3,137.5,1.64,24.3,2.911,0
2025-12-15,TR029,OP013,South Pit,119.74,69.62,37.8,90.9,3.42,35.0,1.72,0
2025-02-05,TR016,OP036,Stockpile,84.68,31.35,32.9,206.4,2.84,29.8,2.701,0
2025-08-24,TR018,OP049,Crusher,37.43,22.01,15.6,201.6,1.8,20.7,1.701,0
2025-01-26,TR021,OP002,Crusher,33.82,21.56,72.8,47.5,1.82,18.6,1.569,0
2025-04-15,TR022,OP022,West Pit,10.28,8.87,29.7,169.2,0.38,26.8,1.159,0
2025-12-31,TR001,OP019,East Pit,68.67,36.89,89.0,191.8,3.08,22.3,1.861,0
2025-02-06,TR009,OP016,North Pit,112.38,55.15,50.0,136.7,5.05,22.2,2.038,0
2025-04-22,TR023,OP024,East Pit,82.0,39.89,72.8,225.4,2.52,32.6,2.056,0
2025-11-01,TR026,OP046,South Pit,78.3,41.32,83.0,156.6,2.6,30.1,1.895,0
2025-02-27,TR020,OP042,West Pit,50.63,27.1,89.8,66.0,1.51,33.4,1.868,0
2025-01-31,TR014,OP049,Stockpile,88.04,75.43,85.0,210.0,3.39,25.9,1.167,1
2025-09-30,TR021,OP003,South Pit,91.27,46.26,70.0,185.0,4.38,20.8,1.973,0
2025-05-26,TR004,OP008,South Pit,104.03,51.9,88.5,57.2,4.62,22.5,2.004,0
2025-06-16,TR022,OP016,Stockpile,118.01,39.84,19.3,133.0,3.6,32.8,2.962,0
2025-10-01,TR023,OP038,North Pit,76.37,43.83,81.5,107.0,2.18,35.0,1.742,0
2025-12-16,TR029,OP005,East Pit,16.98,11.77,52.8,229.1,0.52,32.5,1.443,0
2025-04-04,TR029,OP021,East Pit,30.63,11.35,5.3,148.0,1.37,22.4,2.699,0
2025-02-25,TR025,OP001,East Pit,40.26,22.91,11.0,57.1,1.17,34.3,1.757,0
2025-12-04,TR025,OP043,South Pit,119.31,65.2,66.0,144.2,6.24,19.1,1.83,0
2025-03-08,TR025,OP010,Stockpile,85.89,43.35,40.0,185.9,2.83,30.3,1.981,0
2025-02-04,TR027,OP019,North Pit,74.86,26.98,50.6,102.1,2.08,36.1,2.775,0
2025-11-26,TR008,OP034,East Pit,34.55,18.58,59.7,63.5,1.33,25.9,1.86,0
2025-09-09,TR023,OP006,West Pit,59.98,23.36,38.1,206.4,2.39,25.1,2.568,0
2025-12-25,TR003,OP001,South Pit,115.31,53.65,21.2,74.1,3.16,36.5,2.149,0
2025-06-06,TR003,OP049,North Pit,46.09,25.66,71.2,232.2,1.48,31.2,1.796,0
2025-12-15,TR015,OP049,Stockpile,48.61,41.14,22.5,191.6,1.35,36.1,1.182,1
2025-10-17,TR022,OP013,Crusher,45.19,18.33,56.3,144.9,2.13,21.2,2.465,0
2025-12-19,TR025,OP036,West Pit,46.02,29.1,72.1,150.6,1.37,33.6,1.581,0
2025-07-08,TR024,OP013,South Pit,11.72,9.13,47.4,95.2,0.41,28.5,1.284,0
2025-01-02,TR030,OP038,Crusher,95.31,33.62,62.4,238.2,4.97,19.2,2.835,0
2025-02-21,TR018,OP031,East Pit,94.92,50.87,81.0,229.4,3.18,29.9,1.866,0
2025-10-02,TR002,OP011,East Pit,114.43,61.94,64.5,217.6,3.14,36.4,1.847,0
2025-05-09,TR028,OP032,East Pit,11.38,5.11,18.3,232.0,0.41,27.7,2.227,0
2025-01-26,TR005,OP008,Stockpile,42.14,20.77,79.8,92.9,2.08,20.2,2.029,0
2025-02-28,TR019,OP049,South Pit,34.08,14.0,44.6,99.3,0.92,37.0,2.434,0
2025-06-03,TR014,OP043,South Pit,112.76,42.78,42.0,208.5,5.52,20.4,2.636,0
2025-09-15,TR026,OP001,Stockpile,56.9,35.55,86.1,214.6,1.68,33.8,1.601,0
2025-06-17,TR013,OP004,West Pit,85.72,30.17,23.7,176.4,3.1,27.6,2.841,0
2025-07-16,TR011,OP036,West Pit,16.32,10.44,68.1,192.8,0.46,35.5,1.563,0
2025-04-12,TR015,OP044,West Pit,55.56,18.78,30.5,222.3,2.07,26.9,2.958,0
2025-12-30,TR016,OP047,Crusher,13.89,10.99,58.7,101.0,0.55,25.2,1.264,0
2025-08-31,TR014,OP024,Crusher,115.37,44.01,46.1,93.3,4.02,28.7,2.621,0
2025-03-11,TR029,OP032,West Pit,43.23,18.99,61.4,148.8,1.67,25.9,2.276,0
2025-03-24,TR016,OP005,East Pit,119.76,52.95,71.7,184.7,5.17,23.1,2.262,0
2025-05-20,TR002,OP041,North Pit,27.93,18.79,61.0,167.3,1.29,21.6,1.486,0
2025-07-12,TR014,OP036,West Pit,30.36,17.04,21.3,197.7,0.84,36.0,1.782,0
2025-11-23,TR026,OP041,East Pit,91.61,37.5,34.9,147.9,3.64,25.2,2.443,0
2025-05-08,TR026,OP006,South Pit,28.79,13.33,25.2,172.6,0.91,31.7,2.16,0
2025-01-26,TR003,OP046,South Pit,58.92,22.47,18.1,128.5,1.56,37.8,2.622,0
2025-08-13,TR014,OP033,North Pit,49.98,27.84,85.2,123.6,1.38,36.3,1.795,0
2025-09-13,TR016,OP020,West Pit,107.81,51.71,43.0,158.3,3.47,31.0,2.085,0
2025-07-25,TR029,OP025,North Pit,116.5,48.19,9.2,92.4,3.1,37.5,2.418,0
2025-12-09,TR006,OP009,North Pit,90.68,27.94,9.9,94.2,4.64,19.6,3.246,0
2025-02-20,TR020,OP020,North Pit,86.86,45.94,23.3,192.7,2.8,31.0,1.891,0
2025-10-29,TR005,OP003,Crusher,34.72,15.53,28.4,108.1,1.16,30.0,2.236,0
2025-07-28,TR025,OP035,Stockpile,13.55,10.25,76.8,156.4,0.65,20.8,1.322,0
2025-09-07,TR014,OP023,West Pit,65.3,32.26,74.0,238.7,2.7,24.2,2.024,0
2025-02-28,TR005,OP047,West Pit,9.64,7.68,29.9,215.7,0.27,35.5,1.255,0
2025-05-30,TR021,OP037,East Pit,72.83,25.7,48.4,215.6,3.23,22.6,2.834,0
2025-06-01,TR005,OP043,Crusher,61.18,27.16,64.0,200.6,2.32,26.3,2.253,0
2025-06-03,TR018,OP029,West Pit,33.52,15.17,58.1,198.4,1.56,21.5,2.21,0
2025-08-16,TR014,OP030,Stockpile,75.29,42.6,61.3,72.4,2.11,35.7,1.767,0
2025-04-09,TR013,OP036,South Pit,23.75,13.08,36.5,63.4,0.95,25.0,1.816,0
2025-10-18,TR011,OP041,East Pit,47.8,23.46,25.0,194.0,1.45,33.0,2.038,0
2025-07-17,TR012,OP018,South Pit,10.68,9.35,45.7,58.8,0.49,22.0,1.142,0
2025-10-09,TR030,OP050,Stockpile,110.49,127.94,49.4,109.0,5.63,19.6,0.864,1
2025-04-17,TR017,OP043,Crusher,92.05,83.6,78.4,151.0,2.98,30.9,1.101,1
2025-11-25,TR002,OP011,North Pit,85.58,33.24,48.3,66.0,2.82,30.3,2.575,0
2025-03-24,TR012,OP002,Crusher,78.42,33.68,10.7,77.1,2.8,28.0,2.328,0
2025-09-08,TR024,OP037,Crusher,105.68,44.94,61.0,139.3,3.31,32.0,2.352,0
2025-03-24,TR005,OP014,Stockpile,22.71,13.15,66.5,157.0,0.67,33.9,1.727,0
2025-04-23,TR003,OP020,East Pit,82.37,32.51,73.4,66.4,2.66,31.0,2.534,0
2025-06-11,TR025,OP008,West Pit,50.68,25.87,49.1,52.2,1.39,36.5,1.959,0
2025-06-05,TR027,OP024,West Pit,99.11,47.25,53.3,230.5,3.79,26.2,2.098,0
2025-05-09,TR025,OP036,West Pit,83.59,44.33,75.6,214.8,3.76,22.2,1.886,0
2025-06-05,TR019,OP012,South Pit,41.23,26.4,82.5,177.5,1.42,28.9,1.562,0
2025-01-02,TR009,OP040,West Pit,81.5,31.11,69.4,173.9,2.77,29.5,2.62,0
2025-05-18,TR030,OP003,East Pit,55.76,32.6,59.2,192.7,2.25,24.8,1.71,0
2025-01-29,TR015,OP047,West Pit,15.51,11.49,52.3,156.2,0.75,20.8,1.35,0
2025-06-12,TR030,OP020,West Pit,24.08,9.68,12.1,40.3,0.75,31.9,2.488,0
2025-08-13,TR013,OP034,East Pit,51.08,28.81,49.5,88.3,1.55,33.0,1.773,0
2025-10-05,TR019,OP002,East Pit,105.56,60.03,74.6,122.5,4.59,23.0,1.758,0
2025-06-19,TR014,OP039,Stockpile,28.75,17.34,65.4,228.3,0.85,33.6,1.658,0
2025-07-11,TR018,OP026,North Pit,86.39,35.51,88.6,46.5,2.76,31.3,2.433,0
2025-06-20,TR005,OP035,West Pit,76.27,33.22,62.9,96.1,2.26,33.7,2.296,0
2025-12-31,TR001,OP043,East Pit,97.75,53.2,88.4,233.1,2.67,36.7,1.837,0
2025-06-23,TR030,OP003,South Pit,73.28,29.07,39.7,207.4,3.37,21.8,2.521,0
2025-11-12,TR016,OP044,Stockpile,88.97,35.28,53.9,62.7,4.0,22.3,2.522,0
2025-02-22,TR029,OP046,Stockpile,8.08,11.4,79.1,111.2,0.26,31.0,0.709,0
2025-07-27,TR029,OP028,South Pit,70.73,31.5,81.5,230.3,2.37,29.9,2.245,0
2025-02-20,TR021,OP032,West Pit,45.82,35.73,76.5,88.0,1.51,30.3,1.282,0
2025-03-16,TR015,OP002,Crusher,94.94,44.36,66.6,46.7,3.15,30.1,2.14,0
2025-09-21,TR012,OP021,East Pit,79.03,29.51,58.1,184.9,2.19,36.1,2.678,0
2025-05-22,TR015,OP012,North Pit,57.86,21.38,46.3,121.7,1.86,31.2,2.706,0
2025-11-28,TR026,OP031,East Pit,53.59,31.64,36.3,188.6,2.48,21.6,1.694,0
2025-02-21,TR015,OP043,North Pit,100.65,40.0,58.7,104.9,4.2,24.0,2.516,0
2025-11-24,TR003,OP015,Stockpile,99.29,54.1,22.6,198.0,2.81,35.4,1.835,0
2025-03-22,TR011,OP027,North Pit,105.77,38.94,13.0,170.1,3.8,27.8,2.716,0
2025-05-08,TR026,OP009,Stockpile,90.89,46.69,40.3,93.4,2.41,37.7,1.947,0
2025-10-11,TR029,OP035,Crusher,53.9,21.13,62.0,237.4,2.61,20.6,2.551,0
2025-12-05,TR028,OP020,South Pit,28.64,15.05,45.7,205.0,1.14,25.1,1.903,0
2025-12-05,TR024,OP008,East Pit,86.83,31.1,34.7,239.3,3.67,23.7,2.792,0
2025-06-16,TR010,OP026,South Pit,36.74,18.83,34.2,170.4,1.38,26.5,1.951,0
2025-09-17,TR026,OP005,East Pit,106.66,45.34,56.5,142.4,2.86,37.2,2.352,0
2025-04-24,TR027,OP019,Crusher,14.99,11.46,60.3,145.9,0.4,37.4,1.308,0
2025-02-07,TR001,OP005,Stockpile,58.25,23.03,31.5,100.2,2.06,28.3,2.529,0
2025-05-30,TR024,OP020,South Pit,12.57,14.51,70.4,227.7,0.57,21.9,0.866,0
2025-07-14,TR007,OP022,North Pit,55.17,30.58,13.0,45.9,1.51,36.6,1.804,0
2025-10-02,TR007,OP048,Stockpile,39.4,21.06,20.4,177.3,1.27,31.0,1.871,0
2025-11-15,TR027,OP022,Crusher,107.37,56.36,85.8,86.6,3.68,29.2,1.905,0
2025-08-14,TR022,OP031,West Pit,34.78,25.49,60.9,49.5,1.74,20.0,1.364,0
2025-03-09,TR019,OP049,South Pit,94.3,32.58,22.7,109.6,2.68,35.1,2.894,0
2025-02-04,TR018,OP043,North Pit,34.46,14.61,27.2,112.7,1.07,32.3,2.359,0
2025-04-01,TR006,OP029,Stockpile,77.9,51.04,82.0,101.2,3.86,20.2,1.526,0
2025-11-05,TR013,OP045,North Pit,80.68,40.34,7.3,202.7,3.67,22.0,2.0,0
2025-12-05,TR004,OP022,Stockpile,13.09,5.96,18.1,46.5,0.53,24.8,2.196,0
2025-02-21,TR025,OP032,South Pit,32.06,11.17,11.1,91.3,1.28,25.1,2.87,0
2025-10-24,TR008,OP020,West Pit,39.65,21.19,77.3,201.0,1.06,37.2,1.871,0
2025-03-25,TR027,OP044,North Pit,18.5,14.36,59.2,64.4,0.79,23.5,1.288,0
2025-10-26,TR024,OP016,South Pit,75.74,43.71,21.6,119.5,3.0,25.2,1.733,0
2025-11-12,TR004,OP046,South Pit,54.98,34.08,79.1,41.8,1.93,28.5,1.613,0
2025-07-10,TR005,OP038,East Pit,13.79,11.45,71.9,43.1,0.47,29.6,1.204,0
2025-07-24,TR007,OP043,East Pit,23.17,11.9,64.2,211.6,1.11,20.8,1.947,0
2025-08-08,TR008,OP046,North Pit,21.98,9.92,39.6,229.5,0.6,36.7,2.216,0
2025-07-17,TR002,OP028,South Pit,15.76,9.08,29.8,82.8,0.53,30.0,1.736,0
2025-11-17,TR016,OP015,North Pit,19.57,10.02,52.2,233.5,0.6,32.4,1.953,0
2025-09-13,TR011,OP032,Crusher,109.42,65.27,67.7,81.6,6.02,18.2,1.676,0
2025-09-18,TR002,OP011,East Pit,81.9,46.35,78.2,226.0,4.22,19.4,1.767,0
2025-09-08,TR019,OP035,Stockpile,35.45,16.76,58.4,103.5,1.41,25.1,2.115,0
2025-05-23,TR006,OP010,Stockpile,64.71,38.06,74.5,200.6,1.73,37.3,1.7,0
2025-10-03,TR025,OP044,West Pit,9.71,5.02,16.4,235.8,0.33,29.8,1.934,0
2025-07-20,TR022,OP027,East Pit,81.5,34.07,56.1,106.4,3.19,25.5,2.392,0
2025-03-16,TR014,OP018,North Pit,115.93,52.64,28.0,187.8,4.44,26.1,2.202,0
2025-11-26,TR007,OP046,Stockpile,53.97,34.71,75.5,77.6,2.61,20.7,1.555,0
2025-08-24,TR018,OP030,South Pit,58.01,31.75,20.4,53.2,1.76,32.9,1.827,0
2025-09-16,TR002,OP003,North Pit,110.6,53.07,70.3,107.6,4.1,27.0,2.084,0
2025-07-22,TR023,OP016,South Pit,59.19,29.69,34.1,156.3,2.69,22.0,1.994,0
2025-07-12,TR025,OP025,Stockpile,67.01,40.61,63.6,169.7,2.36,28.3,1.65,0
2025-01-01,TR008,OP042,North Pit,89.33,40.27,18.5,184.2,3.07,29.1,2.218,0
2025-02-16,TR021,OP012,South Pit,96.93,30.94,13.0,106.7,3.35,28.9,3.133,0
2025-02-05,TR023,OP018,Crusher,76.85,55.04,87.5,49.8,2.83,27.2,1.396,0
2025-02-13,TR006,OP034,South Pit,24.03,17.93,53.5,104.0,0.7,34.5,1.34,0
2025-11-14,TR020,OP020,South Pit,52.8,25.16,55.4,107.6,2.35,22.5,2.099,0
2025-01-19,TR003,OP046,North Pit,85.08,27.11,18.6,130.8,3.07,27.7,3.138,0
2025-03-26,TR025,OP016,North Pit,12.65,11.85,88.7,44.3,0.37,34.4,1.068,0
2025-02-04,TR011,OP025,Crusher,70.01,29.98,70.2,144.4,2.52,27.7,2.335,0
2025-02-28,TR001,OP050,East Pit,10.48,10.75,59.4,43.4,0.39,26.6,0.975,0
2025-05-15,TR018,OP039,North Pit,109.63,42.59,23.4,64.5,3.4,32.2,2.574,0
2025-04-10,TR007,OP048,West Pit,23.54,14.05,45.7,121.3,0.73,32.2,1.675,0
2025-06-14,TR018,OP022,Stockpile,114.3,60.23,15.5,89.7,3.23,35.4,1.898,0
2025-06-12,TR002,OP032,West Pit,104.77,36.49,35.0,49.4,3.05,34.3,2.871,0
2025-02-04,TR007,OP008,South Pit,18.67,11.69,23.6,158.4,0.87,21.4,1.597,0
2025-03-10,TR022,OP006,Stockpile,62.37,43.48,82.1,191.1,2.71,23.0,1.434,0
2025-03-26,TR021,OP005,South Pit,35.79,15.05,26.9,98.2,1.55,23.2,2.378,0
2025-06-12,TR028,OP044,North Pit,117.29,46.85,74.8,189.1,3.41,34.4,2.504,0
2025-06-15,TR030,OP004,North Pit,16.89,8.02,24.9,104.7,0.51,33.0,2.106,0
2025-11-18,TR022,OP002,Stockpile,109.19,51.17,20.5,202.9,3.03,36.0,2.134,0
2025-11-10,TR010,OP045,East Pit,30.58,16.06,16.7,152.2,1.37,22.3,1.904,0
2025-06-17,TR022,OP029,Crusher,54.73,28.73,9.7,79.0,1.76,31.0,1.905,0
2025-09-28,TR028,OP016,West Pit,32.53,24.99,82.8,75.7,1.71,19.1,1.302,0
2025-08-19,TR026,OP011,East Pit,67.28,27.03,29.2,67.0,2.02,33.2,2.489,0
2025-12-18,TR029,OP031,East Pit,95.85,47.55,41.1,203.1,3.41,28.1,2.016,0
2025-12-23,TR021,OP011,South Pit,13.63,10.07,66.3,86.9,0.49,27.6,1.354,0
2025-07-26,TR011,OP007,South Pit,78.73,35.71,55.5,180.3,2.31,34.0,2.205,0
2025-11-16,TR019,OP038,Crusher,101.02,47.45,78.1,115.5,4.59,22.0,2.129,0
2025-04-23,TR014,OP022,East Pit,111.48,40.87,82.3,103.2,3.39,32.8,2.728,0
2025-09-25,TR026,OP006,North Pit,104.24,46.25,63.6,171.4,4.11,25.4,2.254,0
2025-10-13,TR011,OP041,South Pit,79.02,36.0,81.5,129.2,2.08,37.9,2.195,0
2025-05-24,TR006,OP027,Crusher,30.19,17.29,48.1,210.6,1.02,29.5,1.746,0
2025-09-12,TR012,OP020,North Pit,70.22,37.79,74.3,68.3,2.38,29.5,1.858,0
2025-02-06,TR002,OP015,North Pit,101.27,56.87,18.7,128.2,3.09,32.8,1.781,0
2025-09-15,TR001,OP008,South Pit,110.85,48.04,76.6,156.1,3.0,36.9,2.307,0
2025-08-14,TR021,OP033,East Pit,84.4,35.08,18.9,171.6,3.18,26.5,2.406,0
2025-07-21,TR008,OP022,North Pit,38.14,25.45,84.7,225.6,1.02,37.6,1.499,0
2025-09-27,TR023,OP015,West Pit,78.06,45.7,34.1,108.5,4.07,19.2,1.708,0
2025-02-05,TR006,OP033,West Pit,20.37,10.98,29.8,45.1,1.02,19.9,1.855,0
2025-10-19,TR009,OP003,Crusher,43.17,23.44,70.2,189.8,1.2,36.0,1.842,0
2025-03-29,TR024,OP041,Stockpile,107.15,42.35,15.8,162.6,4.27,25.1,2.53,0
2025-10-04,TR022,OP014,West Pit,52.41,23.01,40.6,213.3,1.76,29.8,2.278,0
2025-12-16,TR019,OP008,Stockpile,72.97,31.56,25.0,200.4,2.02,36.1,2.312,0
2025-01-21,TR002,OP013,East Pit,26.41,16.41,49.0,238.8,1.44,18.3,1.609,0
2025-02-27,TR016,OP026,South Pit,97.34,53.69,30.0,222.9,2.96,32.8,1.813,0
2025-01-05,TR005,OP049,West Pit,54.46,20.08,11.3,132.9,2.59,21.0,2.712,0
2025-06-16,TR021,OP040,North Pit,51.9,29.14,12.2,173.6,1.5,34.6,1.781,0
2025-07-04,TR002,OP033,West Pit,60.08,31.29,88.7,148.2,1.81,33.2,1.92,0
2025-01-31,TR029,OP031,Stockpile,34.91,22.21,82.6,231.9,1.25,27.9,1.572,0
2025-04-08,TR011,OP022,East Pit,60.51,24.02,87.3,67.9,2.82,21.4,2.519,0
2025-07-20,TR007,OP046,South Pit,85.94,33.55,89.4,80.7,2.48,34.7,2.562,0
2025-10-28,TR013,OP019,South Pit,108.02,57.03,85.2,44.8,5.34,20.2,1.894,0
2025-06-19,TR020,OP030,North Pit,31.74,25.37,86.4,159.7,0.95,33.3,1.251,0
2025-03-23,TR021,OP050,North Pit,82.36,35.36,13.7,221.3,2.81,29.3,2.329,0
2025-04-10,TR010,OP031,West Pit,49.43,23.28,50.9,116.1,1.54,32.1,2.123,0
2025-09-11,TR029,OP039,North Pit,61.39,27.75,51.9,172.1,2.95,20.8,2.212,0
2025-06-12,TR017,OP033,West Pit,100.53,35.32,7.9,121.5,3.52,28.6,2.846,0
2025-12-25,TR007,OP035,East Pit,49.26,26.63,47.2,214.8,1.67,29.6,1.85,0
2025-03-25,TR028,OP001,West Pit,102.24,46.86,7.2,121.4,4.25,24.0,2.182,0
2025-03-06,TR027,OP026,East Pit,28.21,21.41,83.3,102.2,0.79,35.8,1.318,0
2025-03-28,TR030,OP025,North Pit,19.59,17.57,73.1,130.5,0.68,28.7,1.115,0
2025-04-19,TR018,OP025,West Pit,16.02,6.52,18.7,134.7,0.6,26.9,2.457,0
2025-12-23,TR012,OP008,South Pit,77.36,32.84,23.4,112.1,3.29,23.5,2.356,0
2025-02-09,TR023,OP016,Stockpile,18.9,13.25,53.5,180.2,0.89,21.2,1.426,0
2025-10-19,TR018,OP013,South Pit,58.94,34.07,42.8,94.6,1.71,34.5,1.73,0
2025-12-09,TR020,OP037,East Pit,36.13,22.32,26.2,235.0,1.4,25.8,1.619,0
2025-03-25,TR003,OP017,East Pit,47.44,25.8,50.0,137.4,1.92,24.7,1.839,0
2025-04-12,TR020,OP034,East Pit,16.3,16.75,71.3,99.3,0.75,21.8,0.973,0
2025-01-20,TR001,OP021,Crusher,95.37,29.27,5.7,109.8,2.56,37.2,3.258,0
2025-09-25,TR028,OP004,East Pit,104.33,49.65,42.3,207.6,3.45,30.3,2.101,0
2025-03-01,TR017,OP032,North Pit,77.9,29.59,74.3,113.5,3.68,21.2,2.633,0
2025-01-05,TR007,OP009,Stockpile,102.46,42.45,75.6,234.8,4.59,22.3,2.414,0
2025-01-11,TR017,OP018,North Pit,88.48,54.74,64.4,140.2,3.14,28.2,1.616,0
2025-06-30,TR017,OP027,Crusher,89.7,51.6,46.6,228.1,2.77,32.4,1.738,0
2025-03-10,TR019,OP016,Crusher,106.2,45.96,32.3,167.4,2.93,36.3,2.311,0
2025-06-21,TR017,OP010,Crusher,23.94,10.24,15.1,110.6,0.67,35.6,2.338,0
2025-04-23,TR018,OP044,South Pit,55.11,30.62,84.4,180.7,1.51,36.6,1.8,0
2025-02-28,TR005,OP025,Crusher,12.81,11.24,38.9,145.3,0.36,35.2,1.14,0
2025-10-02,TR027,OP050,South Pit,106.04,42.65,23.8,233.4,4.87,21.8,2.486,0
2025-07-24,TR008,OP010,North Pit,90.86,29.98,28.7,133.1,2.91,31.2,3.031,0
2025-07-28,TR028,OP027,North Pit,30.72,18.86,59.7,89.7,0.95,32.4,1.629,0
2025-05-24,TR012,OP019,South Pit,96.68,33.56,33.8,107.9,3.17,30.5,2.881,0
2025-02-02,TR019,OP020,East Pit,63.91,23.49,9.0,180.6,2.75,23.2,2.721,0
2025-01-18,TR003,OP020,South Pit,55.49,23.86,59.4,222.1,2.41,23.0,2.326,0
2025-12-05,TR007,OP049,East Pit,100.41,37.44,43.5,143.3,3.0,33.5,2.682,0
2025-10-01,TR005,OP034,Stockpile,12.1,8.98,21.2,192.3,0.41,29.5,1.347,0
2025-09-22,TR027,OP049,West Pit,56.84,35.3,65.0,49.0,1.75,32.4,1.61,0
2025-07-10,TR027,OP045,North Pit,104.66,38.52,22.0,67.1,5.42,19.3,2.717,0
2025-07-07,TR018,OP005,South Pit,96.32,34.28,33.8,57.5,4.55,21.2,2.81,0
2025-05-04,TR016,OP040,South Pit,106.86,40.37,76.4,236.1,5.19,20.6,2.647,0
2025-07-30,TR011,OP012,Crusher,32.12,21.78,69.9,226.9,1.71,18.8,1.475,0
2025-10-01,TR009,OP015,East Pit,76.31,33.18,42.6,198.7,2.81,27.2,2.3,0
2025-08-17,TR026,OP037,North Pit,24.18,15.97,74.8,117.8,0.79,30.6,1.514,0
2025-03-21,TR006,OP006,Stockpile,87.73,28.88,32.6,137.1,2.58,34.0,3.038,0
2025-08-09,TR013,OP042,Crusher,63.85,32.95,31.2,165.9,2.49,25.6,1.938,0
2025-08-07,TR003,OP022,East Pit,43.89,22.62,86.3,162.1,1.34,32.8,1.94,0
2025-11-10,TR023,OP007,Crusher,64.9,39.34,81.5,190.3,1.83,35.4,1.65,0
2025-04-16,TR022,OP038,Crusher,15.36,14.12,82.2,202.0,0.65,23.8,1.088,0
2025-09-15,TR024,OP006,East Pit,104.45,39.32,82.7,195.6,3.35,31.1,2.656,0
2025-12-30,TR022,OP018,North Pit,64.04,28.87,58.2,54.2,1.86,34.5,2.218,0
2025-09-11,TR009,OP010,East Pit,118.5,37.23,7.1,118.1,4.4,27.0,3.183,0
2025-08-25,TR003,OP041,North Pit,85.63,29.65,15.0,179.4,3.62,23.7,2.888,0
2025-08-28,TR014,OP027,South Pit,12.24,7.27,36.8,136.8,0.33,36.8,1.684,0
2025-04-29,TR017,OP019,East Pit,37.05,14.0,18.3,136.7,1.03,35.9,2.646,0
2025-09-19,TR012,OP009,South Pit,26.96,12.63,46.9,102.9,1.23,21.9,2.135,0
2025-04-14,TR023,OP021,Crusher,105.42,61.04,82.2,112.6,3.82,27.6,1.727,0
2025-03-19,TR007,OP046,Crusher,33.53,15.02,19.6,99.5,1.86,18.0,2.232,0
2025-06-29,TR024,OP049,Crusher,107.28,50.99,59.8,99.8,5.25,20.5,2.104,0
2025-10-03,TR016,OP022,East Pit,108.97,89.8,66.4,82.0,3.65,29.9,1.213,1
2025-03-24,TR013,OP034,South Pit,35.8,14.56,26.2,119.1,1.83,19.5,2.459,0
2025-06-09,TR029,OP044,Stockpile,39.58,13.26,20.1,40.3,2.0,19.8,2.985,0
2025-02-18,TR022,OP006,Crusher,25.92,10.34,12.7,103.3,1.02,25.4,2.507,0
2025-09-18,TR008,OP018,Stockpile,36.48,17.88,27.9,200.4,1.11,32.8,2.04,0
2025-05-25,TR021,OP011,East Pit,46.17,17.13,12.2,201.6,1.82,25.3,2.695,0
2025-12-29,TR007,OP012,East Pit,75.98,39.79,49.0,154.7,2.34,32.5,1.91,0
2025-06-24,TR026,OP044,South Pit,110.39,46.0,64.9,126.3,4.41,25.0,2.4,0
2025-11-23,TR023,OP003,North Pit,107.3,39.16,51.4,227.9,4.34,24.7,2.74,0
2025-10-02,TR026,OP042,West Pit,118.05,54.32,34.9,217.9,5.39,21.9,2.173,0
2025-11-24,TR010,OP022,West Pit,58.35,24.56,57.8,87.1,1.54,37.8,2.376,0
2025-07-26,TR006,OP002,South Pit,73.95,81.53,68.9,172.4,2.0,37.0,0.907,1
2025-07-05,TR027,OP013,Stockpile,16.78,10.67,43.4,120.0,0.49,34.3,1.573,0
2025-03-14,TR003,OP045,East Pit,62.39,65.3,39.5,55.1,2.49,25.1,0.955,1
2025-02-12,TR010,OP014,Stockpile,71.93,38.86,57.3,62.5,2.75,26.2,1.851,0
2025-11-02,TR001,OP006,South Pit,45.9,18.41,39.7,172.1,2.02,22.7,2.493,0
2025-02-01,TR023,OP039,Stockpile,79.92,30.16,47.3,147.4,2.35,34.1,2.65,0
2025-12-31,TR026,OP039,North Pit,46.54,24.7,26.5,232.6,1.82,25.5,1.884,0
2025-12-20,TR001,OP014,Crusher,103.57,37.03,16.4,80.7,3.22,32.2,2.797,0
2025-04-19,TR014,OP024,South Pit,12.16,15.45,86.3,75.3,0.38,32.2,0.787,0
2025-08-03,TR020,OP006,North Pit,10.04,13.84,88.0,59.3,0.44,22.9,0.725,0
2025-11-03,TR022,OP043,South Pit,74.33,30.08,29.3,94.0,3.74,19.9,2.471,0
2025-07-14,TR009,OP043,West Pit,80.56,35.07,24.1,96.7,2.56,31.4,2.297,0
2025-09-28,TR021,OP015,Crusher,67.66,34.78,42.1,87.2,2.85,23.7,1.945,0
2025-09-01,TR001,OP028,South Pit,85.37,44.19,41.6,57.3,3.03,28.2,1.932,0
2025-06-26,TR015,OP015,West Pit,32.72,20.53,64.3,78.6,1.53,21.4,1.594,0
2025-06-13,TR020,OP050,East Pit,39.12,23.67,73.2,145.7,1.17,33.5,1.653,0
2025-07-29,TR010,OP009,North Pit,53.38,36.9,83.1,161.4,2.37,22.6,1.447,0
2025-07-28,TR028,OP018,Stockpile,49.53,21.19,32.3,118.6,1.54,32.1,2.337,0
2025-04-17,TR013,OP048,Stockpile,15.03,12.57,53.5,191.7,0.41,36.5,1.196,0
2025-10-07,TR006,OP028,East Pit,37.03,16.76,61.5,136.3,1.62,22.9,2.209,0
2025-11-29,TR001,OP035,North Pit,104.98,47.62,26.3,205.1,2.98,35.2,2.205,0
2025-08-31,TR015,OP026,North Pit,78.82,33.2,56.0,112.8,2.2,35.9,2.374,0
2025-11-19,TR025,OP006,West Pit,40.93,18.92,6.0,93.1,1.15,35.6,2.163,0
2025-03-14,TR026,OP005,West Pit,95.57,29.65,24.9,155.8,3.26,29.3,3.223,0
2025-02-25,TR027,OP011,West Pit,55.08,21.49,28.1,132.3,1.99,27.7,2.563,0
2025-09-28,TR003,OP033,Crusher,20.22,14.29,55.7,201.5,0.59,34.4,1.415,0
2025-03-07,TR011,OP047,East Pit,23.23,9.44,21.3,97.1,0.9,25.9,2.461,0
2025-10-30,TR003,OP029,East Pit,17.47,12.92,89.0,49.9,0.5,35.1,1.352,0
2025-02-22,TR030,OP036,South Pit,25.08,12.07,42.0,131.1,1.09,23.1,2.078,0
2025-06-18,TR019,OP035,Stockpile,51.1,22.03,50.4,179.8,1.39,36.7,2.32,0
2025-04-06,TR017,OP034,North Pit,24.75,15.22,56.6,201.9,1.11,22.4,1.626,0
2025-06-05,TR025,OP010,North Pit,51.72,24.54,76.2,225.6,1.77,29.2,2.108,0
2025-12-24,TR005,OP016,East Pit,105.41,36.69,68.9,212.0,2.92,36.2,2.873,0
2025-06-26,TR011,OP037,East Pit,114.2,46.07,52.1,226.7,3.18,35.9,2.479,0
2025-11-16,TR017,OP039,East Pit,67.05,34.49,48.5,63.1,2.43,27.5,1.944,0
2025-03-22,TR015,OP023,Crusher,94.57,48.22,36.0,63.6,2.58,36.7,1.961,0
2025-04-12,TR005,OP025,Stockpile,76.87,28.66,16.0,176.8,2.62,29.3,2.682,0
2025-08-12,TR007,OP027,Stockpile,10.64,6.84,21.2,103.4,0.39,27.1,1.556,0
2025-10-10,TR012,OP032,South Pit,64.69,32.84,16.3,237.5,1.78,36.4,1.97,0
2025-12-12,TR001,OP023,West Pit,64.97,32.68,80.3,195.4,3.28,19.8,1.988,0
2025-01-03,TR012,OP007,North Pit,111.86,42.69,17.0,147.1,5.85,19.1,2.62,0
2025-06-18,TR022,OP028,Crusher,109.64,40.46,17.0,171.9,4.36,25.2,2.71,0
2025-01-08,TR018,OP032,North Pit,106.87,41.67,6.2,54.7,2.84,37.6,2.565,0
2025-07-20,TR006,OP016,North Pit,61.07,26.9,73.5,138.2,2.84,21.5,2.27,0
2025-12-09,TR024,OP007,North Pit,106.13,57.43,8.4,63.1,3.41,31.1,1.848,0
2025-04-01,TR015,OP021,Crusher,66.23,30.04,60.6,182.5,1.96,33.7,2.205,0
2025-02-04,TR002,OP039,Stockpile,9.78,9.04,45.4,127.6,0.31,31.9,1.082,0
2025-07-12,TR007,OP021,West Pit,78.21,46.47,39.4,156.3,4.12,19.0,1.683,0
2025-03-07,TR001,OP008,South Pit,9.85,10.3,74.2,190.5,0.5,19.6,0.956,0
2025-01-28,TR001,OP043,Stockpile,92.23,34.48,11.6,173.0,3.1,29.8,2.675,0
2025-05-22,TR008,OP003,South Pit,23.34,11.35,29.5,73.5,0.9,26.0,2.056,0
2025-07-02,TR019,OP028,Stockpile,32.03,13.58,24.4,200.2,1.49,21.6,2.359,0
2025-12-11,TR021,OP001,West Pit,118.23,44.26,27.9,73.5,3.67,32.2,2.671,0
2025-02-22,TR030,OP013,North Pit,55.46,25.57,30.1,234.6,2.57,21.6,2.169,0
2025-11-20,TR012,OP045,Stockpile,22.84,19.78,61.4,227.6,0.64,35.9,1.155,0
2025-02-05,TR020,OP010,South Pit,110.57,43.39,57.5,131.4,3.38,32.7,2.548,0
2025-07-04,TR005,OP035,Crusher,80.52,39.17,55.1,133.3,3.56,22.6,2.056,0
2025-06-19,TR008,OP024,West Pit,8.67,12.28,82.7,131.9,0.45,19.3,0.706,0
2025-11-05,TR021,OP036,Crusher,11.4,13.75,59.5,172.7,0.49,23.2,0.829,0
2025-12-25,TR018,OP013,Crusher,14.8,13.89,80.1,186.5,0.56,26.5,1.066,0
2025-01-16,TR008,OP042,West Pit,113.43,58.04,70.8,137.4,6.11,18.6,1.954,0
2025-06-06,TR002,OP028,West Pit,115.94,41.75,9.9,172.1,4.67,24.8,2.777,0
2025-09-27,TR011,OP042,East Pit,117.21,39.1,24.6,213.4,3.14,37.4,2.998,0
2025-01-24,TR025,OP039,North Pit,42.07,15.54,30.4,239.0,1.24,33.9,2.707,0
2025-03-11,TR009,OP049,Crusher,43.85,24.73,55.8,50.3,2.28,19.3,1.773,0
2025-01-19,TR029,OP020,Stockpile,103.66,32.64,17.7,195.2,2.75,37.7,3.176,0
2025-03-08,TR009,OP049,South Pit,89.06,46.85,16.7,160.4,4.59,19.4,1.901,0
2025-11-02,TR016,OP042,Stockpile,46.78,18.48,21.4,133.3,1.3,36.0,2.531,0
2025-01-18,TR023,OP037,East Pit,24.21,11.95,32.7,162.1,0.65,37.3,2.026,0
2025-10-06,TR022,OP022,Stockpile,119.11,71.23,89.0,237.2,5.47,21.8,1.672,0
2025-03-04,TR022,OP003,West Pit,44.03,23.66,82.1,92.0,2.37,18.6,1.861,0
2025-10-08,TR024,OP013,North Pit,79.4,29.49,42.1,141.4,3.46,22.9,2.692,0
2025-02-12,TR026,OP041,Crusher,60.09,26.76,59.3,169.0,1.88,32.0,2.246,0
2025-01-21,TR008,OP006,East Pit,57.95,23.83,18.0,220.1,1.54,37.5,2.432,0
2025-05-31,TR001,OP026,Crusher,14.49,5.32,15.6,84.4,0.42,34.5,2.724,0
2025-12-20,TR003,OP031,South Pit,13.61,4.94,10.0,56.0,0.38,35.6,2.755,0
2025-06-14,TR022,OP003,West Pit,115.73,53.82,80.6,210.7,4.59,25.2,2.15,0
2025-03-31,TR019,OP001,North Pit,114.64,48.4,30.4,203.0,6.19,18.5,2.369,0
2025-12-05,TR013,OP016,East Pit,57.03,31.13,37.8,43.1,1.57,36.2,1.832,0
2025-07-06,TR026,OP014,Stockpile,52.5,19.71,42.1,135.0,1.66,31.5,2.664,0
2025-10-14,TR016,OP008,Crusher,111.38,59.58,69.9,83.6,4.56,24.4,1.869,0
2025-02-05,TR022,OP008,North Pit,8.31,4.98,14.3,175.3,0.25,32.9,1.669,0
2025-03-25,TR028,OP044,East Pit,89.34,38.93,75.3,113.4,2.91,30.7,2.295,0
2025-01-16,TR030,OP050,West Pit,77.53,38.77,66.1,165.9,4.23,18.3,2.0,0
2025-05-29,TR003,OP011,North Pit,63.49,29.84,43.1,137.6,1.87,34.0,2.128,0
2025-10-16,TR006,OP049,West Pit,108.25,39.34,20.2,63.2,4.55,23.8,2.752,0
2025-08-18,TR015,OP020,West Pit,50.76,26.55,86.3,79.8,2.71,18.7,1.912,0
2025-02-17,TR009,OP033,Crusher,80.23,31.2,18.8,210.9,2.61,30.7,2.571,0
2025-12-05,TR001,OP028,East Pit,84.7,40.51,49.9,83.0,4.01,21.1,2.091,0
2025-09-23,TR013,OP047,West Pit,88.48,31.69,54.8,60.4,3.32,26.6,2.792,0
2025-06-10,TR021,OP050,Crusher,41.09,20.89,9.0,140.9,1.27,32.3,1.967,0
2025-01-09,TR028,OP028,Stockpile,94.26,44.4,47.4,232.1,2.78,33.9,2.123,0
2025-02-22,TR030,OP038,Crusher,60.26,24.68,39.8,47.4,1.59,37.8,2.442,0
2025-01-16,TR020,OP012,North Pit,32.27,19.42,56.1,142.6,1.75,18.4,1.662,0
2025-12-17,TR018,OP008,Crusher,81.8,47.17,77.4,146.5,2.38,34.4,1.734,0
2025-07-17,TR002,OP043,Stockpile,8.37,11.98,69.2,83.4,0.38,21.9,0.699,0
2025-09-13,TR003,OP007,South Pit,52.78,26.3,24.5,97.6,1.48,35.6,2.007,0
2025-11-02,TR024,OP039,North Pit,63.72,71.13,38.3,72.0,1.89,33.7,0.896,1
2025-03-23,TR008,OP020,Crusher,24.89,46.17,84.7,50.2,0.7,35.8,0.539,1
2025-11-29,TR011,OP005,North Pit,37.19,19.7,24.4,66.8,1.39,26.7,1.888,0
2025-08-10,TR005,OP030,West Pit,83.14,52.06,74.6,80.1,4.04,20.6,1.597,0
2025-12-30,TR016,OP027,West Pit,25.2,13.85,8.7,77.1,1.27,19.8,1.819,0
2025-07-02,TR022,OP005,East Pit,38.26,18.69,66.9,210.0,1.52,25.1,2.047,0
2025-01-16,TR004,OP025,East Pit,42.24,27.6,88.8,162.6,1.46,29.0,1.53,0
2025-03-20,TR023,OP027,North Pit,79.52,35.94,35.3,71.2,2.2,36.2,2.213,0
2025-11-24,TR016,OP004,West Pit,97.6,55.24,36.8,195.4,4.38,22.3,1.767,0
2025-09-15,TR014,OP013,East Pit,22.92,21.99,74.8,112.7,1.08,21.1,1.042,0
2025-12-21,TR010,OP008,North Pit,68.97,38.17,75.6,64.6,2.12,32.6,1.807,0
2025-04-30,TR012,OP022,South Pit,105.9,44.89,36.6,134.2,3.66,28.9,2.359,0
2025-12-21,TR001,OP007,South Pit,34.22,15.28,48.0,149.9,1.1,31.1,2.24,0
2025-04-22,TR001,OP021,West Pit,44.5,20.14,38.9,93.3,1.17,38.0,2.21,0
2025-11-08,TR021,OP033,Stockpile,100.01,31.18,9.5,86.3,3.41,29.4,3.208,0
2025-10-26,TR025,OP005,West Pit,107.38,45.83,66.8,74.1,3.23,33.3,2.343,0
2025-09-07,TR006,OP050,Stockpile,60.79,31.73,16.2,92.3,2.42,25.1,1.916,0
2025-09-26,TR015,OP021,West Pit,45.74,29.21,40.9,214.1,1.74,26.2,1.566,0
2025-03-12,TR028,OP050,South Pit,24.61,16.57,60.1,189.1,0.78,31.6,1.485,0
2025-11-01,TR002,OP041,East Pit,32.63,18.81,15.9,121.2,1.24,26.3,1.735,0
2025-08-29,TR006,OP041,South Pit,9.92,10.93,65.2,105.1,0.32,31.1,0.908,0
2025-01-10,TR026,OP049,South Pit,35.96,19.49,50.8,226.2,1.02,35.3,1.845,0
2025-08-01,TR029,OP032,South Pit,84.85,47.14,85.5,92.7,2.45,34.7,1.8,0
2025-04-16,TR009,OP033,North Pit,56.69,27.6,49.2,139.3,1.49,38.0,2.054,0
2025-12-21,TR020,OP003,North Pit,65.55,30.87,75.7,213.1,2.39,27.4,2.123,0
2025-08-25,TR013,OP012,East Pit,56.74,27.52,71.2,237.0,1.64,34.5,2.062,0
2025-10-07,TR025,OP035,East Pit,89.02,41.8,82.8,238.0,2.6,34.2,2.13,0
2025-09-18,TR004,OP006,North Pit,79.71,24.4,9.0,165.0,4.27,18.7,3.267,0
2025-10-04,TR017,OP020,East Pit,51.96,21.12,15.3,55.8,2.63,19.8,2.46,0
2025-03-06,TR029,OP039,South Pit,76.94,43.64,42.2,81.6,4.04,19.1,1.763,0
2025-05-06,TR002,OP013,North Pit,66.21,35.73,71.1,127.6,2.62,25.3,1.853,0
2025-11-12,TR025,OP025,East Pit,92.98,49.82,81.8,73.8,2.58,36.0,1.866,0
2025-03-13,TR005,OP017,North Pit,11.47,5.7,20.0,114.2,0.35,33.0,2.012,0
2025-07-24,TR021,OP037,North Pit,10.66,12.37,90.0,223.6,0.32,33.5,0.862,0
2025-09-08,TR012,OP010,South Pit,16.35,12.09,60.5,149.2,0.81,20.2,1.352,0
2025-12-09,TR019,OP017,Stockpile,64.59,34.04,52.9,187.8,2.96,21.9,1.897,0
2025-10-14,TR021,OP009,West Pit,64.41,33.93,31.4,67.5,1.77,36.4,1.898,0
2025-03-11,TR003,OP027,Crusher,13.07,9.55,34.2,221.2,0.39,33.6,1.369,0
2025-12-07,TR025,OP039,West Pit,35.22,29.04,81.9,70.4,1.13,31.2,1.213,0
2025-01-05,TR023,OP048,South Pit,9.13,11.65,72.5,171.9,0.46,19.9,0.784,0
2025-11-17,TR003,OP015,East Pit,108.51,43.47,57.2,48.6,4.39,24.7,2.496,0
2025-12-29,TR014,OP026,South Pit,119.12,62.01,26.4,82.3,3.8,31.3,1.921,0
2025-03-05,TR007,OP033,East Pit,8.38,11.33,85.4,202.5,0.26,31.7,0.74,0
2025-10-04,TR017,OP006,Stockpile,42.24,17.59,57.8,59.2,1.89,22.3,2.401,0
2025-04-12,TR007,OP020,Crusher,55.54,35.76,65.2,172.9,2.49,22.3,1.553,0
2025-03-20,TR019,OP047,West Pit,114.65,48.2,40.4,55.8,3.16,36.3,2.379,0
2025-02-17,TR001,OP038,West Pit,53.6,19.88,23.0,96.2,2.45,21.9,2.696,0
2025-08-03,TR030,OP024,South Pit,67.6,43.94,85.2,109.4,3.21,21.1,1.538,1
2025-05-06,TR009,OP025,South Pit,37.48,18.31,88.2,53.7,1.18,31.8,2.047,0
2025-12-16,TR013,OP001,West Pit,91.05,37.76,42.5,142.6,4.15,21.9,2.411,0
2025-04-06,TR014,OP050,Stockpile,103.78,47.39,19.2,163.7,5.68,18.3,2.19,0
2025-03-26,TR003,OP029,Crusher,80.81,32.67,21.9,112.6,2.38,34.0,2.474,0
2025-09-29,TR012,OP027,Crusher,89.66,36.45,34.1,149.4,3.9,23.0,2.46,0
2025-09-10,TR027,OP039,Crusher,60.78,23.21,15.6,121.3,1.94,31.4,2.619,0
2025-01-01,TR025,OP037,East Pit,64.14,28.24,56.8,231.7,2.65,24.2,2.271,0
2025-04-19,TR017,OP041,Crusher,85.25,31.42,60.6,169.5,3.08,27.6,2.713,0
2025-02-14,TR022,OP026,Stockpile,49.17,21.41,49.1,209.9,1.57,31.3,2.297,0
2025-04-04,TR026,OP050,West Pit,20.22,10.18,17.8,182.3,0.83,24.3,1.986,0
2025-04-17,TR027,OP045,Stockpile,76.27,39.5,78.1,212.8,2.18,34.9,1.931,0
2025-01-09,TR023,OP044,Crusher,29.76,17.84,66.0,227.8,1.14,26.0,1.668,0
2025-12-05,TR007,OP033,South Pit,24.69,21.86,75.5,101.3,0.82,30.0,1.129,0
2025-12-15,TR030,OP026,Stockpile,75.61,40.8,77.5,68.2,2.04,37.1,1.853,0
2025-04-28,TR015,OP033,North Pit,39.31,15.05,18.3,167.5,1.08,36.6,2.612,0
2025-06-18,TR007,OP036,Stockpile,63.06,37.57,61.3,205.2,2.99,21.1,1.678,0
2025-07-13,TR002,OP036,Stockpile,103.58,56.71,19.7,60.8,3.66,28.3,1.826,0
2025-02-28,TR002,OP039,South Pit,81.72,30.0,57.0,168.3,2.73,29.9,2.724,0
2025-10-08,TR012,OP043,Crusher,118.18,53.94,41.9,116.6,4.17,28.4,2.191,0
2025-06-23,TR020,OP025,North Pit,29.52,11.4,10.1,220.6,1.4,21.1,2.589,0
2025-06-01,TR002,OP015,Stockpile,17.84,12.85,45.7,139.8,0.62,28.6,1.388,0
2025-01-29,TR024,OP047,Crusher,94.88,42.37,53.7,202.4,3.77,25.2,2.239,0
2025-09-11,TR028,OP031,Stockpile,85.98,43.98,39.3,199.1,2.73,31.5,1.955,0
2025-04-25,TR012,OP031,North Pit,17.69,12.62,75.1,63.4,0.59,30.2,1.402,0
2025-11-06,TR003,OP037,Crusher,62.65,26.78,16.2,152.9,1.75,35.8,2.339,0
2025-01-19,TR006,OP006,East Pit,117.56,74.89,74.5,158.8,3.61,32.6,1.57,0
2025-08-07,TR003,OP033,East Pit,29.56,15.78,50.7,133.2,1.06,27.8,1.873,0
2025-08-27,TR006,OP033,South Pit,36.37,16.48,35.7,119.8,1.1,33.0,2.207,0
2025-02-22,TR006,OP042,South Pit,17.01,14.41,69.1,54.8,0.54,31.6,1.18,0
2025-02-15,TR015,OP024,East Pit,13.5,13.13,54.1,156.5,0.74,18.3,1.028,0
2025-12-03,TR024,OP031,West Pit,82.06,45.78,33.8,51.9,2.19,37.4,1.792,0
2025-06-30,TR016,OP046,North Pit,9.8,8.57,63.0,60.4,0.43,23.0,1.144,0
2025-06-26,TR023,OP025,West Pit,105.98,58.56,45.3,58.1,3.06,34.6,1.81,0
2025-06-01,TR001,OP015,Crusher,93.81,43.87,79.3,227.2,2.95,31.8,2.138,0
2025-06-22,TR007,OP031,East Pit,119.91,55.28,9.6,198.4,3.34,35.9,2.169,0
2025-05-25,TR005,OP001,South Pit,105.16,38.25,89.6,224.4,4.26,24.7,2.749,0
2025-05-28,TR010,OP017,Stockpile,24.51,13.95,43.4,101.9,0.72,33.9,1.757,0
2025-06-24,TR017,OP009,North Pit,75.31,27.3,36.2,69.2,2.83,26.6,2.759,0
2025-03-14,TR014,OP027,South Pit,82.04,36.42,54.2,153.6,2.57,31.9,2.253,0
2025-03-24,TR015,OP041,East Pit,38.07,26.43,64.2,158.8,1.38,27.6,1.44,0
2025-04-25,TR005,OP037,Stockpile,82.04,56.57,78.8,162.9,4.34,18.9,1.45,0
2025-10-02,TR013,OP045,East Pit,50.72,18.71,64.3,41.9,1.89,26.8,2.711,0
2025-09-24,TR022,OP004,West Pit,76.11,36.14,77.8,159.6,2.2,34.6,2.106,0
2025-04-13,TR024,OP003,East Pit,89.55,32.35,33.2,118.6,4.08,22.0,2.768,0
2025-08-24,TR007,OP013,East Pit,72.26,31.04,50.5,223.0,3.37,21.4,2.328,0
2025-06-23,TR003,OP001,North Pit,35.77,15.34,74.0,108.2,1.23,29.1,2.332,0
2025-01-07,TR008,OP038,West Pit,103.7,44.8,53.4,61.8,3.57,29.0,2.315,0
2025-03-06,TR002,OP020,South Pit,29.63,17.8,76.8,135.5,1.16,25.6,1.665,0
2025-01-19,TR008,OP050,East Pit,60.38,23.44,12.2,120.0,2.43,24.9,2.576,0
2025-12-02,TR026,OP033,South Pit,30.96,21.3,60.4,126.6,1.14,27.2,1.454,0
2025-01-06,TR015,OP032,Crusher,67.08,26.14,51.8,67.0,2.53,26.5,2.566,0
2025-08-09,TR019,OP023,South Pit,51.05,18.55,17.4,46.5,1.65,31.0,2.752,0
2025-03-26,TR013,OP013,South Pit,83.63,38.64,86.8,56.4,2.78,30.1,2.164,0
2025-08-01,TR028,OP021,East Pit,100.53,43.94,85.6,113.0,2.77,36.2,2.288,0
2025-07-09,TR023,OP038,Crusher,38.46,20.04,75.1,63.7,2.03,19.0,1.919,0
2025-04-09,TR006,OP019,East Pit,35.66,15.24,61.6,235.3,1.85,19.3,2.34,0
2025-09-11,TR001,OP016,West Pit,76.1,36.4,12.6,46.4,2.54,29.9,2.091,0
2025-07-17,TR009,OP048,Crusher,76.37,40.72,8.4,125.7,2.52,30.3,1.875,0
2025-02-19,TR009,OP037,West Pit,57.31,33.44,79.4,52.2,1.61,35.6,1.714,0
2025-06-05,TR017,OP027,East Pit,89.94,36.25,64.4,194.6,3.47,25.9,2.481,0
2025-12-23,TR007,OP010,Stockpile,101.41,32.14,12.4,155.5,2.93,34.6,3.155,0
2025-12-23,TR003,OP008,East Pit,110.91,59.16,47.2,85.6,3.64,30.4,1.875,0
2025-01-19,TR013,OP045,East Pit,64.08,27.45,88.1,229.1,2.87,22.3,2.334,0
2025-01-08,TR007,OP009,Stockpile,113.38,56.48,10.7,158.6,3.83,29.6,2.007,0
2025-10-18,TR026,OP050,West Pit,44.77,20.41,24.5,176.1,1.41,31.9,2.194,0
2025-10-23,TR016,OP004,Crusher,10.58,8.97,61.6,139.8,0.34,30.7,1.179,0
2025-11-10,TR026,OP019,Crusher,103.08,42.37,66.5,88.5,2.77,37.3,2.433,0
2025-03-24,TR010,OP036,South Pit,80.56,36.48,36.6,68.3,2.27,35.5,2.208,0
2025-06-23,TR009,OP013,North Pit,74.7,36.2,33.9,172.4,3.19,23.4,2.064,0
2025-09-25,TR011,OP009,West Pit,116.7,51.04,79.3,79.4,4.26,27.4,2.286,0
2025-10-15,TR024,OP018,South Pit,23.64,16.61,55.3,54.4,0.75,31.5,1.423,0
2025-12-22,TR007,OP021,West Pit,73.83,31.21,56.8,216.9,2.44,30.3,2.366,0
2025-11-15,TR005,OP037,Crusher,8.77,4.26,5.4,152.7,0.24,36.0,2.059,0
2025-04-27,TR006,OP007,East Pit,111.7,46.91,59.5,78.3,3.94,28.4,2.381,0
2025-12-14,TR027,OP046,Crusher,30.55,18.18,67.5,162.4,0.84,36.6,1.68,0
2025-07-02,TR016,OP023,Stockpile,78.82,33.13,31.9,82.0,2.97,26.6,2.379,0
2025-08-07,TR003,OP048,East Pit,25.89,13.72,57.7,71.1,0.73,35.4,1.887,0
2025-10-14,TR003,OP011,West Pit,35.56,21.42,65.3,165.3,1.59,22.4,1.66,0
2025-05-16,TR005,OP009,East Pit,62.95,42.93,64.3,225.0,1.77,35.5,1.466,0
2025-01-30,TR016,OP041,South Pit,62.67,32.02,24.3,196.9,2.78,22.5,1.957,0
2025-01-03,TR018,OP044,West Pit,38.6,24.77,47.3,49.4,1.27,30.5,1.558,0
2025-06-09,TR020,OP017,Crusher,72.52,27.86,46.7,165.9,3.19,22.8,2.603,0
2025-12-21,TR003,OP033,South Pit,28.49,19.6,44.7,178.2,0.87,32.9,1.454,0
2025-03-15,TR024,OP009,Stockpile,56.74,25.91,63.4,202.8,2.39,23.8,2.19,0
2025-03-26,TR010,OP009,West Pit,66.39,38.11,38.6,59.0,2.44,27.2,1.742,0
2025-07-26,TR007,OP007,West Pit,39.21,24.84,64.7,220.3,1.23,32.0,1.579,0
2025-10-10,TR003,OP042,Crusher,119.99,60.87,67.9,178.8,4.68,25.7,1.971,0
2025-12-20,TR002,OP004,South Pit,93.72,37.23,70.0,193.5,2.87,32.7,2.517,0
2025-08-16,TR016,OP030,Stockpile,103.26,47.88,73.6,217.2,2.87,36.0,2.157,0
2025-09-09,TR010,OP002,East Pit,47.59,28.67,49.4,176.1,1.98,24.0,1.66,0
2025-12-18,TR013,OP003,West Pit,90.67,35.56,62.9,194.6,3.55,25.6,2.55,0
2025-12-14,TR015,OP037,East Pit,87.85,35.27,55.4,79.1,3.88,22.6,2.491,0
2025-06-17,TR010,OP017,North Pit,72.68,34.68,49.5,237.2,3.22,22.6,2.096,0
2025-08-17,TR022,OP040,North Pit,83.17,35.37,27.0,70.8,2.21,37.6,2.351,0
2025-06-13,TR014,OP014,South Pit,83.19,42.99,56.8,111.3,2.81,29.6,1.935,0
2025-10-18,TR003,OP042,Stockpile,102.58,51.0,12.0,82.0,4.01,25.6,2.011,0
2025-02-23,TR026,OP008,North Pit,34.44,15.71,17.9,211.7,1.18,29.2,2.192,0
2025-12-11,TR017,OP050,Crusher,76.81,32.25,66.2,95.9,3.61,21.3,2.382,0
2025-03-03,TR030,OP002,North Pit,38.03,14.08,50.8,160.8,2.07,18.3,2.701,0
2025-12-29,TR023,OP050,Crusher,45.38,25.34,54.8,179.9,1.25,36.2,1.791,0
2025-12-05,TR021,OP001,North Pit,89.02,47.59,23.7,148.6,3.0,29.7,1.871,0
2025-04-18,TR004,OP035,East Pit,52.63,22.05,39.1,190.4,1.62,32.6,2.387,0
2025-07-12,TR006,OP028,West Pit,32.14,20.53,57.6,188.6,1.36,23.6,1.566,0
2025-11-06,TR018,OP022,West Pit,29.41,14.66,24.1,229.4,0.79,37.4,2.006,0
2025-01-01,TR010,OP002,East Pit,111.04,35.21,15.7,171.6,3.44,32.3,3.154,0
2025-11-01,TR020,OP047,West Pit,9.7,14.09,69.0,183.8,0.47,20.8,0.688,0
2025-07-12,TR019,OP048,Crusher,106.59,63.85,62.9,185.3,3.22,33.1,1.669,0
2025-04-20,TR012,OP050,Crusher,20.12,11.08,30.9,123.5,0.85,23.8,1.816,0
2025-12-02,TR028,OP003,Stockpile,54.98,28.65,37.0,161.0,1.94,28.4,1.919,0
2025-10-05,TR007,OP009,North Pit,22.8,17.74,73.2,202.7,0.93,24.5,1.285,0
2025-09-28,TR007,OP041,East Pit,12.77,6.04,13.6,116.2,0.55,23.1,2.114,0
2025-04-05,TR020,OP018,Crusher,97.3,42.5,38.1,211.4,4.0,24.3,2.289,0
2025-06-20,TR017,OP036,South Pit,51.92,22.7,63.1,205.4,1.97,26.3,2.287,0
2025-09-03,TR028,OP034,Stockpile,89.22,41.42,64.4,118.6,4.59,19.4,2.154,0
2025-08-14,TR003,OP003,Stockpile,67.55,28.11,55.7,111.6,3.25,20.8,2.403,0
2025-10-02,TR010,OP026,South Pit,98.29,39.46,79.0,235.8,2.88,34.2,2.491,0
2025-12-02,TR006,OP029,East Pit,41.97,27.25,47.6,196.8,1.37,30.6,1.54,0
2025-02-19,TR013,OP039,Crusher,12.5,11.34,57.4,156.1,0.4,31.5,1.102,0
2025-04-30,TR020,OP050,South Pit,35.21,16.15,9.8,182.8,1.0,35.1,2.18,0
2025-09-22,TR009,OP045,Crusher,10.81,5.95,35.0,77.2,0.49,22.0,1.817,0
2025-04-07,TR013,OP033,North Pit,13.32,7.8,26.9,182.0,0.38,34.6,1.708,0
2025-08-06,TR008,OP049,West Pit,81.75,32.97,67.6,144.4,3.14,26.1,2.48,0
2025-09-02,TR028,OP040,Crusher,13.69,11.11,46.9,153.8,0.51,26.6,1.232,0
2025-09-06,TR022,OP040,North Pit,23.39,13.88,17.1,145.3,1.1,21.2,1.685,0
2025-03-07,TR026,OP010,East Pit,49.25,20.11,14.4,209.0,2.34,21.0,2.449,0
2025-06-20,TR017,OP048,West Pit,75.2,75.16,59.8,225.3,2.58,29.1,1.001,1
2025-04-06,TR010,OP017,Stockpile,55.12,23.99,5.4,208.9,1.75,31.5,2.298,0
2025-09-13,TR012,OP022,North Pit,52.92,22.72,23.2,172.9,1.47,35.9,2.329,0
2025-07-19,TR024,OP015,South Pit,30.04,15.17,60.5,215.7,1.11,27.0,1.98,0
2025-05-14,TR013,OP024,South Pit,106.73,62.96,59.2,223.4,2.89,36.9,1.695,0
2025-03-28,TR006,OP042,East Pit,114.63,38.92,55.1,196.1,3.11,36.9,2.945,0
2025-04-11,TR026,OP045,South Pit,97.51,38.02,8.8,138.7,5.15,19.0,2.565,0
2025-02-28,TR005,OP007,East Pit,35.88,11.61,13.2,87.9,1.13,31.9,3.09,0
2025-03-02,TR007,OP039,South Pit,94.45,29.94,36.4,86.5,4.97,19.0,3.155,0
2025-06-12,TR004,OP003,East Pit,98.87,45.44,26.5,175.8,2.93,33.8,2.176,0
2025-06-20,TR001,OP001,East Pit,117.58,51.08,25.5,133.2,3.28,35.9,2.302,0
2025-01-23,TR016,OP043,South Pit,107.95,40.72,35.8,41.0,3.27,33.0,2.651,0
2025-06-06,TR019,OP026,South Pit,42.87,21.04,5.8,141.5,2.29,18.8,2.038,0
2025-11-17,TR010,OP026,Crusher,118.24,47.14,21.7,103.3,4.06,29.1,2.508,0
2025-05-29,TR010,OP010,South Pit,68.04,42.82,75.0,76.1,2.86,23.8,1.589,0
2025-10-10,TR010,OP035,Crusher,70.04,27.5,32.1,110.9,2.71,25.8,2.547,0
2025-12-01,TR029,OP023,Crusher,87.85,41.51,49.9,128.3,2.54,34.6,2.116,0
2025-04-17,TR012,OP047,Crusher,110.54,40.35,12.5,74.5,2.92,37.9,2.74,0
2025-09-20,TR022,OP006,West Pit,21.11,8.94,16.7,215.4,0.64,33.0,2.361,0
2025-06-09,TR005,OP001,Crusher,96.5,36.26,44.9,146.8,3.14,30.7,2.661,0
2025-01-01,TR010,OP038,North Pit,51.5,24.83,9.5,47.3,1.62,31.8,2.074,0
2025-05-01,TR014,OP037,South Pit,82.01,38.45,35.1,40.7,2.67,30.7,2.133,0
2025-03-24,TR019,OP013,North Pit,119.91,41.88,62.5,73.6,5.27,22.7,2.863,0
2025-03-14,TR005,OP042,Stockpile,61.95,25.79,73.7,58.5,2.59,23.9,2.402,0
2025-11-29,TR013,OP031,East Pit,102.11,46.55,64.9,108.0,5.67,18.0,2.194,0
2025-02-26,TR003,OP027,West Pit,106.72,55.71,44.1,45.2,5.15,20.7,1.916,0
2025-10-21,TR008,OP039,Stockpile,35.55,15.22,44.4,198.1,1.95,18.2,2.336,0
2025-03-09,TR027,OP034,Crusher,13.95,8.32,8.9,134.8,0.4,34.5,1.677,0
2025-09-04,TR029,OP006,East Pit,19.23,10.35,25.6,128.7,0.69,27.7,1.858,0
2025-02-05,TR020,OP014,Stockpile,104.88,50.71,42.9,175.6,3.43,30.6,2.068,0
2025-08-12,TR001,OP041,North Pit,108.71,36.91,31.7,239.7,3.78,28.8,2.945,0
2025-07-17,TR018,OP026,Crusher,90.64,96.95,45.0,47.6,4.07,22.3,0.935,1
2025-11-17,TR004,OP002,East Pit,32.24,13.61,16.4,108.8,1.09,29.6,2.369,0
2025-03-21,TR023,OP038,North Pit,112.91,43.05,42.6,107.6,4.31,26.2,2.623,0
2025-12-15,TR021,OP017,Crusher,118.83,65.27,70.4,185.8,5.97,19.9,1.821,0
2025-03-21,TR021,OP004,North Pit,51.18,33.68,60.2,70.6,1.45,35.2,1.52,0
2025-07-07,TR018,OP005,West Pit,70.95,39.13,72.4,96.6,2.51,28.3,1.813,0
2025-10-29,TR025,OP011,South Pit,83.75,36.9,63.2,178.0,3.15,26.6,2.27,0
2025-02-18,TR010,OP004,North Pit,102.67,57.89,29.9,53.1,4.66,22.0,1.774,0
2025-03-28,TR008,OP044,Stockpile,113.87,47.24,40.6,105.5,5.33,21.4,2.41,0
2025-06-25,TR024,OP030,Stockpile,27.05,11.54,10.6,131.8,0.84,32.4,2.344,0
2025-02-26,TR004,OP017,Crusher,116.84,52.06,60.2,147.9,3.52,33.2,2.244,0
2025-09-18,TR013,OP046,Crusher,47.17,19.38,6.5,128.3,2.47,19.1,2.434,0
2025-05-03,TR002,OP034,Stockpile,115.42,59.59,37.6,74.3,5.19,22.2,1.937,0
2025-06-25,TR006,OP004,West Pit,53.08,35.8,76.2,152.8,1.55,34.3,1.483,0
2025-12-13,TR025,OP016,South Pit,54.79,17.89,5.7,193.6,2.42,22.7,3.063,0
2025-12-23,TR010,OP015,West Pit,78.0,30.64,53.1,174.6,2.4,32.5,2.546,0
2025-01-20,TR016,OP016,North Pit,75.89,34.3,71.8,79.7,2.17,35.0,2.213,0
2025-08-21,TR014,OP025,West Pit,8.55,7.14,70.2,100.0,0.3,28.7,1.197,0
2025-01-08,TR012,OP033,South Pit,11.68,11.49,46.5,60.7,0.31,38.0,1.017,0
2025-03-09,TR007,OP046,Stockpile,79.4,38.65,15.3,47.6,2.69,29.6,2.054,0
2025-11-10,TR015,OP031,West Pit,88.19,51.01,72.9,119.2,3.72,23.7,1.729,0
2025-01-25,TR027,OP037,North Pit,30.62,11.92,12.1,186.9,1.01,30.2,2.569,0
2025-11-15,TR011,OP033,South Pit,101.74,39.28,88.3,221.4,3.95,25.8,2.59,0
2025-11-09,TR018,OP033,South Pit,79.67,45.83,39.6,73.9,3.62,22.0,1.738,0
2025-04-16,TR025,OP036,South Pit,62.58,22.17,18.1,135.2,2.21,28.3,2.823,0
2025-10-26,TR004,OP027,Crusher,88.62,37.8,32.5,185.5,3.11,28.5,2.344,0
2025-01-24,TR008,OP006,West Pit,92.76,42.12,86.0,173.5,4.46,20.8,2.202,0
2025-04-09,TR020,OP017,North Pit,89.43,33.7,16.1,93.6,3.17,28.2,2.654,0
2025-05-05,TR015,OP020,Stockpile,80.39,31.72,5.1,66.2,4.21,19.1,2.534,0
2025-11-19,TR029,OP013,Crusher,116.76,43.01,52.9,132.2,3.42,34.2,2.715,0
2025-10-10,TR003,OP027,Stockpile,72.53,98.99,86.6,130.2,3.64,19.9,0.733,1
2025-12-30,TR003,OP036,Stockpile,14.97,7.66,27.6,93.1,0.51,29.1,1.954,0
2025-07-15,TR024,OP029,Crusher,47.55,19.62,6.0,90.3,1.66,28.7,2.424,0
2025-07-06,TR001,OP034,West Pit,17.28,19.33,88.3,148.7,0.89,19.3,0.894,0
2025-05-29,TR018,OP018,West Pit,76.72,30.88,60.7,123.7,4.18,18.3,2.484,0
2025-06-15,TR001,OP050,Crusher,44.99,29.54,83.7,50.3,1.5,30.0,1.523,0
2025-11-25,TR026,OP047,West Pit,25.84,10.52,21.0,53.3,0.73,35.2,2.456,0
2025-03-13,TR019,OP020,North Pit,43.76,18.24,73.5,134.8,2.05,21.3,2.399,0
2025-08-06,TR025,OP032,East Pit,114.72,62.18,86.1,189.0,4.97,23.1,1.845,0
2025-10-06,TR016,OP031,Stockpile,53.23,29.27,81.6,66.0,1.48,35.9,1.819,0
2025-06-26,TR020,OP023,South Pit,35.11,18.69,57.9,212.8,0.97,36.0,1.879,0
2025-02-26,TR009,OP010,South Pit,8.57,5.75,27.2,149.5,0.28,31.1,1.49,0
2025-10-14,TR010,OP006,South Pit,12.56,10.43,55.1,225.2,0.59,21.3,1.204,0
2025-07-10,TR001,OP026,South Pit,26.1,12.46,10.9,236.5,1.27,20.6,2.095,0
2025-02-13,TR023,OP011,Crusher,14.09,8.99,37.9,184.9,0.45,31.0,1.567,0
2025-05-11,TR007,OP007,South Pit,87.9,43.27,50.0,141.1,4.26,20.6,2.031,0
2025-03-06,TR005,OP023,Stockpile,46.83,30.24,39.1,140.4,1.83,25.5,1.549,0
2025-10-01,TR005,OP049,North Pit,43.73,17.71,31.6,231.2,1.73,25.3,2.469,0
2025-05-25,TR028,OP043,West Pit,85.39,29.21,36.3,115.0,2.44,34.9,2.923,0
2025-05-14,TR021,OP038,West Pit,22.45,19.82,83.8,65.7,0.79,28.5,1.133,0
2025-05-17,TR009,OP023,East Pit,107.55,62.11,77.5,202.0,3.16,34.0,1.732,0
2025-05-07,TR003,OP047,East Pit,11.04,10.15,31.7,233.0,0.31,35.8,1.088,0
2025-07-17,TR028,OP036,East Pit,84.11,25.69,5.4,235.1,2.67,31.5,3.274,0
2025-03-14,TR005,OP030,East Pit,95.52,33.32,56.8,135.3,4.84,19.7,2.867,0
2025-12-12,TR022,OP038,Stockpile,71.87,40.97,48.9,148.2,2.68,26.8,1.754,0
2025-05-13,TR027,OP041,East Pit,94.45,37.38,32.6,206.0,3.31,28.5,2.527,0
2025-06-02,TR018,OP050,West Pit,24.23,13.62,35.7,164.3,1.03,23.6,1.779,0
2025-09-19,TR027,OP029,South Pit,101.21,37.12,18.8,198.3,2.69,37.6,2.727,0
2025-01-02,TR019,OP014,West Pit,92.44,41.92,60.6,128.1,3.91,23.7,2.205,0
2025-05-12,TR006,OP012,North Pit,37.39,19.28,70.9,75.1,1.76,21.3,1.939,0
2025-08-06,TR022,OP047,West Pit,103.07,34.8,6.9,180.5,3.25,31.7,2.962,0
2025-05-07,TR025,OP018,Stockpile,76.12,33.78,24.3,54.1,2.99,25.4,2.253,0
2025-02-27,TR029,OP038,South Pit,38.95,21.88,15.0,72.8,1.52,25.7,1.78,0
2025-07-10,TR023,OP022,East Pit,45.78,45.16,40.9,50.1,1.31,34.8,1.014,1
2025-11-28,TR030,OP009,West Pit,100.17,51.21,82.8,201.3,3.07,32.6,1.956,0
2025-02-23,TR002,OP009,East Pit,45.51,25.72,26.9,106.5,1.35,33.6,1.769,0
2025-08-04,TR030,OP010,North Pit,71.76,37.63,59.6,158.2,2.71,26.5,1.907,0
2025-05-20,TR022,OP028,East Pit,55.95,21.06,14.1,162.7,1.72,32.6,2.657,0
2025-08-17,TR012,OP020,West Pit,105.51,48.61,81.7,175.6,2.8,37.6,2.171,0
2025-10-20,TR025,OP043,East Pit,35.47,26.01,78.5,142.0,1.1,32.1,1.364,0
2025-08-14,TR003,OP014,East Pit,57.98,24.94,46.1,151.9,1.82,31.8,2.325,0
2025-02-11,TR015,OP038,North Pit,48.91,27.27,47.1,138.6,2.32,21.1,1.794,0
2025-11-03,TR002,OP048,East Pit,57.37,29.72,57.7,67.6,2.59,22.2,1.93,0
2025-09-04,TR008,OP014,South Pit,116.28,52.53,33.3,153.3,6.15,18.9,2.214,0
2025-03-02,TR007,OP044,Stockpile,110.69,54.82,48.1,188.6,4.68,23.6,2.019,0
2025-09-04,TR018,OP035,West Pit,28.94,15.83,23.8,153.2,0.8,36.1,1.828,0
2025-05-26,TR018,OP023,West Pit,109.37,42.23,33.9,213.7,3.68,29.7,2.59,0
2025-03-18,TR007,OP047,North Pit,119.15,49.62,59.8,75.8,3.38,35.3,2.401,0
2025-06-06,TR004,OP009,North Pit,89.53,103.07,60.1,239.8,2.92,30.7,0.869,1
2025-12-12,TR028,OP004,South Pit,39.36,15.34,13.3,228.6,1.31,30.0,2.566,0
2025-04-25,TR017,OP004,East Pit,100.3,40.51,14.0,113.5,3.74,26.8,2.476,0
2025-05-05,TR017,OP034,East Pit,72.28,43.2,31.1,192.3,3.36,21.5,1.673,0
2025-01-02,TR021,OP033,Stockpile,108.62,57.42,19.7,104.6,3.33,32.6,1.892,0
2025-07-08,TR027,OP027,East Pit,85.44,47.7,29.0,153.7,2.6,32.9,1.791,0
2025-04-08,TR015,OP007,West Pit,24.9,17.27,63.4,110.1,0.7,35.6,1.442,0
2025-02-06,TR009,OP050,South Pit,67.01,79.07,71.5,112.3,3.17,21.1,0.847,1
2025-08-12,TR022,OP012,South Pit,95.74,49.35,71.4,158.9,5.23,18.3,1.94,0
2025-08-10,TR018,OP015,West Pit,58.3,33.96,53.0,127.8,1.93,30.3,1.717,0
2025-05-29,TR018,OP030,North Pit,69.19,36.2,79.6,188.8,3.57,19.4,1.911,0
2025-04-05,TR030,OP049,Crusher,97.24,52.51,70.3,170.0,3.32,29.3,1.852,0
2025-10-28,TR019,OP003,South Pit,72.19,34.37,7.2,190.4,2.12,34.0,2.1,0
2025-04-28,TR025,OP040,South Pit,36.82,22.96,88.2,127.9,1.49,24.7,1.604,0
2025-09-24,TR027,OP004,East Pit,102.39,58.84,42.1,67.0,4.4,23.3,1.74,0
2025-09-24,TR008,OP032,North Pit,68.51,77.27,43.4,41.7,2.47,27.7,0.887,1
2025-12-22,TR002,OP038,Stockpile,16.2,10.69,78.7,77.8,0.6,27.0,1.515,0
2025-04-03,TR019,OP022,North Pit,82.47,46.8,18.8,129.1,3.48,23.7,1.762,0
2025-08-04,TR024,OP013,West Pit,81.64,32.99,67.4,116.9,2.33,35.0,2.475,0
2025-10-08,TR011,OP011,North Pit,83.22,40.56,50.7,66.7,3.38,24.7,2.052,0
2025-10-04,TR019,OP042,Stockpile,63.02,24.03,31.0,209.8,1.96,32.1,2.623,0
2025-04-28,TR017,OP035,East Pit,50.33,22.55,19.0,67.4,2.04,24.6,2.232,0
2025-03-08,TR010,OP044,Stockpile,111.06,47.62,42.0,60.6,4.58,24.3,2.332,0
2025-06-29,TR030,OP016,Stockpile,52.58,27.33,12.0,126.0,1.67,31.5,1.924,0
2025-01-18,TR001,OP026,East Pit,84.87,38.91,68.7,40.7,2.93,29.0,2.181,0
2025-03-18,TR026,OP041,Stockpile,76.13,28.96,39.7,126.9,2.02,37.7,2.629,0
2025-04-01,TR025,OP026,West Pit,50.08,31.73,65.9,201.5,1.37,36.6,1.578,0
2025-05-09,TR002,OP046,North Pit,36.2,21.47,77.6,90.6,1.12,32.3,1.686,0
2025-05-03,TR021,OP009,Stockpile,84.04,38.09,8.5,186.0,3.4,24.7,2.206,0
2025-01-09,TR011,OP031,Stockpile,75.24,34.59,87.2,159.5,2.73,27.5,2.175,0
2025-01-24,TR006,OP009,Stockpile,17.53,15.91,81.8,159.3,0.49,35.5,1.102,0
2025-04-15,TR021,OP048,West Pit,10.8,8.87,49.4,202.9,0.44,24.4,1.218,0
2025-10-29,TR001,OP027,Stockpile,56.05,18.59,8.7,89.0,2.54,22.1,3.015,0
2025-03-02,TR025,OP012,North Pit,27.31,16.11,46.2,133.5,0.9,30.4,1.695,0
2025-03-29,TR001,OP048,North Pit,91.86,35.07,13.7,166.3,3.19,28.8,2.619,0
2025-08-02,TR001,OP042,West Pit,63.02,24.99,59.9,61.5,2.0,31.5,2.522,0
2025-12-23,TR007,OP020,Stockpile,9.38,11.64,66.6,151.5,0.48,19.5,0.806,0
2025-07-05,TR029,OP034,North Pit,112.0,57.74,33.4,226.5,5.01,22.3,1.94,0
2025-06-23,TR013,OP032,East Pit,113.31,45.4,31.2,220.7,5.29,21.4,2.496,0
2025-11-16,TR026,OP044,South Pit,59.62,34.81,42.2,125.3,3.07,19.4,1.713,0
2025-11-29,TR004,OP032,South Pit,108.2,41.27,20.2,85.8,4.53,23.9,2.622,0
2025-06-29,TR017,OP038,West Pit,66.78,28.36,60.9,54.0,3.42,19.5,2.355,0
2025-05-10,TR021,OP025,Crusher,114.63,75.9,42.1,146.5,5.42,21.1,1.51,1
2025-01-30,TR019,OP016,Crusher,62.91,25.19,57.6,40.6,1.9,33.0,2.497,0
2025-08-03,TR029,OP006,Stockpile,66.46,28.14,38.0,48.7,3.03,21.9,2.362,0
2025-01-09,TR004,OP048,Stockpile,87.32,37.25,63.9,75.9,4.47,19.5,2.344,0
2025-07-25,TR006,OP025,Crusher,38.82,16.57,25.0,228.8,1.43,27.2,2.343,0
2025-02-21,TR015,OP038,Crusher,33.08,21.9,55.4,187.9,1.36,24.4,1.511,0
2025-06-13,TR025,OP019,Stockpile,52.27,21.82,17.2,53.7,2.33,22.5,2.396,0
2025-09-02,TR004,OP026,North Pit,74.1,42.32,87.5,73.6,2.0,37.0,1.751,0
2025-08-13,TR025,OP048,Crusher,70.7,27.74,43.3,68.5,1.96,36.1,2.549,0
2025-05-12,TR016,OP036,West Pit,56.02,28.1,30.5,220.1,1.65,33.9,1.994,0
2025-05-24,TR006,OP032,East Pit,88.28,32.6,34.5,49.5,2.32,38.0,2.708,0
2025-05-14,TR029,OP040,North Pit,25.18,12.77,27.1,186.5,0.73,34.6,1.972,0
2025-02-20,TR007,OP002,North Pit,71.64,37.02,35.1,194.4,1.91,37.6,1.935,0
2025-02-17,TR008,OP021,Stockpile,30.92,25.33,80.6,195.7,1.28,24.1,1.221,0
2025-12-29,TR010,OP039,East Pit,117.59,51.37,67.5,158.5,6.23,18.9,2.289,0
2025-06-02,TR027,OP010,Stockpile,70.18,40.37,62.4,220.7,1.86,37.7,1.738,0
2025-02-10,TR023,OP004,South Pit,85.19,47.68,89.7,81.5,2.31,36.9,1.787,0
2025-05-20,TR030,OP045,West Pit,105.09,45.76,42.3,95.1,3.33,31.5,2.297,0
2025-04-03,TR013,OP012,West Pit,116.27,65.82,42.8,232.9,5.8,20.0,1.766,0
2025-11-30,TR003,OP003,Crusher,92.07,53.57,36.4,123.1,2.75,33.5,1.719,0
2025-01-27,TR019,OP010,West Pit,75.3,42.07,16.2,58.9,2.31,32.6,1.79,0
2025-05-30,TR014,OP019,South Pit,117.55,40.54,40.4,101.4,5.67,20.7,2.9,0
2025-09-13,TR027,OP019,East Pit,85.56,39.26,80.0,127.1,4.03,21.2,2.179,0
2025-01-03,TR004,OP006,Crusher,87.82,35.25,82.9,99.0,2.9,30.3,2.491,0
2025-07-15,TR007,OP036,Crusher,88.04,50.05,87.8,223.3,2.63,33.5,1.759,0
2025-02-22,TR006,OP041,Stockpile,105.22,44.28,89.9,44.2,3.52,29.9,2.376,0
2025-09-06,TR024,OP019,South Pit,101.98,54.89,22.5,105.7,3.96,25.8,1.858,0
2025-08-02,TR021,OP040,North Pit,85.06,30.8,68.1,105.1,3.82,22.3,2.762,0
2025-11-25,TR017,OP047,East Pit,38.96,18.7,80.2,80.3,1.35,28.9,2.083,0
2025-10-15,TR014,OP007,South Pit,64.94,24.4,68.8,102.7,2.0,32.5,2.661,0
2025-05-14,TR003,OP008,Stockpile,46.64,33.75,86.9,60.1,1.59,29.4,1.382,0
2025-03-19,TR012,OP030,East Pit,65.89,24.76,9.6,150.1,2.23,29.6,2.661,0
2025-06-02,TR030,OP030,Stockpile,104.03,43.68,5.1,169.4,3.9,26.7,2.382,0
2025-02-11,TR005,OP043,Stockpile,55.32,19.17,13.6,137.3,1.7,32.6,2.886,0
2025-08-28,TR030,OP030,South Pit,36.13,13.47,21.1,222.1,1.54,23.4,2.682,0
2025-09-07,TR014,OP017,Crusher,34.54,11.79,18.9,176.4,1.71,20.1,2.93,0
2025-05-29,TR002,OP011,Crusher,56.75,36.52,56.2,148.9,2.02,28.1,1.554,0
2025-11-30,TR002,OP048,East Pit,88.97,28.32,6.5,188.6,4.76,18.7,3.142,0
2025-02-13,TR001,OP032,East Pit,119.02,42.44,57.7,143.0,6.39,18.6,2.804,0
2025-02-10,TR009,OP049,East Pit,16.64,9.32,23.6,63.6,0.5,33.0,1.785,0
2025-12-03,TR022,OP003,West Pit,8.96,8.44,47.3,176.4,0.32,27.7,1.062,0
2025-10-11,TR003,OP045,Crusher,76.96,34.86,70.5,118.6,2.92,26.4,2.208,0
2025-09-16,TR027,OP033,Stockpile,14.7,5.97,13.1,83.2,0.73,20.2,2.462,0
2025-10-05,TR030,OP039,Crusher,40.13,18.83,50.6,167.7,1.34,30.1,2.131,0
2025-04-10,TR029,OP016,Crusher,44.61,16.95,68.2,58.6,1.71,26.1,2.632,0
2025-05-09,TR023,OP048,West Pit,88.42,58.24,89.0,132.6,2.82,31.3,1.518,0
2025-12-02,TR008,OP041,South Pit,11.18,7.97,64.1,226.6,0.35,32.3,1.403,0
2025-07-15,TR018,OP019,North Pit,118.3,46.01,84.8,109.8,6.27,18.9,2.571,0
2025-11-06,TR027,OP031,North Pit,36.88,24.27,55.1,200.2,1.47,25.1,1.52,0
2025-05-08,TR011,OP018,South Pit,89.46,40.4,14.7,115.1,2.75,32.5,2.214,0
2025-03-02,TR030,OP042,Crusher,68.9,40.27,73.9,132.1,3.02,22.8,1.711,0
2025-04-03,TR028,OP044,East Pit,15.43,16.46,89.5,96.8,0.41,37.9,0.937,0
2025-09-18,TR030,OP023,South Pit,48.8,21.33,65.7,214.7,1.76,27.8,2.288,0
2025-07-01,TR018,OP001,South Pit,25.62,21.43,80.2,63.4,0.99,26.0,1.196,0
2025-09-11,TR017,OP022,East Pit,107.63,38.76,67.4,161.6,3.13,34.4,2.777,0
2025-12-09,TR016,OP018,Crusher,40.2,19.05,57.6,53.4,1.47,27.3,2.11,0
2025-04-16,TR029,OP006,Crusher,84.93,43.72,8.1,121.8,2.36,35.9,1.943,0
2025-10-07,TR025,OP028,North Pit,49.07,20.62,82.3,93.9,1.42,34.6,2.38,0
2025-05-30,TR021,OP021,Crusher,26.45,19.5,68.8,85.1,1.39,19.0,1.356,0
2025-09-02,TR030,OP038,Stockpile,68.25,24.44,5.8,154.5,2.1,32.5,2.793,0
2025-02-04,TR028,OP037,Stockpile,53.9,24.78,83.2,52.3,2.36,22.8,2.175,0
2025-01-31,TR007,OP011,South Pit,75.8,34.32,57.3,82.9,4.04,18.7,2.209,0
2025-12-09,TR018,OP020,East Pit,40.29,19.69,55.6,133.8,1.09,37.1,2.046,0
2025-06-21,TR008,OP043,Crusher,110.56,64.7,59.9,228.8,3.13,35.3,1.709,0
2025-09-10,TR020,OP005,Crusher,94.79,38.08,57.1,208.2,3.51,27.0,2.489,0
2025-04-25,TR029,OP021,North Pit,29.71,18.17,76.6,52.9,0.86,34.5,1.635,0
2025-06-26,TR018,OP022,South Pit,53.71,30.47,35.3,118.6,1.56,34.5,1.763,0
2025-01-17,TR008,OP004,North Pit,37.24,18.68,9.2,144.7,1.63,22.8,1.994,0
2025-09-26,TR022,OP007,Stockpile,104.25,52.99,28.7,95.9,4.87,21.4,1.967,0
2025-12-12,TR008,OP001,North Pit,72.18,35.78,68.2,155.9,3.32,21.8,2.017,0
2025-11-08,TR024,OP006,South Pit,71.99,27.55,24.6,213.9,2.06,34.9,2.613,0
2025-12-16,TR006,OP016,Crusher,105.49,57.36,73.3,64.5,4.03,26.2,1.839,0
2025-12-24,TR029,OP046,Crusher,97.49,48.72,25.3,203.3,3.1,31.5,2.001,0
2025-04-11,TR022,OP029,South Pit,42.83,17.8,31.1,194.9,2.11,20.3,2.406,0
2025-11-30,TR024,OP012,North Pit,11.64,4.69,13.1,67.5,0.36,32.3,2.482,0
2025-06-25,TR018,OP022,Crusher,105.64,59.58,75.0,49.7,2.86,36.9,1.773,0
2025-07-26,TR023,OP033,Stockpile,101.8,45.92,50.5,237.0,3.24,31.5,2.217,0
2025-07-25,TR003,OP047,South Pit,9.66,10.01,65.9,226.0,0.36,27.0,0.965,0
2025-02-04,TR009,OP032,North Pit,28.04,13.01,24.0,48.5,1.16,24.2,2.155,0
2025-02-23,TR028,OP018,Stockpile,49.69,19.81,5.4,62.8,1.78,27.9,2.508,0
2025-08-21,TR028,OP049,East Pit,107.83,40.54,68.8,196.3,4.97,21.7,2.66,0
2025-10-10,TR030,OP018,Crusher,51.71,28.44,18.2,157.3,1.79,28.9,1.818,0
2025-03-01,TR029,OP031,Crusher,60.52,25.24,36.6,235.4,3.04,19.9,2.398,0
2025-07-20,TR017,OP028,North Pit,19.42,19.61,77.7,201.5,0.72,27.2,0.99,0
2025-07-05,TR030,OP035,Crusher,48.66,23.39,17.1,98.7,2.12,23.0,2.08,0
2025-04-24,TR029,OP035,Crusher,52.57,20.65,16.6,214.6,2.35,22.4,2.546,0
2025-02-11,TR030,OP027,Crusher,112.16,42.69,60.2,152.2,3.1,36.2,2.627,0
2025-09-19,TR023,OP021,South Pit,78.51,40.28,40.5,125.7,3.37,23.3,1.949,0
2025-07-09,TR009,OP038,Stockpile,15.52,8.89,42.4,227.3,0.49,31.7,1.746,0
2025-03-27,TR014,OP029,North Pit,65.65,29.8,67.2,206.9,2.49,26.4,2.203,0
2025-04-25,TR017,OP007,South Pit,19.97,10.67,7.9,213.7,1.08,18.5,1.872,0
2025-06-01,TR006,OP036,Crusher,99.78,55.95,57.3,94.6,3.81,26.2,1.783,0
2025-02-13,TR022,OP004,South Pit,98.25,45.85,82.0,162.4,3.43,28.7,2.143,0
2025-06-18,TR008,OP011,South Pit,98.62,48.74,16.5,185.0,2.8,35.2,2.023,0
2025-09-19,TR006,OP006,East Pit,38.0,17.26,18.6,235.0,1.13,33.5,2.202,0
2025-10-02,TR025,OP008,Stockpile,24.49,16.02,41.6,101.3,1.01,24.2,1.529,0
2025-06-08,TR005,OP012,Stockpile,14.34,9.12,41.3,69.0,0.66,21.8,1.572,0
2025-01-27,TR029,OP001,East Pit,84.04,33.33,68.3,138.1,3.3,25.5,2.521,0
2025-06-24,TR024,OP041,Stockpile,108.07,84.28,65.3,153.6,3.85,28.1,1.282,1
2025-10-29,TR011,OP040,South Pit,29.61,17.43,12.8,146.3,1.32,22.4,1.699,0
2025-12-10,TR030,OP014,West Pit,40.31,25.37,84.2,226.0,1.86,21.7,1.589,0
2025-11-12,TR023,OP047,Crusher,29.22,15.6,46.0,219.3,1.43,20.5,1.873,0
2025-02-20,TR026,OP028,South Pit,65.66,37.93,90.0,161.2,1.89,34.7,1.731,0
2025-06-07,TR005,OP012,East Pit,88.21,28.61,29.0,180.5,3.25,27.2,3.083,0
2025-12-18,TR004,OP022,East Pit,42.13,15.94,24.0,124.8,1.44,29.2,2.643,0
2025-08-21,TR026,OP021,South Pit,96.98,34.91,12.1,178.7,3.89,24.9,2.778,0
2025-06-26,TR016,OP038,Stockpile,15.23,14.83,45.8,184.2,0.4,37.8,1.027,0
2025-02-15,TR019,OP044,Stockpile,96.82,34.8,41.4,215.7,3.46,28.0,2.782,0
2025-08-14,TR010,OP039,Crusher,23.41,15.79,62.0,58.6,0.94,24.8,1.483,0
2025-07-05,TR016,OP035,North Pit,57.04,20.45,15.2,134.2,2.22,25.7,2.789,0
2025-03-31,TR021,OP020,South Pit,91.85,37.66,39.8,76.8,2.73,33.6,2.439,0
2025-12-15,TR028,OP032,South Pit,68.16,21.99,15.2,134.1,2.48,27.5,3.1,0
2025-08-30,TR017,OP019,North Pit,112.76,48.0,43.4,51.3,4.94,22.8,2.349,0
2025-11-11,TR004,OP017,Crusher,21.75,10.73,69.0,150.5,0.7,31.0,2.027,0
2025-06-01,TR019,OP038,East Pit,99.17,54.7,74.6,156.5,2.63,37.8,1.813,0
2025-06-02,TR028,OP002,South Pit,40.85,14.25,12.1,80.8,1.71,24.0,2.867,0
2025-10-24,TR029,OP027,East Pit,80.99,27.63,45.3,133.4,2.32,35.0,2.931,0
2025-03-18,TR021,OP012,North Pit,28.81,11.53,12.1,130.7,0.92,31.4,2.499,0
2025-06-26,TR001,OP020,North Pit,31.05,16.77,36.7,151.4,0.89,34.8,1.852,0
2025-08-22,TR008,OP002,Crusher,24.44,8.17,13.1,224.8,1.1,22.3,2.991,0
2025-04-20,TR028,OP025,South Pit,106.89,51.24,19.4,65.6,3.03,35.3,2.086,0
2025-05-05,TR010,OP013,Stockpile,49.6,19.28,38.4,142.6,1.63,30.5,2.573,0
2025-07-29,TR018,OP031,South Pit,21.66,15.28,42.9,134.1,0.99,21.8,1.418,0
2025-05-03,TR027,OP020,Stockpile,93.94,41.57,75.6,159.9,3.79,24.8,2.26,0
2025-12-17,TR008,OP040,Stockpile,72.23,31.06,65.7,171.1,2.32,31.1,2.325,0
2025-09-23,TR005,OP006,East Pit,106.34,52.47,65.4,177.1,4.23,25.1,2.027,0
2025-12-23,TR006,OP035,East Pit,28.38,15.96,37.4,52.7,0.9,31.5,1.778,0
2025-04-08,TR010,OP035,West Pit,21.62,12.46,11.7,135.9,0.98,22.0,1.735,0
2025-07-06,TR027,OP008,Stockpile,34.52,20.63,44.1,162.1,1.07,32.3,1.673,0
2025-06-28,TR006,OP011,East Pit,109.29,49.55,18.7,49.8,4.76,23.0,2.206,0
2025-05-12,TR001,OP036,North Pit,23.56,15.48,57.4,234.1,0.62,37.8,1.522,0
2025-04-04,TR001,OP002,Crusher,23.19,8.84,30.5,234.9,1.09,21.2,2.623,0
2025-11-24,TR027,OP050,North Pit,119.51,42.4,36.7,178.8,3.73,32.0,2.819,0
2025-05-14,TR028,OP022,East Pit,28.73,15.61,23.4,56.1,1.1,26.2,1.84,0
2025-06-14,TR017,OP035,Crusher,96.26,31.97,38.6,163.0,2.6,37.0,3.011,0
2025-06-02,TR012,OP037,South Pit,109.9,51.04,72.9,223.8,2.93,37.5,2.153,0
2025-09-10,TR014,OP025,West Pit,82.52,32.07,51.2,133.6,2.55,32.4,2.573,0
2025-04-04,TR021,OP026,Crusher,45.52,28.8,34.5,61.7,2.31,19.7,1.581,0
2025-10-03,TR005,OP042,South Pit,37.42,18.27,41.2,128.4,1.29,28.9,2.048,0
2025-08-12,TR026,OP044,South Pit,91.16,46.17,83.4,145.7,2.7,33.7,1.974,0
2025-01-24,TR024,OP035,South Pit,70.52,27.54,25.9,118.4,2.32,30.4,2.561,0
2025-07-13,TR029,OP024,South Pit,54.16,29.28,7.2,85.4,2.41,22.5,1.85,0
2025-05-29,TR019,OP011,Stockpile,38.83,21.58,26.1,217.0,1.39,27.9,1.799,0
2025-08-06,TR018,OP007,North Pit,99.26,41.71,75.7,41.6,3.08,32.2,2.38,0
2025-04-10,TR007,OP048,West Pit,95.8,42.24,56.3,202.0,2.79,34.4,2.268,0
2025-10-24,TR007,OP048,Crusher,56.9,18.87,8.6,102.3,2.19,26.0,3.015,0
2025-01-09,TR024,OP013,West Pit,67.96,21.61,12.6,122.6,3.51,19.4,3.145,0
2025-07-09,TR003,OP005,North Pit,18.92,11.07,67.0,231.7,0.81,23.3,1.709,0
2025-01-13,TR023,OP037,Stockpile,50.97,26.36,63.8,94.8,1.38,36.9,1.934,0
2025-04-10,TR022,OP007,South Pit,16.13,8.62,60.7,95.9,0.82,19.7,1.871,0
2025-04-17,TR009,OP003,North Pit,104.47,67.01,85.9,178.0,5.6,18.6,1.559,0
2025-11-26,TR017,OP049,Crusher,102.98,52.87,42.6,120.0,5.39,19.1,1.948,0
2025-06-17,TR010,OP034,East Pit,23.23,14.84,70.6,238.9,1.07,21.6,1.565,0
2025-03-27,TR013,OP012,North Pit,37.89,35.18,46.9,110.8,1.8,21.0,1.077,1
2025-01-21,TR030,OP034,Stockpile,30.99,16.86,38.7,96.5,1.04,29.9,1.838,0
2025-03-27,TR022,OP035,East Pit,52.41,26.09,36.5,133.2,1.67,31.4,2.009,0
2025-11-18,TR030,OP014,Crusher,80.98,36.32,34.8,127.1,3.01,26.9,2.23,0
2025-11-29,TR004,OP016,West Pit,86.87,40.39,8.5,223.0,2.81,30.9,2.151,0
2025-07-10,TR013,OP045,East Pit,37.99,21.76,39.7,156.0,1.12,34.0,1.746,0
2025-01-24,TR020,OP017,East Pit,39.21,14.06,6.7,228.9,1.04,37.9,2.789,0
2025-07-08,TR011,OP021,North Pit,82.21,41.8,65.6,87.5,2.59,31.7,1.967,0
2025-10-06,TR024,OP039,South Pit,69.69,36.68,17.2,99.4,2.1,33.2,1.9,0
2025-07-24,TR027,OP038,North Pit,117.13,67.26,89.7,208.1,3.37,34.8,1.741,0
2025-08-24,TR007,OP002,West Pit,87.93,52.28,89.5,68.9,3.24,27.2,1.682,0
2025-03-15,TR012,OP004,Crusher,32.92,11.49,23.2,211.7,0.96,34.3,2.865,0
2025-02-19,TR026,OP037,South Pit,39.86,24.89,46.8,158.1,1.89,21.1,1.601,0
2025-07-26,TR010,OP021,South Pit,81.87,36.06,50.9,153.0,2.42,33.8,2.27,0
2025-10-05,TR015,OP020,Crusher,85.47,56.24,75.6,142.9,2.96,28.9,1.52,0
2025-10-31,TR015,OP039,Stockpile,75.09,47.13,63.5,124.1,2.25,33.4,1.593,0
2025-01-06,TR001,OP021,West Pit,20.82,13.37,46.5,228.6,0.63,32.8,1.557,0
2025-09-03,TR009,OP002,Crusher,64.13,76.46,65.9,77.5,3.17,20.2,0.839,1
2025-11-09,TR009,OP034,East Pit,105.94,49.24,59.6,120.7,2.89,36.6,2.152,0
2025-01-08,TR002,OP023,Crusher,110.89,41.11,49.3,51.3,3.39,32.7,2.697,0
2025-05-18,TR027,OP022,North Pit,79.1,36.95,34.1,183.9,4.29,18.4,2.141,0
2025-10-29,TR027,OP029,West Pit,50.07,28.48,27.0,233.0,1.41,35.6,1.758,0
2025-07-29,TR011,OP014,Stockpile,83.36,49.15,81.9,62.9,3.35,24.9,1.696,0
2025-07-14,TR028,OP009,North Pit,97.66,42.54,15.8,121.8,4.65,21.0,2.296,0
2025-11-16,TR027,OP038,Stockpile,104.48,56.4,23.4,77.6,4.46,23.4,1.852,0
2025-06-25,TR019,OP041,Stockpile,67.17,35.43,62.0,84.3,1.99,33.8,1.896,0
2025-02-24,TR017,OP040,East Pit,22.41,20.51,60.1,129.9,0.6,37.0,1.093,0
2025-07-13,TR008,OP047,East Pit,105.33,47.08,58.3,122.6,4.52,23.3,2.237,0
2025-10-21,TR029,OP024,West Pit,99.16,49.08,73.8,62.6,3.65,27.2,2.02,0
2025-01-02,TR028,OP045,Stockpile,94.39,31.73,16.9,167.2,2.93,32.2,2.975,0
2025-05-08,TR012,OP022,South Pit,100.27,49.88,83.3,204.9,3.36,29.8,2.01,0
2025-02-12,TR012,OP036,South Pit,19.59,10.1,33.6,97.1,0.99,19.9,1.94,0
2025-08-12,TR023,OP015,North Pit,116.04,40.84,38.1,124.8,4.85,23.9,2.841,0
2025-03-05,TR028,OP020,Crusher,77.25,27.23,21.3,211.4,4.18,18.5,2.837,0
2025-12-02,TR018,OP046,West Pit,113.56,56.31,21.0,149.3,3.35,33.9,2.017,0
2025-07-26,TR003,OP046,East Pit,104.62,36.12,26.3,77.2,3.3,31.7,2.896,0
2025-06-13,TR022,OP019,Stockpile,32.86,25.25,72.0,115.5,1.34,24.5,1.301,0
2025-12-14,TR012,OP049,South Pit,31.08,19.44,83.0,42.2,1.63,19.0,1.599,0
2025-09-25,TR006,OP031,South Pit,21.29,15.83,64.9,78.3,0.61,34.9,1.345,0
2025-08-09,TR005,OP049,Stockpile,100.32,41.46,39.4,45.8,5.18,19.4,2.42,0
2025-12-01,TR025,OP013,East Pit,20.49,13.41,56.7,187.7,0.94,21.8,1.528,0
2025-07-02,TR029,OP050,South Pit,111.4,36.24,11.8,87.9,3.04,36.7,3.074,0
2025-10-07,TR029,OP032,West Pit,50.7,25.97,87.4,210.3,2.23,22.7,1.952,0
2025-01-10,TR025,OP032,North Pit,30.07,21.0,54.2,228.1,0.82,36.5,1.432,0
2025-03-16,TR010,OP005,Crusher,111.96,53.79,53.8,117.7,3.6,31.1,2.081,0
2025-09-28,TR013,OP003,Stockpile,82.41,26.79,10.3,65.1,2.67,30.9,3.076,0
2025-01-23,TR018,OP028,West Pit,80.16,32.85,15.6,127.8,3.43,23.4,2.44,0
2025-11-10,TR011,OP050,West Pit,88.76,37.81,41.2,219.4,2.4,37.0,2.348,0
2025-06-29,TR005,OP044,East Pit,60.46,66.36,45.8,202.5,2.53,23.9,0.911,1
2025-03-09,TR003,OP020,South Pit,52.49,22.3,41.5,128.9,1.39,37.8,2.354,0
2025-03-07,TR001,OP011,South Pit,55.59,27.33,21.9,157.9,1.83,30.4,2.034,0
2025-08-18,TR010,OP003,South Pit,65.21,24.84,22.3,187.7,2.94,22.2,2.625,0
2025-08-02,TR028,OP001,East Pit,77.54,31.75,54.1,61.4,2.28,34.0,2.442,0
2025-08-20,TR003,OP021,Crusher,52.96,20.53,27.8,197.6,2.12,24.9,2.58,0
2025-07-08,TR006,OP014,North Pit,37.15,19.31,46.6,83.7,1.53,24.2,1.924,0
2025-11-27,TR013,OP036,Crusher,104.18,42.99,87.2,53.6,3.14,33.2,2.423,0
2025-07-25,TR009,OP049,North Pit,52.9,31.16,27.9,166.8,2.0,26.5,1.698,0
2025-01-05,TR025,OP002,South Pit,97.93,33.34,44.2,205.9,3.37,29.1,2.937,0
2025-10-17,TR018,OP027,Stockpile,108.01,44.87,51.1,231.2,3.81,28.3,2.407,0
2025-05-28,TR015,OP025,East Pit,70.65,27.11,61.1,232.9,2.06,34.2,2.606,0
2025-03-12,TR016,OP009,South Pit,74.16,39.13,25.5,79.8,3.37,22.0,1.895,0
2025-07-28,TR003,OP049,North Pit,59.39,28.22,27.8,221.9,2.8,21.2,2.105,0
2025-03-07,TR020,OP015,South Pit,86.32,44.9,21.7,55.6,4.1,21.1,1.922,0
2025-07-16,TR004,OP039,East Pit,12.6,8.99,50.7,186.2,0.44,28.5,1.402,0
2025-05-06,TR013,OP026,North Pit,28.49,13.19,18.7,118.8,0.96,29.7,2.16,0
2025-05-05,TR030,OP006,East Pit,43.77,22.6,15.7,236.9,1.47,29.7,1.937,0
2025-06-04,TR014,OP026,East Pit,115.87,60.13,59.7,200.4,4.25,27.2,1.927,0
2025-12-02,TR018,OP007,North Pit,56.41,30.95,53.2,53.7,3.0,18.8,1.823,0
2025-04-14,TR009,OP020,North Pit,79.65,38.04,9.9,70.0,4.05,19.7,2.094,0
2025-10-06,TR018,OP048,North Pit,114.07,51.32,74.4,173.0,3.48,32.8,2.223,0
2025-08-09,TR004,OP036,East Pit,107.97,55.41,49.4,131.6,3.1,34.8,1.949,0
2025-02-23,TR022,OP029,South Pit,75.56,41.72,43.6,148.4,2.22,34.1,1.811,0
2025-06-27,TR012,OP012,East Pit,22.51,15.3,66.3,194.9,0.9,25.0,1.471,0
2025-08-14,TR003,OP015,North Pit,85.76,38.71,42.3,228.8,4.49,19.1,2.215,0
2025-01-10,TR016,OP049,North Pit,89.52,35.45,51.2,128.1,3.2,27.9,2.525,0
2025-05-27,TR001,OP031,Stockpile,19.6,14.28,79.1,58.0,0.6,32.7,1.373,0
2025-06-18,TR028,OP042,South Pit,69.0,29.2,87.1,136.2,3.15,21.9,2.363,0
2025-08-05,TR022,OP030,South Pit,73.05,34.35,82.9,58.8,3.71,19.7,2.127,0
2025-01-31,TR017,OP037,East Pit,109.47,53.6,82.8,94.2,3.56,30.8,2.042,0
2025-07-26,TR013,OP043,Crusher,37.2,15.36,11.5,188.3,1.62,23.0,2.422,0
2025-07-11,TR002,OP024,South Pit,103.79,50.09,13.1,93.0,4.8,21.6,2.072,0
2025-10-03,TR021,OP037,Crusher,66.81,32.52,83.7,43.5,1.91,35.1,2.054,0
2025-11-23,TR020,OP027,West Pit,113.79,70.84,72.6,238.7,3.5,32.5,1.606,0
2025-11-26,TR005,OP025,East Pit,91.65,49.38,30.1,161.7,4.66,19.7,1.856,0
2025-01-26,TR016,OP009,Stockpile,76.16,43.21,47.9,157.5,3.85,19.8,1.763,0
2025-08-11,TR028,OP011,West Pit,23.06,18.27,83.5,181.9,0.98,23.5,1.262,0
2025-04-20,TR002,OP029,East Pit,32.75,16.72,53.8,174.6,0.99,33.0,1.959,0
2025-07-06,TR014,OP037,West Pit,57.94,33.47,73.7,155.7,1.73,33.5,1.731,0
2025-11-23,TR017,OP006,Crusher,90.43,42.18,9.6,151.1,4.49,20.1,2.144,0
2025-04-16,TR017,OP028,South Pit,78.29,28.55,42.7,207.9,2.12,36.9,2.742,0
2025-03-19,TR009,OP038,Crusher,66.84,35.99,73.1,108.6,2.11,31.7,1.857,0
2025-10-27,TR009,OP005,East Pit,42.57,19.2,42.4,237.1,1.21,35.1,2.217,0
2025-04-27,TR010,OP048,East Pit,25.23,10.38,23.7,193.2,0.95,26.5,2.431,0
2025-12-23,TR011,OP030,Crusher,75.82,45.43,62.5,104.9,3.35,22.7,1.669,0
2025-12-06,TR017,OP043,West Pit,51.78,32.98,39.7,89.9,1.86,27.8,1.57,0
2025-04-29,TR028,OP032,West Pit,89.94,49.55,34.3,237.2,3.82,23.5,1.815,0
2025-07-20,TR009,OP003,West Pit,116.01,61.17,86.1,228.9,5.22,22.2,1.897,0
2025-05-07,TR013,OP049,West Pit,111.91,39.37,29.3,44.4,5.42,20.7,2.843,0
2025-12-19,TR001,OP038,West Pit,47.39,34.83,77.0,92.8,1.44,32.9,1.361,0
2025-04-13,TR006,OP024,Crusher,73.85,33.18,6.6,148.9,2.0,37.0,2.226,0
2025-04-24,TR007,OP009,Crusher,68.41,33.15,12.8,90.1,2.02,33.9,2.064,0
2025-12-26,TR003,OP034,South Pit,54.0,33.82,73.9,59.5,1.6,33.7,1.597,0
2025-03-12,TR020,OP038,Stockpile,112.71,44.28,72.6,223.7,3.78,29.8,2.545,0
2025-02-12,TR021,OP040,Stockpile,37.74,16.16,60.3,176.5,1.14,33.0,2.335,0
2025-07-08,TR014,OP027,Stockpile,50.94,22.19,19.0,176.0,1.6,31.8,2.296,0
2025-09-04,TR016,OP017,East Pit,28.38,17.59,57.1,219.2,0.83,34.3,1.613,0
2025-02-05,TR003,OP009,Crusher,99.04,33.35,42.6,83.3,5.24,18.9,2.97,0
2025-07-30,TR012,OP047,West Pit,53.66,18.39,26.3,169.0,2.05,26.2,2.918,0
2025-12-03,TR013,OP029,West Pit,40.89,23.95,41.5,83.0,1.42,28.9,1.707,0
2025-09-14,TR008,OP043,East Pit,97.67,43.51,19.4,89.5,4.5,21.7,2.245,0
2025-05-11,TR014,OP037,Stockpile,85.6,43.1,87.2,81.6,4.08,21.0,1.986,0
2025-09-20,TR014,OP019,Stockpile,15.45,10.57,40.1,223.1,0.61,25.5,1.462,0
2025-04-01,TR022,OP046,West Pit,26.08,16.59,35.1,130.0,0.73,35.6,1.572,0
2025-10-20,TR015,OP025,East Pit,51.86,33.37,62.1,190.7,2.77,18.7,1.554,0
2025-10-06,TR021,OP003,East Pit,54.28,19.8,27.9,180.4,1.87,29.0,2.741,0
2025-09-14,TR015,OP009,West Pit,101.3,35.21,44.7,66.3,3.21,31.6,2.877,0
2025-01-12,TR020,OP033,West Pit,104.88,37.67,55.8,135.3,3.41,30.8,2.784,0
2025-03-09,TR015,OP010,Stockpile,72.57,29.51,12.6,235.5,3.45,21.0,2.459,0
2025-06-09,TR019,OP014,West Pit,47.18,33.71,81.7,201.7,1.98,23.9,1.4,0
2025-10-20,TR025,OP031,East Pit,64.67,36.29,78.3,220.4,3.3,19.6,1.782,0
2025-06-05,TR009,OP009,Crusher,63.6,38.3,55.8,189.2,1.99,32.0,1.661,0
2025-08-14,TR025,OP027,Stockpile,37.15,27.6,64.9,106.5,1.4,26.6,1.346,0
2025-03-22,TR023,OP042,Stockpile,10.0,4.77,24.4,184.6,0.36,27.5,2.096,0
2025-12-14,TR030,OP010,West Pit,38.39,13.9,14.4,223.2,1.22,31.6,2.762,0
2025-07-10,TR010,OP016,North Pit,110.75,36.81,70.0,180.9,4.08,27.1,3.009,0
2025-02-16,TR021,OP046,South Pit,11.92,7.44,52.9,214.9,0.59,20.3,1.602,0
2025-03-31,TR004,OP017,Crusher,71.04,32.55,12.0,214.6,2.62,27.2,2.182,0
2025-05-06,TR018,OP021,West Pit,62.19,21.23,7.9,199.0,1.84,33.7,2.929,0
2025-10-21,TR015,OP009,East Pit,60.08,25.74,24.6,101.2,2.36,25.4,2.334,0
2025-02-15,TR020,OP020,North Pit,29.55,12.15,38.8,172.3,0.88,33.6,2.432,0
2025-11-16,TR001,OP018,West Pit,60.05,29.5,36.4,69.6,2.29,26.2,2.036,0
2025-09-18,TR007,OP040,East Pit,12.09,18.57,89.2,79.5,0.53,22.8,0.651,0
2025-08-27,TR016,OP030,Crusher,17.84,8.25,36.1,135.6,0.55,32.4,2.162,0
2025-12-13,TR007,OP022,West Pit,17.22,9.1,33.7,238.7,0.72,24.0,1.892,0
2025-10-11,TR024,OP050,Crusher,104.87,39.26,49.4,80.0,3.06,34.3,2.671,0
2025-01-09,TR023,OP040,South Pit,119.74,42.57,50.7,117.4,3.17,37.7,2.813,0
2025-06-09,TR016,OP011,Crusher,38.89,20.4,70.8,120.1,1.25,31.2,1.906,0
2025-06-19,TR018,OP015,North Pit,23.24,16.44,82.9,48.1,1.02,22.8,1.414,0
2025-04-22,TR025,OP043,Crusher,37.29,21.9,25.5,139.5,1.46,25.6,1.703,0
2025-10-03,TR021,OP043,North Pit,60.42,22.23,5.3,103.4,2.07,29.1,2.718,0
2025-08-15,TR014,OP007,North Pit,40.26,27.64,54.4,188.6,2.03,19.9,1.457,0
2025-03-27,TR012,OP010,West Pit,54.08,24.08,49.2,178.2,2.45,22.1,2.246,0
2025-06-18,TR028,OP022,Stockpile,43.34,17.59,57.9,212.7,1.47,29.4,2.464,0
2025-03-24,TR014,OP046,Stockpile,36.74,19.91,9.5,93.9,2.01,18.3,1.845,0
2025-06-09,TR014,OP020,West Pit,71.84,28.39,69.3,187.1,2.7,26.6,2.53,0
2025-03-10,TR015,OP048,South Pit,101.83,60.08,68.9,204.0,5.18,19.6,1.695,0
2025-08-09,TR020,OP011,South Pit,75.72,33.89,12.8,120.5,2.01,37.7,2.234,0
2025-03-03,TR028,OP040,South Pit,58.5,24.6,62.2,49.7,2.75,21.2,2.378,0
2025-09-07,TR002,OP011,Crusher,57.73,31.53,57.1,83.3,2.85,20.2,1.831,0
2025-02-11,TR029,OP043,North Pit,21.32,11.85,60.2,43.7,0.67,31.8,1.799,0
2025-04-08,TR009,OP008,North Pit,100.94,48.14,5.3,209.9,2.76,36.6,2.097,0
2025-10-06,TR014,OP007,Crusher,22.01,12.54,41.2,122.1,0.77,28.6,1.755,0
2025-06-20,TR027,OP042,North Pit,52.74,21.27,23.8,48.2,1.47,35.8,2.48,0
2025-04-15,TR001,OP019,Crusher,108.22,46.33,14.1,125.4,5.5,19.7,2.336,0
2025-01-12,TR025,OP046,East Pit,31.2,19.18,32.2,109.9,1.09,28.6,1.627,0
2025-06-01,TR004,OP030,Crusher,30.54,18.28,31.6,74.2,1.38,22.1,1.671,0
2025-07-23,TR023,OP035,Stockpile,100.64,47.74,47.1,162.2,2.65,37.9,2.108,0
2025-09-18,TR026,OP009,Stockpile,94.89,40.59,73.7,67.5,3.71,25.6,2.338,0
2025-02-28,TR025,OP003,West Pit,101.69,101.84,69.3,223.3,2.79,36.4,0.999,1
2025-07-26,TR014,OP041,Crusher,104.24,34.06,17.2,140.3,4.38,23.8,3.06,0
2025-04-29,TR026,OP003,East Pit,49.14,23.12,26.9,124.8,2.11,23.3,2.125,0
2025-10-07,TR016,OP012,Stockpile,100.48,50.78,9.6,109.7,4.51,22.3,1.979,0
2025-02-11,TR030,OP036,South Pit,57.22,28.03,9.0,204.4,2.07,27.6,2.041,0
2025-01-02,TR029,OP023,South Pit,92.21,51.35,11.5,226.6,4.39,21.0,1.796,0
2025-12-24,TR022,OP034,East Pit,24.94,17.44,86.1,134.8,1.37,18.2,1.43,0
2025-04-16,TR020,OP017,West Pit,50.1,27.63,24.3,166.3,2.36,21.3,1.813,0
2025-05-04,TR027,OP017,South Pit,65.93,25.64,32.0,180.0,2.61,25.2,2.571,0
2025-03-08,TR003,OP045,Crusher,115.6,40.31,25.0,128.3,4.04,28.6,2.868,0
2025-05-27,TR021,OP038,South Pit,25.5,9.19,15.9,123.5,0.82,31.2,2.775,0
2025-01-06,TR024,OP029,West Pit,91.64,40.64,14.5,150.8,4.66,19.7,2.255,0
2025-06-29,TR023,OP028,Stockpile,73.92,31.11,63.1,181.1,2.41,30.6,2.376,0
2025-07-20,TR022,OP044,South Pit,104.14,42.6,46.1,80.8,3.17,32.9,2.445,0
2025-01-03,TR021,OP014,Stockpile,82.6,45.33,42.4,126.2,2.86,28.9,1.822,0
2025-01-01,TR029,OP042,West Pit,55.62,21.35,16.7,92.5,2.69,20.7,2.605,0
2025-10-06,TR007,OP020,South Pit,8.31,5.27,37.5,236.4,0.29,28.6,1.577,0
2025-12-24,TR029,OP007,West Pit,116.93,53.64,55.2,171.7,3.16,37.1,2.18,0
2025-01-20,TR014,OP007,North Pit,118.88,68.33,37.9,229.8,3.42,34.8,1.74,0
2025-07-07,TR015,OP010,Crusher,80.4,31.95,32.5,141.2,3.9,20.6,2.516,0
2025-12-10,TR002,OP010,North Pit,50.71,16.75,25.7,218.8,2.51,20.2,3.027,0
2025-02-19,TR024,OP041,South Pit,37.97,18.56,21.6,194.4,1.29,29.3,2.046,0
2025-11-11,TR028,OP043,North Pit,53.03,19.79,7.7,68.5,2.15,24.7,2.68,0
2025-09-05,TR009,OP015,East Pit,72.37,33.86,75.5,168.0,2.57,28.2,2.137,0
2025-05-29,TR006,OP040,Stockpile,90.52,43.6,89.6,100.6,3.0,30.1,2.076,0
2025-09-19,TR016,OP014,East Pit,54.01,30.79,81.3,124.1,2.39,22.6,1.754,0
2025-06-19,TR016,OP030,Crusher,16.22,5.39,5.1,189.3,0.49,33.1,3.009,0
2025-06-25,TR016,OP037,South Pit,87.02,29.51,55.7,53.2,4.65,18.7,2.949,0
2025-08-29,TR025,OP021,East Pit,113.41,47.04,37.9,197.3,5.95,19.1,2.411,0
2025-09-01,TR021,OP019,East Pit,39.12,19.23,11.6,142.9,1.14,34.4,2.034,0
2025-05-27,TR004,OP007,Stockpile,17.6,16.76,88.6,157.0,0.64,27.7,1.05,0
2025-05-22,TR025,OP027,Crusher,35.27,21.07,27.1,179.0,0.93,38.0,1.674,0
2025-04-05,TR013,OP026,Crusher,17.83,18.56,84.7,214.9,0.8,22.2,0.961,0
2025-08-02,TR002,OP041,Crusher,35.07,24.63,82.9,163.4,1.22,28.8,1.424,0
2025-01-23,TR023,OP043,East Pit,9.42,4.69,9.1,42.7,0.4,23.5,2.009,0
2025-10-18,TR001,OP003,South Pit,82.13,37.3,31.5,82.1,2.31,35.5,2.202,0
2025-11-12,TR029,OP046,North Pit,81.62,29.2,32.0,179.4,2.75,29.7,2.795,0
2025-06-01,TR012,OP043,Crusher,29.78,17.71,35.7,99.2,0.82,36.2,1.682,0
2025-02-24,TR021,OP009,South Pit,28.24,20.75,60.6,101.2,0.93,30.4,1.361,0
2025-05-08,TR006,OP048,Stockpile,68.96,26.13,43.1,114.3,2.35,29.3,2.639,0
2025-10-13,TR014,OP001,Crusher,15.42,12.85,89.2,158.0,0.43,36.0,1.2,0
2025-07-11,TR020,OP038,Crusher,46.94,26.35,74.9,220.9,2.21,21.3,1.781,0
2025-06-08,TR026,OP012,East Pit,48.95,24.93,59.4,190.6,1.63,30.1,1.963,0
2025-11-16,TR019,OP028,North Pit,28.27,21.21,67.7,207.3,1.15,24.6,1.333,0
2025-01-03,TR020,OP039,South Pit,11.22,9.11,85.3,89.7,0.35,32.0,1.232,0
2025-05-20,TR010,OP026,Stockpile,25.72,15.26,74.4,125.0,1.1,23.3,1.685,0
2025-04-30,TR001,OP027,West Pit,75.09,34.18,48.3,142.7,3.94,19.1,2.197,0
2025-05-09,TR019,OP008,South Pit,38.35,20.35,87.7,173.5,1.02,37.7,1.885,0
2025-12-31,TR008,OP016,Stockpile,13.06,10.62,34.6,63.5,0.47,27.9,1.23,0
2025-02-06,TR013,OP025,East Pit,86.91,40.66,19.0,207.7,2.48,35.1,2.137,0
2025-12-04,TR019,OP016,West Pit,96.93,30.79,16.7,46.2,3.24,30.0,3.148,0
2025-01-20,TR001,OP012,Stockpile,91.54,34.66,51.5,179.4,2.54,36.1,2.641,0
2025-07-27,TR001,OP028,Crusher,75.06,32.66,32.8,236.8,2.51,29.9,2.298,0
2025-08-22,TR015,OP011,East Pit,68.25,42.71,66.3,236.0,3.56,19.2,1.598,0
2025-11-27,TR003,OP036,East Pit,48.86,18.51,7.4,184.9,1.62,30.1,2.64,0
2025-10-22,TR001,OP037,West Pit,78.19,33.55,90.0,205.0,2.61,30.0,2.331,0
2025-06-13,TR021,OP044,East Pit,50.71,33.95,57.3,81.6,2.7,18.8,1.494,0
2025-08-12,TR020,OP016,Stockpile,18.14,11.63,77.7,126.3,0.48,37.9,1.56,0
2025-01-20,TR017,OP010,East Pit,72.33,41.59,50.9,159.5,2.66,27.2,1.739,0
2025-09-16,TR017,OP037,South Pit,91.76,34.94,72.7,112.8,2.73,33.6,2.626,0
2025-01-31,TR017,OP038,Crusher,19.84,10.15,60.5,104.3,1.03,19.3,1.955,0
2025-06-07,TR023,OP026,West Pit,41.7,20.63,51.9,189.0,1.68,24.8,2.021,0
2025-04-25,TR009,OP037,Stockpile,61.25,35.9,70.8,194.3,2.03,30.2,1.706,0
2025-10-05,TR005,OP003,Stockpile,33.89,14.69,31.0,214.3,1.66,20.4,2.307,0
2025-01-02,TR003,OP010,West Pit,8.36,8.7,60.6,60.5,0.44,19.2,0.961,0
2025-07-27,TR027,OP047,South Pit,111.24,37.97,45.7,95.3,4.25,26.2,2.93,0
2025-05-07,TR012,OP047,South Pit,20.45,12.4,30.6,145.7,0.79,26.0,1.649,0
2025-01-26,TR024,OP043,Crusher,113.23,37.78,33.0,54.5,4.77,23.7,2.997,0
2025-09-28,TR020,OP045,Stockpile,33.13,15.19,36.2,147.4,1.06,31.2,2.181,0
2025-03-01,TR016,OP041,East Pit,38.47,19.42,47.3,211.8,1.64,23.5,1.981,0
2025-06-26,TR024,OP001,South Pit,28.43,17.15,30.4,73.3,0.83,34.2,1.658,0
2025-02-02,TR025,OP016,Crusher,27.79,8.83,7.3,87.2,0.76,36.6,3.147,0
2025-04-01,TR011,OP016,Crusher,9.63,15.59,89.6,92.0,0.31,31.5,0.618,0
2025-01-19,TR019,OP030,West Pit,88.56,48.27,54.5,233.7,4.63,19.1,1.835,0
2025-07-25,TR010,OP047,Crusher,59.78,21.14,45.5,95.5,2.02,29.6,2.828,0
2025-05-13,TR018,OP041,East Pit,72.9,31.14,60.2,52.2,2.0,36.4,2.341,0
2025-05-10,TR014,OP024,South Pit,36.04,21.69,85.6,47.9,1.38,26.2,1.662,0
2025-04-24,TR021,OP002,South Pit,109.42,48.75,87.2,92.0,4.74,23.1,2.245,0
2025-05-23,TR015,OP009,North Pit,39.82,15.69,30.6,199.4,1.08,36.7,2.538,0
2025-01-09,TR024,OP011,Stockpile,72.57,41.78,68.0,208.3,3.15,23.1,1.737,0
2025-03-31,TR018,OP003,East Pit,34.99,14.91,15.3,40.1,1.79,19.5,2.347,0
2025-05-10,TR019,OP043,East Pit,21.51,10.4,8.6,224.3,0.96,22.5,2.068,0
2025-05-25,TR022,OP044,Stockpile,22.34,17.43,86.4,134.8,1.07,20.8,1.282,0
2025-05-11,TR008,OP014,South Pit,96.21,47.14,51.0,208.2,3.52,27.3,2.041,0
2025-08-20,TR004,OP030,West Pit,14.56,11.22,59.5,169.7,0.41,35.3,1.298,0
2025-09-07,TR028,OP036,West Pit,32.35,17.69,75.2,227.9,0.88,36.7,1.829,0
2025-04-06,TR006,OP038,Stockpile,13.09,7.07,26.1,41.7,0.45,28.9,1.851,0
2025-01-19,TR004,OP022,Stockpile,59.23,57.23,26.7,172.2,1.79,33.2,1.035,1
2025-03-20,TR010,OP006,North Pit,70.32,30.42,79.8,96.6,2.81,25.0,2.312,0
2025-04-14,TR018,OP003,North Pit,22.24,12.04,23.8,106.7,0.62,35.7,1.847,0
2025-09-07,TR012,OP024,South Pit,115.22,38.67,51.1,79.7,3.33,34.6,2.98,0
2025-11-29,TR026,OP048,East Pit,100.02,51.48,70.8,84.0,5.3,18.9,1.943,0
2025-07-15,TR027,OP047,South Pit,104.81,54.15,7.5,235.3,3.08,34.0,1.936,0
2025-04-29,TR010,OP013,South Pit,78.87,27.84,7.3,84.0,3.38,23.4,2.833,0
2025-07-20,TR023,OP023,South Pit,9.65,7.97,54.7,93.8,0.49,19.8,1.211,0
2025-11-30,TR020,OP046,Crusher,108.85,58.81,54.6,54.7,3.13,34.8,1.851,0
2025-10-07,TR024,OP008,South Pit,34.84,16.64,43.7,135.2,1.14,30.5,2.094,0
2025-05-09,TR005,OP046,South Pit,96.18,44.28,77.3,119.6,3.31,29.1,2.172,0
2025-06-15,TR015,OP022,East Pit,56.15,20.96,48.0,164.1,2.11,26.6,2.679,0
2025-07-27,TR015,OP036,East Pit,94.84,50.33,28.6,117.6,5.21,18.2,1.884,0
2025-01-29,TR004,OP013,Crusher,11.6,5.7,22.8,226.5,0.38,30.9,2.035,0
2025-05-16,TR008,OP028,North Pit,75.52,31.94,19.5,177.5,4.14,18.2,2.364,0
2025-06-17,TR029,OP020,South Pit,26.97,15.05,31.8,179.6,0.73,37.2,1.792,0
2025-10-25,TR012,OP020,North Pit,104.86,50.53,62.8,187.0,5.45,19.2,2.075,0
2025-05-29,TR018,OP021,Crusher,118.15,147.19,87.8,210.1,5.52,21.4,0.803,1
2025-09-13,TR011,OP012,East Pit,59.12,20.22,11.9,104.8,1.96,30.2,2.924,0
2025-07-27,TR008,OP011,East Pit,103.59,37.29,52.9,95.8,4.47,23.2,2.778,0
2025-11-07,TR024,OP005,South Pit,75.66,35.25,83.0,79.8,2.81,26.9,2.146,0
2025-04-24,TR011,OP015,North Pit,44.74,22.99,51.0,45.8,2.06,21.7,1.946,0
2025-01-03,TR016,OP044,North Pit,47.41,26.0,73.0,188.3,1.37,34.5,1.823,0
2025-04-07,TR028,OP022,South Pit,36.62,19.28,28.4,109.8,2.02,18.1,1.899,0
2025-03-13,TR027,OP047,Stockpile,20.62,11.6,39.0,217.9,0.73,28.1,1.778,0
2025-07-22,TR028,OP011,West Pit,30.43,15.98,14.1,225.9,0.85,35.8,1.904,0
2025-06-09,TR008,OP025,North Pit,40.0,23.39,63.2,76.5,1.19,33.5,1.71,0
2025-12-26,TR011,OP011,East Pit,69.62,22.97,5.6,64.4,2.78,25.0,3.031,0
2025-08-31,TR022,OP031,Crusher,74.79,34.76,49.2,41.9,2.86,26.1,2.152,0
2025-10-15,TR019,OP017,Crusher,28.2,17.78,21.9,179.0,0.76,37.0,1.586,0
2025-08-15,TR002,OP036,Stockpile,54.42,21.32,9.0,63.7,2.33,23.4,2.553,0
2025-04-05,TR016,OP036,Stockpile,86.28,47.02,73.5,99.7,3.49,24.7,1.835,0
2025-11-18,TR010,OP041,North Pit,114.76,48.1,59.0,79.8,3.93,29.2,2.386,0
2025-08-22,TR022,OP048,East Pit,45.8,23.02,13.3,149.5,1.45,31.6,1.99,0
2025-10-15,TR021,OP041,North Pit,66.81,25.95,32.4,142.7,2.06,32.4,2.575,0
2025-03-07,TR029,OP039,East Pit,99.14,32.64,6.6,84.2,4.21,23.5,3.037,0
2025-04-18,TR003,OP014,South Pit,67.03,38.45,37.2,117.1,3.17,21.2,1.743,0
2025-09-04,TR016,OP029,East Pit,60.48,20.07,8.1,70.1,2.26,26.8,3.013,0
2025-08-21,TR014,OP021,West Pit,33.85,16.93,26.5,208.0,0.94,35.9,1.999,0
2025-05-28,TR021,OP014,Crusher,105.78,58.57,18.8,230.0,5.77,18.3,1.806,0
2025-10-12,TR009,OP037,East Pit,79.89,38.08,37.9,172.6,3.91,20.4,2.098,0
2025-04-14,TR001,OP004,North Pit,31.18,15.79,51.5,85.9,1.19,26.2,1.975,0
2025-12-05,TR029,OP011,South Pit,73.66,24.47,16.5,191.9,2.18,33.8,3.01,0
2025-09-14,TR010,OP049,North Pit,26.92,14.77,47.6,95.8,1.36,19.7,1.823,0
2025-12-13,TR020,OP040,South Pit,64.38,32.5,11.8,135.1,2.01,32.1,1.981,0
2025-02-04,TR005,OP039,Stockpile,9.13,10.16,52.5,212.9,0.28,32.9,0.899,0
2025-02-22,TR025,OP045,Crusher,119.99,41.89,30.1,176.0,5.83,20.6,2.864,0
2025-02-06,TR003,OP049,Stockpile,111.6,37.07,5.6,144.4,3.63,30.7,3.011,0
2025-07-26,TR008,OP014,West Pit,17.9,11.61,81.8,169.6,0.99,18.1,1.542,0
2025-12-06,TR008,OP007,East Pit,58.67,34.88,30.3,98.4,1.82,32.3,1.682,1
2025-09-23,TR029,OP022,Stockpile,63.05,24.94,66.4,71.4,2.03,31.1,2.528,0
2025-06-12,TR013,OP012,Crusher,10.88,7.91,35.5,206.2,0.43,25.4,1.375,0
2025-05-12,TR012,OP033,South Pit,87.76,38.61,50.1,202.1,4.65,18.9,2.273,0
2025-01-10,TR020,OP034,East Pit,71.94,37.23,40.7,57.8,2.43,29.6,1.932,0
2025-10-06,TR003,OP050,South Pit,109.4,60.03,10.7,183.6,4.03,27.1,1.822,0
2025-02-28,TR010,OP044,North Pit,9.62,4.89,14.9,116.3,0.43,22.2,1.967,0
2025-12-22,TR009,OP042,South Pit,75.33,39.92,33.5,195.2,3.49,21.6,1.887,0
2025-12-30,TR011,OP030,Stockpile,27.91,9.02,6.0,111.9,0.85,32.8,3.094,0
2025-09-08,TR027,OP015,Crusher,80.35,38.53,63.0,213.3,3.4,23.6,2.085,0
2025-04-11,TR021,OP012,Crusher,70.17,24.3,27.9,119.7,2.42,29.0,2.888,0
2025-12-07,TR026,OP007,Stockpile,26.33,13.79,21.1,113.0,0.73,36.0,1.909,0
2025-03-23,TR015,OP030,West Pit,101.7,43.67,44.8,94.6,3.94,25.8,2.329,0
2025-10-27,TR029,OP020,Crusher,43.47,32.62,84.4,51.2,2.05,21.2,1.333,0
2025-10-17,TR029,OP029,Crusher,105.91,52.72,15.2,144.0,2.81,37.7,2.009,0
2025-02-26,TR002,OP033,East Pit,103.09,51.33,42.5,55.1,5.54,18.6,2.008,0
2025-09-18,TR010,OP020,East Pit,69.88,31.19,42.2,196.9,2.68,26.1,2.24,0
2025-05-12,TR019,OP038,East Pit,52.02,29.54,61.3,155.8,2.33,22.3,1.761,0
2025-11-29,TR004,OP034,East Pit,114.37,57.94,23.9,63.4,4.23,27.0,1.974,0
2025-06-03,TR008,OP034,Crusher,85.7,37.23,36.0,56.5,3.81,22.5,2.302,0
2025-09-23,TR029,OP014,North Pit,102.0,40.35,70.7,204.9,3.84,26.6,2.528,0
2025-03-12,TR003,OP013,West Pit,83.13,35.78,84.0,129.9,2.44,34.1,2.323,0
2025-01-04,TR023,OP007,Stockpile,116.99,41.96,29.7,50.4,3.29,35.5,2.788,0
2025-09-03,TR028,OP033,Stockpile,104.99,36.1,76.4,58.1,3.31,31.7,2.908,0
2025-04-11,TR030,OP033,East Pit,13.08,10.81,39.5,134.7,0.47,28.1,1.21,0
2025-12-17,TR008,OP037,North Pit,75.7,47.4,66.1,198.1,2.5,30.3,1.597,0
2025-03-15,TR025,OP021,East Pit,41.96,28.78,73.1,43.1,1.24,33.9,1.458,0
2025-02-11,TR007,OP037,Stockpile,68.79,34.88,67.1,201.1,2.02,34.1,1.972,0
2025-01-29,TR019,OP045,Stockpile,94.7,40.95,10.0,239.4,4.14,22.9,2.313,0
2025-11-24,TR028,OP016,Crusher,78.37,34.31,33.1,140.4,2.64,29.7,2.284,0
2025-04-29,TR020,OP043,North Pit,118.93,51.43,16.5,154.7,3.38,35.2,2.312,0
2025-05-15,TR020,OP016,North Pit,69.9,26.59,13.0,205.4,2.67,26.1,2.629,0
2025-05-26,TR024,OP019,North Pit,13.86,11.93,76.9,105.1,0.55,25.4,1.162,0
2025-06-12,TR015,OP035,Crusher,116.61,40.95,49.7,56.3,3.52,33.1,2.848,0
2025-10-07,TR011,OP004,East Pit,108.54,40.52,43.4,59.6,3.37,32.2,2.679,0
2025-06-28,TR023,OP026,East Pit,116.17,63.09,61.6,126.1,3.68,31.5,1.841,0
2025-03-29,TR021,OP001,North Pit,25.36,19.04,54.0,220.3,0.69,36.5,1.332,0
2025-11-26,TR026,OP042,Crusher,15.99,11.69,51.8,182.9,0.49,32.9,1.368,0
2025-06-04,TR029,OP011,Stockpile,74.44,26.64,26.2,192.4,2.9,25.6,2.794,0
2025-09-21,TR029,OP032,North Pit,93.11,37.31,30.2,131.7,2.97,31.3,2.496,0
2025-07-11,TR011,OP006,Stockpile,106.68,63.67,47.9,114.3,5.48,19.5,1.676,0
2025-01-29,TR005,OP020,East Pit,42.08,23.48,19.8,190.6,1.24,33.8,1.792,0
2025-06-04,TR004,OP020,West Pit,110.9,53.26,56.3,215.7,4.06,27.3,2.082,0
2025-05-29,TR016,OP035,Stockpile,105.23,41.53,52.4,169.7,5.26,20.0,2.534,0
2025-12-04,TR027,OP046,South Pit,118.27,53.97,31.6,225.2,3.39,34.9,2.191,0
2025-11-05,TR020,OP016,North Pit,102.56,45.63,20.1,214.9,3.7,27.7,2.248,0
2025-10-15,TR005,OP018,West Pit,95.55,38.29,89.4,142.1,4.47,21.4,2.495,0
2025-09-02,TR020,OP017,South Pit,107.35,51.01,73.9,123.2,3.41,31.5,2.104,0
2025-05-17,TR025,OP015,North Pit,90.36,44.4,37.0,105.4,4.88,18.5,2.035,0
2025-05-22,TR006,OP022,West Pit,86.03,30.38,45.8,99.2,3.54,24.3,2.832,0
2025-06-24,TR016,OP019,South Pit,38.64,15.33,11.0,130.3,1.17,33.0,2.521,0
2025-11-23,TR005,OP016,South Pit,98.45,50.82,7.3,105.4,3.62,27.2,1.937,0
2025-12-25,TR011,OP013,North Pit,74.12,43.3,36.6,207.5,2.08,35.6,1.712,0
2025-08-21,TR010,OP030,East Pit,26.75,11.24,21.0,111.1,1.07,24.9,2.38,0
2025-01-04,TR017,OP009,North Pit,50.91,19.35,24.0,161.6,1.75,29.1,2.631,0
2025-02-21,TR028,OP001,West Pit,106.11,36.01,73.6,223.9,3.44,30.8,2.947,0
2025-12-31,TR004,OP039,South Pit,55.94,32.13,33.8,57.1,1.9,29.5,1.741,0
2025-05-06,TR006,OP019,East Pit,30.81,18.37,39.6,93.8,1.01,30.5,1.677,0
2025-11-05,TR010,OP035,West Pit,116.7,41.45,47.0,233.0,5.98,19.5,2.815,0
2025-07-30,TR028,OP011,Crusher,10.91,6.51,6.7,211.4,0.45,24.3,1.676,0
2025-09-27,TR010,OP043,Crusher,77.0,36.01,67.9,154.2,2.15,35.8,2.138,0
2025-07-07,TR023,OP022,North Pit,39.9,20.91,79.0,192.9,1.67,23.9,1.908,0
2025-05-05,TR003,OP024,South Pit,100.85,52.9,76.4,211.2,2.8,36.0,1.906,0
2025-08-25,TR017,OP049,East Pit,119.23,53.53,58.9,63.3,3.77,31.6,2.227,0
2025-04-08,TR028,OP046,Stockpile,31.08,23.72,79.7,43.1,1.52,20.5,1.31,0
2025-05-17,TR025,OP034,East Pit,11.77,7.39,25.5,151.6,0.59,19.9,1.593,0
2025-08-01,TR025,OP022,Crusher,112.72,42.67,17.3,140.2,4.13,27.3,2.642,0
2025-06-06,TR014,OP027,West Pit,43.36,24.74,41.6,158.8,1.37,31.6,1.753,0
2025-06-02,TR007,OP001,West Pit,83.83,35.93,86.2,48.1,3.07,27.3,2.333,0
2025-12-17,TR014,OP019,North Pit,107.43,56.53,11.5,77.1,5.33,20.2,1.9,0
2025-12-18,TR012,OP009,Crusher,98.95,46.95,80.1,175.4,5.32,18.6,2.108,0
2025-07-21,TR016,OP019,South Pit,12.16,10.8,57.5,80.0,0.34,35.8,1.126,0
2025-07-09,TR027,OP024,East Pit,15.08,13.38,49.7,100.6,0.44,34.3,1.127,0
2025-12-10,TR011,OP025,South Pit,67.13,39.68,83.1,77.6,2.37,28.3,1.692,0
2025-12-30,TR008,OP006,East Pit,30.73,19.82,31.3,234.6,0.92,33.3,1.55,0
2025-10-18,TR004,OP006,East Pit,12.25,10.76,86.1,217.2,0.33,36.7,1.138,0
2025-04-21,TR021,OP009,Crusher,23.69,11.64,57.6,117.7,0.88,26.9,2.035,0
2025-05-21,TR004,OP006,Stockpile,115.32,39.56,33.5,209.1,3.63,31.8,2.915,0
2025-06-22,TR023,OP010,South Pit,15.09,9.87,75.3,157.6,0.64,23.6,1.529,0
2025-07-13,TR013,OP009,Crusher,112.48,52.5,81.2,127.7,6.15,18.3,2.142,0
2025-12-31,TR017,OP043,West Pit,92.22,30.58,30.0,221.3,4.21,21.9,3.016,0
2025-10-29,TR008,OP026,South Pit,45.05,18.04,44.6,178.1,1.95,23.1,2.497,0
2025-07-23,TR009,OP045,North Pit,99.82,89.7,75.7,116.3,2.94,34.0,1.113,1
2025-12-15,TR021,OP016,East Pit,22.29,17.39,44.2,98.2,1.01,22.2,1.282,0
2025-08-16,TR028,OP010,Crusher,42.84,24.01,77.9,175.5,1.73,24.8,1.784,0
2025-08-09,TR016,OP006,East Pit,56.19,23.03,73.7,229.0,2.99,18.8,2.44,0
2025-04-09,TR030,OP014,South Pit,106.5,59.07,83.8,46.6,3.26,32.7,1.803,0
2025-12-18,TR027,OP043,North Pit,73.41,25.64,47.2,142.8,2.8,26.2,2.863,0
2025-03-05,TR012,OP043,South Pit,67.44,33.68,72.9,116.8,2.89,23.3,2.002,0
2025-01-13,TR013,OP048,South Pit,26.67,35.15,78.0,168.5,1.47,18.1,0.759,1
2025-01-04,TR027,OP047,Crusher,114.33,47.58,55.0,69.1,3.75,30.5,2.403,0
2025-04-26,TR029,OP012,North Pit,78.63,33.0,88.4,59.7,3.34,23.6,2.383,0
2025-03-01,TR001,OP002,East Pit,21.22,12.36,69.4,191.2,0.75,28.3,1.717,0
2025-09-14,TR022,OP049,West Pit,80.49,38.61,71.9,163.6,2.55,31.5,2.085,0
2025-03-05,TR030,OP006,North Pit,26.23,11.86,12.5,140.3,0.93,28.3,2.212,0
2025-01-24,TR018,OP010,North Pit,59.48,43.17,87.2,83.9,1.61,36.8,1.378,0
2025-10-13,TR021,OP022,South Pit,87.46,31.99,39.6,44.5,3.81,22.9,2.734,0
2025-08-05,TR020,OP024,West Pit,13.26,11.45,82.0,157.2,0.56,23.6,1.158,0
2025-12-05,TR015,OP027,South Pit,86.65,33.08,20.4,196.2,4.54,19.1,2.619,0
2025-05-10,TR022,OP009,East Pit,98.59,47.59,8.8,206.2,3.66,26.9,2.072,0
2025-06-16,TR005,OP004,North Pit,90.28,49.51,61.4,72.4,4.07,22.2,1.823,0
2025-09-15,TR024,OP022,North Pit,113.01,37.93,24.5,150.3,4.41,25.7,2.979,0
2025-07-21,TR018,OP021,North Pit,117.82,48.15,66.6,237.9,3.4,34.7,2.447,0
2025-01-02,TR027,OP017,North Pit,75.86,31.33,77.2,237.7,3.58,21.2,2.421,0
2025-05-14,TR003,OP033,Crusher,19.68,10.27,52.9,175.9,0.78,25.3,1.916,0
2025-02-26,TR014,OP016,West Pit,93.97,46.5,82.7,230.0,2.57,36.6,2.021,0
2025-09-30,TR018,OP029,Crusher,36.16,27.67,85.0,124.9,1.78,20.4,1.307,0
2025-12-10,TR014,OP048,North Pit,42.38,21.68,66.4,172.6,1.43,29.6,1.955,0
2025-05-13,TR015,OP014,Stockpile,83.66,50.02,88.6,234.0,2.47,33.9,1.673,0
2025-03-12,TR016,OP048,South Pit,85.5,45.06,84.6,207.0,2.64,32.4,1.897,0
2025-10-07,TR021,OP005,South Pit,106.24,48.14,36.7,79.7,4.38,24.3,2.207,0
2025-11-13,TR009,OP020,Stockpile,105.64,49.52,13.1,95.0,3.71,28.5,2.133,0
2025-11-28,TR027,OP015,North Pit,59.76,30.31,65.4,233.2,2.23,26.8,1.972,0
2025-03-01,TR010,OP045,Stockpile,36.22,29.45,79.5,186.7,1.03,35.0,1.23,0
2025-03-03,TR010,OP041,South Pit,28.62,16.7,34.4,141.2,1.13,25.3,1.714,0
2025-06-06,TR025,OP010,West Pit,99.13,44.14,48.2,151.5,4.31,23.0,2.246,0
2025-02-01,TR014,OP028,Crusher,32.56,21.73,58.0,119.8,0.94,34.7,1.498,0
2025-03-09,TR022,OP040,Crusher,69.18,44.04,62.8,168.7,1.89,36.6,1.571,0
2025-07-02,TR012,OP028,North Pit,17.13,13.7,51.7,71.2,0.76,22.5,1.25,0
2025-08-31,TR019,OP003,West Pit,17.25,10.45,38.1,201.3,0.52,33.3,1.651,0
2025-04-16,TR028,OP007,Crusher,17.59,13.29,70.6,141.2,0.62,28.3,1.324,0
2025-11-19,TR004,OP046,Crusher,86.67,31.99,39.2,234.1,2.66,32.5,2.709,0
2025-05-17,TR025,OP031,Stockpile,116.36,56.21,54.4,132.3,4.29,27.1,2.07,0
2025-02-22,TR015,OP018,North Pit,32.74,20.05,19.9,219.1,1.44,22.7,1.633,0
2025-03-06,TR029,OP011,North Pit,33.99,23.24,83.1,151.3,1.43,23.8,1.463,0
2025-03-10,TR008,OP022,East Pit,115.2,44.82,57.8,196.6,3.72,31.0,2.57,0
2025-04-30,TR029,OP034,North Pit,57.94,24.65,17.9,63.1,3.13,18.5,2.351,0
2025-01-16,TR017,OP035,North Pit,66.28,22.82,29.1,235.3,2.31,28.6,2.904,0
2025-12-17,TR018,OP035,Stockpile,72.7,35.0,45.2,195.6,3.41,21.3,2.077,0
2025-09-25,TR010,OP028,Crusher,108.54,41.1,7.9,79.9,5.41,20.0,2.641,0
2025-04-21,TR008,OP045,South Pit,36.45,23.22,61.0,183.3,1.44,25.3,1.57,0
2025-05-25,TR026,OP036,West Pit,77.67,30.46,39.4,58.6,3.62,21.4,2.55,0
2025-11-20,TR026,OP034,East Pit,29.43,12.62,30.8,82.5,1.07,27.6,2.332,0
2025-03-02,TR020,OP029,Stockpile,22.27,7.36,7.8,171.9,0.65,34.3,3.026,0
2025-08-15,TR007,OP021,West Pit,9.53,9.82,60.4,64.9,0.29,33.2,0.97,0
2025-10-02,TR020,OP048,South Pit,98.47,52.56,24.4,65.9,4.65,21.2,1.873,0
2025-03-03,TR011,OP018,West Pit,86.37,31.52,47.4,217.4,2.69,32.2,2.74,0
2025-09-25,TR030,OP026,South Pit,107.0,54.1,23.9,113.7,3.03,35.3,1.978,0
2025-04-25,TR014,OP039,South Pit,95.28,42.92,64.1,220.8,4.21,22.6,2.22,0
2025-03-26,TR008,OP016,North Pit,100.26,50.38,12.8,212.9,2.71,37.0,1.99,0
2025-09-03,TR020,OP043,North Pit,18.99,11.54,36.6,103.3,0.62,30.6,1.646,0
2025-02-06,TR023,OP030,Stockpile,23.41,8.83,28.0,216.5,0.65,35.9,2.651,0
2025-10-22,TR002,OP043,West Pit,52.38,28.43,25.8,104.5,2.41,21.7,1.842,0
2025-01-11,TR003,OP033,South Pit,75.93,42.84,67.7,117.9,3.18,23.9,1.772,0
2025-05-07,TR001,OP002,East Pit,80.68,27.14,6.3,61.1,4.04,20.0,2.973,0
2025-11-04,TR004,OP021,North Pit,96.61,45.19,26.8,42.4,4.49,21.5,2.138,0
2025-01-22,TR002,OP005,Crusher,96.8,37.96,14.2,213.2,2.62,37.0,2.55,0
2025-01-23,TR015,OP024,East Pit,80.08,33.47,14.9,151.9,3.22,24.9,2.393,0
2025-06-02,TR025,OP028,West Pit,31.35,16.69,29.1,98.4,0.95,33.1,1.878,0
2025-08-27,TR020,OP040,South Pit,50.31,18.46,44.2,161.0,1.33,38.0,2.725,0
2025-03-26,TR006,OP044,Crusher,56.01,21.43,24.9,123.6,2.0,28.0,2.614,0
2025-11-26,TR002,OP022,North Pit,48.37,20.67,23.3,96.4,1.95,24.8,2.34,0
2025-03-20,TR013,OP005,East Pit,67.16,34.54,41.6,60.3,1.83,36.7,1.944,0
2025-06-30,TR013,OP025,Stockpile,60.72,30.27,7.3,197.6,2.28,26.7,2.006,0
2025-02-08,TR023,OP049,West Pit,30.21,18.79,58.4,196.5,1.11,27.1,1.608,0
2025-06-30,TR011,OP027,North Pit,12.98,9.85,35.1,53.6,0.36,35.7,1.318,0
2025-01-02,TR004,OP018,Stockpile,30.99,21.56,68.4,229.2,1.21,25.5,1.437,0
2025-05-11,TR007,OP019,Crusher,43.72,20.01,5.4,226.1,1.43,30.7,2.185,0
2025-02-12,TR013,OP003,West Pit,9.31,4.59,20.1,188.6,0.4,23.3,2.028,0
2025-04-11,TR024,OP016,West Pit,93.64,50.87,12.6,199.9,4.7,19.9,1.841,0
2025-10-13,TR011,OP037,Crusher,80.42,42.3,7.2,232.7,2.68,30.0,1.901,0
2025-02-22,TR003,OP016,South Pit,114.5,56.96,13.5,201.2,3.16,36.2,2.01,0
2025-09-04,TR013,OP006,East Pit,38.72,20.12,46.7,65.2,1.02,38.0,1.924,0
2025-08-02,TR027,OP004,West Pit,47.05,33.2,89.1,59.2,1.95,24.1,1.417,0
2025-03-24,TR005,OP015,West Pit,80.59,37.44,17.0,50.8,2.88,28.0,2.153,0
2025-01-25,TR018,OP042,Stockpile,111.01,54.73,42.4,165.4,4.4,25.2,2.028,0
2025-12-13,TR003,OP005,Stockpile,19.33,15.22,58.2,158.0,0.74,26.2,1.27,0
2025-02-05,TR001,OP041,West Pit,15.66,11.82,54.6,196.6,0.63,24.7,1.325,0
2025-05-27,TR018,OP034,South Pit,83.56,38.44,65.9,94.0,4.36,19.2,2.174,0
2025-06-28,TR016,OP013,North Pit,112.25,39.61,38.7,81.0,3.51,32.0,2.834,0
2025-04-02,TR010,OP022,Stockpile,96.82,39.92,67.1,183.4,3.06,31.6,2.425,0
2025-02-12,TR024,OP039,North Pit,37.1,17.26,53.2,64.1,1.52,24.4,2.149,0
2025-01-02,TR009,OP001,West Pit,57.55,30.04,87.7,171.5,1.87,30.8,1.916,0
2025-02-24,TR029,OP046,West Pit,62.51,25.16,56.1,133.1,1.98,31.6,2.484,0
2025-07-05,TR004,OP047,West Pit,49.37,24.52,20.3,52.6,1.3,37.9,2.013,0
2025-11-27,TR002,OP043,West Pit,113.12,39.46,23.9,188.1,3.76,30.1,2.867,0
2025-08-07,TR029,OP012,South Pit,39.24,28.93,61.3,163.4,1.13,34.7,1.356,0
2025-11-23,TR004,OP042,North Pit,75.65,24.2,20.3,169.2,2.93,25.8,3.126,0
2025-01-06,TR021,OP035,East Pit,109.59,56.17,73.9,173.6,5.46,20.1,1.951,0
2025-06-17,TR024,OP030,West Pit,13.01,9.57,47.2,84.0,0.36,36.6,1.359,0
2025-07-01,TR012,OP010,North Pit,14.51,9.69,49.8,67.8,0.61,23.9,1.497,0
2025-02-10,TR018,OP007,Crusher,49.5,35.31,82.2,199.1,1.85,26.7,1.402,0
2025-01-31,TR030,OP041,East Pit,75.6,30.72,86.4,122.0,3.99,18.9,2.461,0
2025-01-16,TR002,OP036,East Pit,29.79,21.76,66.1,134.9,1.22,24.3,1.369,0
2025-03-29,TR028,OP007,East Pit,65.39,27.56,65.2,144.5,2.52,25.9,2.373,0
2025-01-23,TR015,OP036,East Pit,70.42,28.21,26.9,68.0,3.45,20.4,2.496,0
2025-05-05,TR021,OP024,East Pit,60.94,26.18,69.0,54.1,2.47,24.6,2.328,0
2025-04-30,TR023,OP042,West Pit,61.03,23.19,21.7,65.0,1.79,34.2,2.632,0
2025-05-22,TR015,OP007,East Pit,82.57,36.69,61.1,179.0,2.64,31.3,2.25,0
2025-11-04,TR008,OP024,Stockpile,20.44,14.91,70.9,222.7,1.11,18.4,1.371,0
2025-05-22,TR019,OP015,Crusher,17.31,14.19,75.8,95.7,0.49,35.4,1.22,0
2025-05-07,TR024,OP001,South Pit,54.52,24.47,5.0,149.9,1.9,28.7,2.228,0
2025-08-29,TR016,OP023,South Pit,63.57,34.96,63.0,235.0,2.03,31.3,1.818,0
2025-02-02,TR003,OP017,Stockpile,91.27,32.79,14.6,130.0,2.73,33.4,2.783,0
2025-03-08,TR028,OP049,East Pit,10.55,9.79,45.0,73.1,0.35,29.8,1.078,0
2025-02-05,TR021,OP010,Crusher,33.16,16.83,11.0,132.1,0.89,37.1,1.97,0
2025-01-02,TR025,OP016,South Pit,89.82,30.09,25.5,139.8,3.29,27.3,2.985,0
2025-07-22,TR011,OP010,East Pit,93.15,46.01,64.5,211.5,2.68,34.7,2.025,0
2025-05-19,TR014,OP020,North Pit,10.01,12.75,69.3,200.6,0.27,37.1,0.785,0
2025-06-03,TR028,OP029,West Pit,80.73,36.63,51.1,207.7,2.75,29.3,2.204,0
2025-06-20,TR024,OP037,Stockpile,111.99,52.22,22.6,100.2,4.34,25.8,2.145,0
2025-03-07,TR007,OP006,East Pit,107.41,56.85,7.5,160.6,3.72,28.9,1.889,0
2025-04-15,TR015,OP006,South Pit,48.34,28.8,53.1,56.8,1.43,33.7,1.678,0
2025-11-06,TR005,OP039,South Pit,77.31,44.87,26.1,204.2,3.17,24.4,1.723,0
2025-12-13,TR015,OP033,North Pit,114.87,66.24,35.2,160.5,5.93,19.4,1.734,0
2025-07-14,TR028,OP036,Crusher,74.83,45.72,43.5,198.9,2.39,31.3,1.637,0
2025-04-09,TR007,OP031,South Pit,77.71,46.47,39.6,74.8,2.91,26.8,1.672,0
2025-12-28,TR011,OP024,North Pit,23.64,10.89,18.1,227.4,1.09,21.7,2.171,0
2025-06-21,TR010,OP015,Crusher,115.96,44.32,33.7,179.4,3.8,30.5,2.616,0
2025-04-15,TR016,OP026,Stockpile,80.42,43.78,70.2,177.2,3.32,24.2,1.837,0
2025-11-16,TR011,OP021,Crusher,80.39,43.3,9.5,163.8,2.34,34.4,1.857,0
2025-02-01,TR001,OP014,Crusher,16.36,7.05,16.4,192.2,0.47,34.7,2.321,0
2025-02-22,TR004,OP043,North Pit,50.65,17.83,38.4,178.0,2.61,19.4,2.841,0
2025-06-18,TR020,OP040,East Pit,49.31,23.14,7.0,118.2,2.3,21.5,2.131,0
2025-01-01,TR004,OP002,South Pit,71.93,32.17,88.8,54.2,3.31,21.8,2.236,0
2025-06-22,TR022,OP002,North Pit,59.95,31.93,67.6,108.4,3.07,19.5,1.878,0
2025-07-20,TR007,OP018,West Pit,13.89,8.0,9.4,186.8,0.57,24.4,1.736,0
2025-04-20,TR022,OP005,North Pit,84.79,28.03,27.4,215.1,2.72,31.2,3.025,0
2025-12-28,TR010,OP004,Crusher,117.6,48.85,12.7,136.2,5.61,21.0,2.407,0
2025-01-31,TR012,OP034,Stockpile,32.75,22.12,68.6,173.6,0.91,36.0,1.481,0
2025-09-22,TR028,OP040,West Pit,34.39,26.09,84.5,129.8,1.07,32.2,1.318,0
2025-06-05,TR013,OP017,Stockpile,20.98,12.28,19.9,102.2,0.99,21.2,1.708,0
2025-10-02,TR005,OP038,North Pit,30.88,13.29,28.7,119.9,1.02,30.2,2.324,0
2025-12-09,TR010,OP041,North Pit,68.36,37.05,79.0,95.8,2.83,24.2,1.845,0
2025-05-20,TR029,OP015,South Pit,30.55,27.27,77.0,190.4,0.97,31.3,1.12,0
2025-07-29,TR009,OP016,East Pit,66.44,27.11,37.6,183.5,3.42,19.4,2.451,0
2025-11-02,TR027,OP019,North Pit,117.47,40.41,12.0,235.3,5.37,21.9,2.907,0
2025-09-19,TR008,OP001,Stockpile,61.18,28.27,25.8,89.9,1.99,30.7,2.164,0
2025-02-23,TR009,OP016,East Pit,69.61,40.64,61.5,185.9,2.68,25.9,1.713,0
2025-07-27,TR011,OP045,South Pit,54.01,36.74,74.7,235.7,1.43,37.7,1.47,0
2025-12-08,TR013,OP033,North Pit,73.73,25.69,20.4,41.6,2.71,27.3,2.87,0
2025-11-24,TR006,OP040,East Pit,82.29,48.22,84.6,111.3,3.45,23.9,1.707,0
2025-06-14,TR027,OP027,West Pit,90.85,37.96,24.2,53.9,2.94,30.9,2.393,0
2025-05-30,TR026,OP003,Crusher,82.19,36.65,9.4,168.3,3.67,22.4,2.243,0
2025-10-22,TR019,OP045,Crusher,97.29,40.84,69.3,235.0,2.68,36.3,2.382,0
2025-01-30,TR025,OP014,North Pit,43.23,28.25,88.4,124.2,1.18,36.7,1.53,0
2025-12-18,TR014,OP033,Stockpile,69.84,30.4,12.4,189.2,2.09,33.4,2.297,0
2025-07-13,TR015,OP018,North Pit,91.11,49.11,47.6,163.0,3.19,28.5,1.855,0
2025-09-06,TR008,OP021,Crusher,21.15,10.76,31.9,238.5,0.58,36.2,1.966,0
2025-12-03,TR025,OP008,North Pit,78.59,28.68,40.6,148.9,3.9,20.2,2.74,0
2025-12-22,TR019,OP018,Stockpile,80.84,44.63,48.7,234.8,4.04,20.0,1.811,0
2025-09-20,TR018,OP039,Crusher,14.76,5.18,7.2,236.6,0.82,18.0,2.849,0
2025-09-08,TR014,OP006,North Pit,77.69,32.31,48.7,59.8,3.98,19.5,2.405,0
2025-08-03,TR028,OP045,South Pit,118.7,43.53,50.0,80.2,3.6,32.9,2.727,0
2025-12-28,TR007,OP024,East Pit,80.47,34.11,72.8,167.5,2.75,29.3,2.359,0
2025-03-17,TR017,OP010,East Pit,89.91,42.18,60.7,179.8,2.73,32.9,2.132,0
2025-08-27,TR019,OP045,East Pit,16.85,16.38,68.2,145.7,0.53,31.6,1.029,0
2025-07-11,TR029,OP016,North Pit,116.21,40.58,20.2,74.1,3.63,32.0,2.864,0
2025-08-17,TR012,OP009,Crusher,71.67,26.66,15.3,129.8,2.19,32.8,2.688,0
2025-01-06,TR001,OP011,South Pit,23.76,15.4,76.7,208.4,0.67,35.5,1.543,0
2025-07-22,TR015,OP006,West Pit,115.12,62.31,30.1,165.6,5.48,21.0,1.848,0
2025-04-02,TR026,OP043,South Pit,98.8,56.1,23.4,239.0,4.25,23.3,1.761,0
2025-02-15,TR011,OP021,Crusher,116.66,53.81,50.5,218.7,3.83,30.4,2.168,0
2025-08-15,TR022,OP020,Stockpile,80.16,31.05,41.1,157.3,2.35,34.1,2.582,0
2025-05-25,TR028,OP020,East Pit,64.73,32.14,83.8,52.4,2.72,23.8,2.014,0
2025-01-20,TR002,OP040,East Pit,50.04,23.59,12.0,75.1,1.47,34.0,2.121,0
2025-01-12,TR012,OP003,Stockpile,73.4,43.39,77.4,80.0,2.11,34.8,1.692,0
2025-11-02,TR007,OP032,North Pit,76.34,26.02,23.3,155.0,3.2,23.9,2.934,0
2025-06-08,TR010,OP004,Stockpile,61.19,22.59,19.3,68.5,2.44,25.1,2.709,0
2025-11-13,TR003,OP034,South Pit,69.0,35.03,46.7,87.4,2.76,25.0,1.97,0
2025-06-06,TR004,OP031,Crusher,113.49,62.3,34.0,228.1,3.39,33.5,1.822,0
2025-01-13,TR001,OP038,West Pit,78.08,36.96,22.3,193.1,4.22,18.5,2.113,0
2025-11-01,TR020,OP050,North Pit,118.9,47.22,65.6,103.4,5.03,23.7,2.518,0
2025-08-04,TR015,OP039,North Pit,106.29,59.27,23.4,186.0,3.08,34.5,1.793,0
2025-01-12,TR005,OP045,East Pit,39.36,20.3,18.6,86.3,1.96,20.1,1.939,0
2025-06-26,TR025,OP026,North Pit,109.95,50.36,13.3,82.4,4.11,26.8,2.183,0
2025-03-06,TR001,OP039,West Pit,48.24,23.64,24.9,97.8,1.28,37.6,2.041,0
2025-11-26,TR014,OP016,Stockpile,30.48,17.64,7.2,222.0,0.85,35.8,1.728,0
2025-06-08,TR029,OP012,Crusher,15.63,9.38,54.9,153.4,0.74,21.2,1.666,0
2025-07-17,TR006,OP013,East Pit,68.46,27.63,50.7,124.5,2.32,29.5,2.478,0
2025-10-10,TR030,OP011,South Pit,68.31,32.73,85.2,106.0,1.82,37.6,2.087,0
2025-01-26,TR028,OP037,East Pit,82.82,31.57,57.7,42.1,2.64,31.3,2.623,0
2025-01-28,TR017,OP049,North Pit,90.7,34.64,62.2,152.4,3.15,28.8,2.618,0
2025-01-13,TR013,OP024,West Pit,59.99,27.74,51.0,146.8,1.85,32.4,2.163,0
2025-05-18,TR001,OP049,North Pit,95.75,33.04,41.9,227.6,4.84,19.8,2.898,0
2025-08-14,TR005,OP040,Stockpile,67.08,31.31,45.9,81.9,3.59,18.7,2.142,0
2025-01-02,TR026,OP011,West Pit,46.98,23.67,76.8,99.9,1.8,26.1,1.985,0
2025-08-20,TR017,OP036,Stockpile,26.17,10.92,40.0,151.9,1.01,26.0,2.397,0
2025-12-27,TR026,OP031,East Pit,21.97,11.07,37.5,122.7,0.83,26.6,1.985,0
2025-08-29,TR025,OP036,North Pit,54.31,27.85,49.1,48.2,2.01,27.0,1.95,0
2025-10-04,TR006,OP014,Stockpile,9.23,12.81,79.0,48.2,0.26,34.9,0.721,0
2025-04-11,TR012,OP032,South Pit,24.84,14.05,49.5,183.1,1.06,23.4,1.768,0
2025-01-10,TR029,OP014,Stockpile,26.86,17.67,65.5,136.3,0.72,37.5,1.52,0
2025-10-27,TR019,OP002,East Pit,72.82,39.07,75.2,137.6,1.92,37.9,1.864,0
2025-05-28,TR013,OP022,South Pit,95.0,52.49,89.6,154.5,2.87,33.1,1.81,0
2025-04-11,TR008,OP031,Stockpile,115.31,49.06,41.3,119.2,4.13,28.0,2.35,0
2025-01-30,TR015,OP014,South Pit,19.35,9.9,27.5,92.2,0.61,31.6,1.955,0
2025-12-27,TR026,OP022,South Pit,61.9,32.94,18.1,98.6,2.16,28.7,1.879,0
2025-11-23,TR017,OP008,Stockpile,73.43,42.67,85.7,233.2,2.3,31.9,1.721,0
2025-09-22,TR021,OP001,Crusher,50.83,24.24,78.0,106.7,1.46,34.8,2.097,0
2025-09-13,TR005,OP003,Crusher,41.69,28.74,72.4,225.8,1.29,32.3,1.451,0
2025-02-10,TR007,OP046,West Pit,68.72,35.61,88.7,53.6,2.37,29.0,1.93,0
2025-06-14,TR011,OP020,Crusher,49.02,22.65,44.9,126.9,1.75,28.0,2.164,0
2025-01-02,TR018,OP026,Crusher,59.93,31.39,55.4,202.6,2.24,26.8,1.909,0
2025-12-21,TR002,OP044,South Pit,70.79,32.32,63.5,68.8,3.72,19.0,2.19,0
2025-05-13,TR020,OP050,North Pit,49.28,31.3,89.8,172.3,1.7,29.0,1.574,0
2025-10-23,TR021,OP016,North Pit,82.49,43.23,59.8,189.5,2.92,28.2,1.908,0
2025-03-26,TR012,OP037,East Pit,27.42,19.81,41.8,184.5,0.77,35.7,1.384,0
2025-09-09,TR007,OP011,South Pit,64.38,27.13,70.3,123.5,3.22,20.0,2.373,0
2025-06-29,TR025,OP021,Crusher,50.84,27.6,37.0,59.1,1.56,32.5,1.842,0
2025-07-23,TR007,OP022,East Pit,107.61,59.25,6.6,194.2,3.99,27.0,1.816,0
2025-05-05,TR028,OP010,West Pit,70.38,49.62,81.6,44.2,2.37,29.7,1.418,0
2025-07-10,TR014,OP012,Crusher,111.48,42.26,5.5,104.6,4.24,26.3,2.638,0
2025-08-01,TR003,OP045,East Pit,107.39,61.81,56.1,128.5,5.81,18.5,1.737,0
2025-07-17,TR002,OP030,West Pit,99.64,37.22,28.2,129.1,5.43,18.3,2.677,0
2025-10-15,TR028,OP037,East Pit,31.01,13.57,23.7,231.7,1.52,20.4,2.285,0
2025-03-17,TR023,OP036,North Pit,105.66,44.92,46.0,236.6,3.89,27.2,2.352,0
2025-04-26,TR026,OP027,South Pit,59.65,26.68,13.0,139.7,1.78,33.5,2.236,0
2025-08-01,TR024,OP033,North Pit,40.5,19.85,84.3,65.6,1.47,27.6,2.04,0
2025-06-19,TR007,OP048,East Pit,80.21,38.92,22.2,119.2,2.13,37.7,2.061,0
2025-07-14,TR028,OP028,North Pit,23.52,19.94,72.7,163.5,0.72,32.8,1.18,0
2025-01-14,TR028,OP006,Stockpile,73.98,29.95,18.0,122.3,2.73,27.1,2.47,0
2025-08-10,TR017,OP034,North Pit,72.52,40.9,29.9,224.3,2.68,27.1,1.773,0
2025-06-15,TR019,OP011,Crusher,54.08,26.09,79.1,62.5,2.34,23.1,2.073,0
2025-04-30,TR008,OP047,East Pit,117.75,49.54,13.0,157.1,3.32,35.4,2.377,0
2025-05-13,TR011,OP002,East Pit,106.24,39.92,22.9,45.4,4.3,24.7,2.661,0
2025-04-03,TR009,OP031,North Pit,59.67,36.16,78.5,69.3,2.64,22.6,1.65,0
2025-07-20,TR020,OP032,East Pit,27.62,15.13,31.9,238.8,1.18,23.4,1.826,0
2025-04-05,TR010,OP023,Crusher,79.45,28.12,27.3,161.5,2.13,37.3,2.825,0
2025-01-15,TR016,OP038,Stockpile,47.43,15.86,5.7,225.2,1.82,26.1,2.991,0
2025-02-28,TR029,OP032,South Pit,32.64,17.77,34.1,187.3,1.25,26.1,1.837,0
2025-03-08,TR030,OP004,South Pit,76.5,42.43,61.0,172.7,3.54,21.6,1.803,0
2025-05-04,TR021,OP031,South Pit,71.15,28.08,47.4,207.9,2.44,29.1,2.534,0
2025-05-04,TR016,OP006,East Pit,46.34,21.17,28.5,91.3,2.02,23.0,2.189,0
2025-02-28,TR016,OP006,South Pit,83.65,38.74,38.0,230.0,3.15,26.6,2.159,0
2025-06-01,TR029,OP041,South Pit,87.91,42.06,67.4,70.7,3.77,23.3,2.09,0
2025-04-11,TR022,OP022,Crusher,66.42,23.76,29.0,69.7,2.1,31.6,2.795,0
2025-02-05,TR026,OP021,Stockpile,31.28,17.45,61.4,82.2,0.91,34.5,1.793,0
2025-02-24,TR028,OP019,Stockpile,76.34,33.64,9.4,225.1,2.1,36.4,2.269,0
2025-11-21,TR002,OP038,West Pit,8.02,3.54,10.9,73.6,0.24,33.6,2.266,0
2025-11-18,TR005,OP029,West Pit,102.43,50.49,55.2,237.7,5.24,19.5,2.029,0
2025-06-29,TR030,OP015,Crusher,9.48,7.81,50.7,226.5,0.28,33.8,1.214,0
2025-04-05,TR017,OP019,East Pit,14.62,10.79,85.7,128.8,0.48,30.8,1.355,0
2025-12-14,TR002,OP038,Crusher,101.84,38.83,74.6,134.7,2.95,34.6,2.623,0
2025-05-15,TR017,OP007,West Pit,65.12,33.99,21.9,200.6,2.63,24.7,1.916,0
2025-03-14,TR014,OP010,North Pit,106.16,41.01,89.0,194.9,4.14,25.6,2.589,0
2025-12-21,TR012,OP023,Crusher,17.92,9.35,16.0,111.8,0.72,25.0,1.917,0
2025-07-14,TR016,OP022,East Pit,51.5,28.53,89.1,200.0,2.68,19.2,1.805,0
2025-01-06,TR018,OP049,North Pit,91.79,49.01,64.7,238.9,5.06,18.1,1.873,0
2025-06-07,TR008,OP011,Crusher,45.81,24.82,5.8,207.6,1.41,32.4,1.846,0
2025-12-14,TR006,OP023,North Pit,63.25,31.47,73.1,140.4,2.16,29.3,2.01,0
2025-02-08,TR019,OP047,North Pit,18.83,8.28,20.4,192.5,1.0,18.9,2.274,0
2025-10-02,TR026,OP026,South Pit,99.71,41.82,88.7,93.0,3.76,26.5,2.384,0
2025-09-23,TR018,OP011,Crusher,93.22,44.72,34.7,178.2,3.8,24.5,2.085,0
2025-12-25,TR027,OP004,Stockpile,76.91,37.88,19.7,171.1,2.25,34.2,2.03,0
2025-06-11,TR030,OP033,South Pit,48.89,24.08,82.6,100.2,1.44,34.0,2.03,0
2025-03-16,TR011,OP009,South Pit,46.82,24.95,41.1,103.2,1.35,34.7,1.877,0
2025-10-31,TR002,OP040,West Pit,103.2,37.3,45.6,177.6,3.67,28.1,2.767,0
2025-10-29,TR002,OP025,South Pit,69.66,35.47,76.7,61.6,2.41,28.8,1.964,0
2025-07-13,TR004,OP013,West Pit,36.32,14.51,16.0,135.0,1.51,24.1,2.503,0
2025-04-13,TR020,OP022,West Pit,14.87,10.37,81.3,196.2,0.43,34.7,1.434,0
2025-11-05,TR005,OP019,Stockpile,119.78,42.83,9.9,151.1,4.51,26.6,2.797,0
2025-09-04,TR022,OP045,West Pit,88.97,32.3,19.2,205.5,3.07,29.0,2.754,0
2025-10-27,TR029,OP004,West Pit,27.14,14.93,9.7,140.4,1.39,19.5,1.818,0
2025-09-06,TR002,OP030,Stockpile,66.35,21.05,10.1,127.2,2.81,23.6,3.152,0
2025-03-01,TR015,OP024,South Pit,50.58,18.35,9.3,140.0,1.78,28.4,2.756,0
2025-05-07,TR012,OP015,South Pit,67.75,30.02,25.3,184.7,1.9,35.6,2.257,0
2025-05-07,TR015,OP039,East Pit,66.33,28.29,35.0,114.7,2.7,24.6,2.345,0
2025-04-06,TR027,OP046,East Pit,10.34,9.26,79.4,150.3,0.56,18.6,1.117,0
2025-05-20,TR012,OP002,Crusher,73.25,40.85,49.7,123.8,2.73,26.9,1.793,0
2025-01-30,TR029,OP021,West Pit,12.91,8.54,51.7,56.5,0.36,35.6,1.512,0
2025-09-05,TR014,OP009,Crusher,81.16,30.37,34.8,148.3,2.77,29.3,2.672,0
2025-11-05,TR023,OP044,Crusher,109.72,37.53,19.0,221.8,5.33,20.6,2.924,0
2025-09-02,TR017,OP033,West Pit,17.7,9.52,37.5,176.5,0.5,35.1,1.859,0
2025-07-19,TR005,OP025,Stockpile,20.07,16.89,74.0,109.5,0.72,28.0,1.188,0
2025-03-22,TR003,OP026,West Pit,19.67,8.12,10.6,172.3,0.58,33.9,2.422,0
2025-10-23,TR030,OP009,East Pit,51.34,32.44,78.3,156.7,1.96,26.2,1.583,0
2025-11-19,TR024,OP047,Crusher,51.13,21.17,47.0,46.8,1.52,33.7,2.415,0
2025-10-22,TR005,OP037,West Pit,54.7,37.22,73.8,123.2,2.27,24.1,1.47,0
2025-05-29,TR013,OP026,East Pit,55.31,29.21,16.8,155.5,2.01,27.5,1.894,0
2025-06-05,TR007,OP019,West Pit,22.36,22.95,84.9,179.5,0.8,27.9,0.974,0
2025-09-21,TR021,OP006,Stockpile,47.35,29.99,38.0,215.5,1.37,34.5,1.579,0
2025-05-19,TR023,OP022,South Pit,88.24,49.19,26.7,59.1,3.48,25.3,1.794,0
2025-12-19,TR015,OP041,West Pit,51.7,25.18,57.0,68.5,1.9,27.2,2.053,0
2025-09-18,TR027,OP049,Stockpile,98.75,42.72,72.0,200.9,3.16,31.2,2.312,0
2025-03-02,TR003,OP041,West Pit,35.62,14.76,8.5,149.0,1.18,30.3,2.413,0
2025-10-26,TR023,OP034,Crusher,64.62,28.96,20.7,67.9,2.82,22.9,2.231,0
2025-11-23,TR020,OP043,West Pit,84.28,44.36,63.3,212.2,3.92,21.5,1.9,0
2025-05-24,TR006,OP049,East Pit,83.55,38.7,84.4,202.5,2.98,28.0,2.159,0
2025-07-14,TR020,OP023,West Pit,99.27,34.98,75.3,143.3,4.78,20.8,2.838,0
2025-01-20,TR003,OP027,Crusher,27.36,16.1,80.8,84.7,0.72,37.8,1.699,0
2025-08-21,TR023,OP048,Stockpile,34.81,17.64,70.0,89.3,1.61,21.6,1.973,0
2025-09-10,TR023,OP010,West Pit,58.1,24.84,38.0,228.6,1.54,37.7,2.339,0
2025-05-16,TR003,OP015,North Pit,72.1,39.96,72.4,236.0,2.91,24.8,1.804,0
2025-01-18,TR022,OP009,North Pit,86.77,31.67,51.8,84.1,2.4,36.1,2.74,0
2025-11-19,TR008,OP031,South Pit,38.08,17.84,43.2,174.4,1.09,35.0,2.135,0
2025-05-02,TR029,OP027,Stockpile,75.94,35.2,16.1,194.8,3.13,24.3,2.157,0
2025-12-10,TR015,OP019,North Pit,109.49,51.47,75.4,97.3,2.94,37.2,2.127,0
2025-01-17,TR001,OP032,South Pit,26.67,18.69,74.2,190.1,0.8,33.4,1.427,0
2025-09-14,TR027,OP017,North Pit,42.88,22.66,67.3,85.8,2.26,19.0,1.892,0
2025-02-20,TR013,OP046,North Pit,20.41,9.31,30.9,184.5,0.55,37.2,2.192,0
2025-02-26,TR030,OP003,East Pit,50.97,20.15,27.0,93.0,1.97,25.9,2.53,0
2025-09-29,TR006,OP013,North Pit,69.61,27.34,38.5,213.5,2.66,26.2,2.546,0
2025-10-23,TR026,OP012,Stockpile,74.62,26.14,54.3,91.4,3.62,20.6,2.855,0
2025-01-31,TR018,OP019,West Pit,53.36,30.88,33.5,65.2,2.18,24.5,1.728,0
2025-06-08,TR017,OP019,Stockpile,56.34,31.65,27.8,129.9,1.5,37.5,1.78,0
2025-06-03,TR011,OP039,Stockpile,44.9,31.86,85.8,164.0,1.31,34.2,1.409,0
2025-11-18,TR030,OP020,East Pit,110.34,59.39,29.7,223.6,5.93,18.6,1.858,0
2025-06-29,TR019,OP003,West Pit,61.48,38.15,62.1,147.7,3.18,19.3,1.612,0
2025-08-01,TR003,OP040,West Pit,42.28,19.5,22.5,75.5,1.55,27.3,2.168,0
2025-10-12,TR015,OP017,West Pit,80.56,27.66,57.6,213.2,3.11,25.9,2.913,0
2025-06-08,TR020,OP011,South Pit,59.63,25.2,41.6,177.0,1.72,34.6,2.366,0
2025-08-04,TR014,OP027,West Pit,92.51,54.04,66.5,50.4,2.69,34.4,1.712,0
2025-11-15,TR019,OP047,Crusher,16.2,16.02,65.3,58.7,0.46,34.9,1.011,0
2025-10-21,TR010,OP025,Crusher,56.51,33.24,86.2,163.0,2.33,24.2,1.7,0
2025-07-11,TR030,OP007,West Pit,110.88,39.22,34.3,197.7,3.34,33.2,2.827,0
2025-01-27,TR030,OP001,North Pit,62.56,27.96,82.2,62.5,3.09,20.2,2.237,0
2025-03-08,TR025,OP016,West Pit,117.74,69.16,45.8,190.6,5.01,23.5,1.702,0
2025-10-29,TR003,OP007,North Pit,116.87,36.86,29.8,205.6,3.56,32.8,3.171,0
2025-06-14,TR009,OP004,Stockpile,28.07,10.39,12.0,108.1,1.05,26.6,2.702,0
2025-11-26,TR009,OP025,West Pit,90.51,30.63,6.8,179.6,3.35,27.0,2.955,0
2025-11-21,TR004,OP029,North Pit,73.84,34.81,65.9,89.8,4.1,18.0,2.121,0
2025-02-24,TR028,OP012,Stockpile,32.51,24.06,57.2,106.3,1.38,23.6,1.351,0
2025-05-20,TR006,OP025,West Pit,98.54,41.92,47.1,115.6,2.91,33.9,2.351,0
2025-04-17,TR023,OP038,East Pit,11.76,9.36,65.0,199.9,0.56,21.1,1.256,0
2025-09-29,TR007,OP026,West Pit,17.82,8.23,35.5,111.2,0.72,24.9,2.165,0
2025-12-24,TR009,OP019,Stockpile,42.05,17.04,7.6,115.9,1.16,36.1,2.468,0
2025-07-20,TR030,OP015,South Pit,105.54,50.47,67.3,140.7,3.06,34.5,2.091,0
2025-07-01,TR015,OP040,Stockpile,91.37,40.01,31.2,127.7,2.45,37.3,2.284,0
2025-03-24,TR010,OP046,Crusher,69.71,31.78,33.5,100.0,2.31,30.1,2.194,0
2025-11-14,TR018,OP013,North Pit,8.79,7.78,80.6,226.1,0.3,29.2,1.13,0
2025-12-07,TR029,OP012,South Pit,50.23,25.13,41.7,203.9,1.76,28.5,1.999,0
2025-05-07,TR013,OP001,Stockpile,86.59,79.02,81.5,147.6,4.81,18.0,1.096,1
2025-09-27,TR011,OP015,Stockpile,22.63,10.49,5.5,132.4,0.66,34.5,2.157,0
2025-01-02,TR028,OP029,West Pit,73.89,25.2,34.0,65.1,2.9,25.5,2.932,0
2025-06-21,TR023,OP019,South Pit,93.01,43.24,35.3,166.7,2.81,33.1,2.151,0
2025-09-12,TR006,OP016,North Pit,110.9,47.84,18.9,80.6,2.96,37.5,2.318,0
2025-12-28,TR003,OP021,Crusher,21.71,9.76,61.9,78.6,0.91,23.9,2.224,0
2025-04-03,TR020,OP013,North Pit,70.74,29.03,50.1,176.1,2.33,30.3,2.437,0
2025-12-26,TR017,OP013,West Pit,58.78,35.37,43.2,59.8,2.96,19.8,1.662,0
2025-04-19,TR016,OP005,Stockpile,39.24,20.71,41.3,217.3,1.07,36.6,1.895,0
2025-01-06,TR019,OP015,Crusher,103.34,34.43,53.5,134.6,2.84,36.4,3.001,0
2025-02-11,TR011,OP005,North Pit,116.98,59.22,69.3,78.3,3.22,36.3,1.975,0
2025-09-10,TR013,OP006,West Pit,27.3,18.76,74.0,222.0,1.1,24.9,1.455,0
2025-12-13,TR019,OP020,Stockpile,38.61,18.0,6.3,44.9,1.09,35.4,2.145,0
2025-12-21,TR017,OP030,West Pit,37.97,19.04,79.2,87.7,1.8,21.1,1.994,0
2025-10-02,TR030,OP026,North Pit,65.12,32.58,47.9,203.3,1.77,36.8,1.999,0
2025-04-11,TR030,OP007,East Pit,105.11,56.62,5.1,43.3,2.89,36.4,1.856,0
2025-02-26,TR030,OP042,North Pit,52.66,21.88,42.4,154.8,1.45,36.2,2.407,0
2025-05-16,TR026,OP021,East Pit,59.36,26.49,62.7,179.6,2.55,23.3,2.241,0
2025-02-28,TR007,OP006,West Pit,53.12,22.73,65.6,148.8,1.45,36.6,2.337,0
2025-05-20,TR025,OP045,Crusher,51.53,24.5,31.5,173.8,1.51,34.1,2.103,0
2025-03-02,TR025,OP020,East Pit,115.27,47.51,82.3,200.2,5.26,21.9,2.426,0
2025-08-22,TR019,OP018,South Pit,73.49,34.41,55.8,164.6,1.98,37.2,2.136,0
2025-06-05,TR004,OP050,Stockpile,34.48,12.04,5.3,121.3,1.63,21.1,2.864,0
2025-05-20,TR010,OP027,Stockpile,111.39,52.93,74.3,182.6,5.85,19.0,2.104,0
2025-09-06,TR020,OP041,Crusher,15.64,10.47,41.6,161.9,0.57,27.4,1.494,0
2025-10-14,TR008,OP039,West Pit,19.93,23.47,81.3,117.7,0.59,33.8,0.849,1
2025-02-05,TR025,OP010,East Pit,95.57,42.58,42.8,110.1,2.79,34.2,2.244,0
2025-07-22,TR005,OP024,West Pit,94.51,51.68,28.6,210.0,3.48,27.2,1.829,1
2025-10-06,TR011,OP033,North Pit,33.33,19.63,66.0,233.8,1.23,27.0,1.698,0
2025-03-02,TR017,OP050,West Pit,21.24,10.74,32.7,229.8,0.6,35.5,1.978,0
2025-06-24,TR017,OP007,Stockpile,101.71,62.1,69.1,183.6,3.68,27.6,1.638,0
2025-12-14,TR027,OP045,East Pit,39.35,18.45,65.1,157.5,1.5,26.2,2.133,0
2025-12-24,TR001,OP015,Stockpile,95.98,53.33,77.1,104.7,2.57,37.3,1.8,0
2025-07-13,TR024,OP016,West Pit,102.96,44.58,29.4,192.2,4.25,24.2,2.31,0
2025-04-06,TR003,OP013,Crusher,58.35,28.11,35.0,200.6,2.69,21.7,2.076,0
2025-05-08,TR006,OP012,Crusher,53.17,20.77,22.5,220.5,2.31,23.0,2.56,0
2025-05-29,TR006,OP031,North Pit,35.54,19.78,42.0,101.9,1.71,20.8,1.797,0
2025-08-06,TR030,OP045,South Pit,109.73,37.91,28.2,95.0,4.21,26.0,2.894,0
2025-05-25,TR029,OP038,West Pit,42.67,21.47,47.5,166.5,1.84,23.2,1.987,0
2025-11-22,TR007,OP011,Stockpile,67.89,24.7,38.4,71.5,2.04,33.2,2.749,0
2025-05-25,TR021,OP036,Crusher,86.5,34.67,18.5,49.6,2.55,33.9,2.495,0
2025-10-08,TR027,OP036,Stockpile,76.79,44.82,80.4,193.7,2.3,33.4,1.713,0
2025-05-05,TR028,OP040,Stockpile,82.83,41.81,73.5,182.7,2.5,33.2,1.981,0
2025-07-10,TR017,OP001,Stockpile,62.17,36.28,32.3,202.5,1.99,31.2,1.714,0
2025-07-16,TR020,OP028,West Pit,13.68,10.9,78.0,47.0,0.42,32.8,1.255,0
2025-06-14,TR018,OP043,East Pit,87.03,39.66,74.5,236.4,3.8,22.9,2.194,0
2025-04-07,TR021,OP017,Stockpile,118.45,50.35,55.9,119.9,3.44,34.4,2.353,0
2025-04-08,TR014,OP017,East Pit,19.55,14.78,68.2,162.6,0.61,32.0,1.323,0
2025-04-12,TR003,OP009,North Pit,81.44,28.25,18.4,118.1,2.25,36.2,2.883,0
2025-10-11,TR016,OP038,East Pit,38.16,20.23,86.4,96.2,1.17,32.7,1.886,0
2025-06-15,TR030,OP031,Stockpile,73.79,34.45,46.8,41.3,3.47,21.3,2.142,0
2025-07-23,TR027,OP015,West Pit,21.28,22.3,88.9,92.1,0.56,37.8,0.954,0
2025-06-04,TR015,OP049,Stockpile,38.62,20.29,56.1,228.2,1.88,20.5,1.903,0
2025-08-27,TR015,OP035,Stockpile,69.81,40.2,81.4,68.6,2.53,27.6,1.737,0
2025-06-10,TR028,OP011,East Pit,28.18,11.19,16.0,181.6,1.18,23.8,2.518,0
2025-09-11,TR003,OP031,Crusher,80.53,37.8,17.6,235.4,4.12,19.6,2.13,0
2025-01-31,TR002,OP019,Stockpile,12.73,6.83,15.0,53.7,0.44,29.1,1.864,0
2025-11-21,TR028,OP014,Stockpile,71.74,42.15,40.4,220.1,2.51,28.6,1.702,0
2025-03-05,TR029,OP025,East Pit,41.36,17.7,39.1,148.2,1.5,27.6,2.337,0
2025-11-29,TR022,OP030,South Pit,94.31,45.71,67.2,103.1,2.98,31.6,2.063,0
2025-11-09,TR023,OP031,Crusher,64.63,34.93,40.2,234.5,2.4,26.9,1.85,0
2025-07-11,TR026,OP013,Crusher,82.19,37.01,54.8,51.3,3.56,23.1,2.221,0
2025-11-01,TR017,OP031,Crusher,51.27,17.18,5.1,128.5,2.84,18.1,2.984,0
2025-10-20,TR007,OP021,West Pit,17.95,15.83,57.1,126.7,0.73,24.6,1.134,0
2025-04-08,TR019,OP023,East Pit,78.63,24.4,5.2,211.7,2.72,29.0,3.223,0
2025-01-12,TR002,OP014,Stockpile,84.16,47.83,24.0,109.1,4.51,18.7,1.76,0
2025-05-17,TR025,OP023,Stockpile,30.42,16.97,72.9,108.0,0.85,35.7,1.793,0
2025-10-19,TR020,OP031,Crusher,79.05,30.54,48.1,60.7,3.22,24.5,2.588,0
2025-08-31,TR028,OP007,Crusher,65.34,35.34,66.6,229.0,3.1,21.1,1.849,0
2025-05-16,TR021,OP035,Stockpile,80.72,30.86,22.7,148.3,2.52,32.0,2.616,0
2025-08-02,TR001,OP007,Crusher,98.11,36.76,72.4,47.3,4.02,24.4,2.669,0
2025-02-02,TR004,OP014,Crusher,75.76,30.29,15.0,159.7,2.01,37.8,2.501,0
2025-02-28,TR019,OP008,North Pit,42.56,25.81,75.7,85.6,2.19,19.4,1.649,0
2025-05-18,TR005,OP011,Stockpile,91.95,30.64,15.4,206.7,4.21,21.8,3.001,0
2025-11-17,TR022,OP050,West Pit,69.69,37.82,71.7,217.7,3.01,23.2,1.843,0
2025-09-16,TR003,OP008,East Pit,105.77,53.97,66.2,133.1,4.67,22.6,1.96,0
2025-11-26,TR021,OP010,Stockpile,103.79,44.36,31.0,154.1,3.11,33.4,2.34,0
2025-10-02,TR030,OP032,Crusher,107.26,45.55,35.5,179.8,3.78,28.4,2.355,0
2025-01-17,TR001,OP014,Stockpile,96.92,46.34,78.6,71.9,3.57,27.2,2.091,0
2025-04-27,TR010,OP007,Crusher,47.59,20.43,29.3,229.0,2.03,23.4,2.329,0
2025-04-25,TR003,OP030,West Pit,13.48,11.45,82.9,78.5,0.39,34.8,1.177,0
2025-03-15,TR020,OP020,South Pit,77.23,26.23,19.7,177.8,2.27,34.0,2.944,0
2025-11-18,TR005,OP023,Stockpile,32.36,20.76,73.3,171.0,0.97,33.4,1.559,0
2025-05-30,TR010,OP023,North Pit,89.32,50.95,58.9,58.0,3.41,26.2,1.753,0
2025-10-28,TR011,OP012,North Pit,27.21,15.61,15.8,176.1,1.27,21.5,1.743,0
2025-10-17,TR020,OP037,Stockpile,22.75,16.45,88.7,114.9,0.66,34.4,1.383,0
2025-04-17,TR018,OP044,West Pit,44.5,18.59,39.7,206.4,1.6,27.8,2.394,0
2025-03-16,TR027,OP019,East Pit,54.92,20.76,15.4,193.5,2.61,21.0,2.645,0
2025-10-05,TR014,OP014,North Pit,28.33,19.09,62.5,205.1,0.85,33.4,1.484,0
2025-04-26,TR016,OP044,South Pit,25.45,14.09,50.8,141.3,0.71,35.8,1.806,0
2025-02-03,TR017,OP033,North Pit,21.68,12.1,22.1,131.3,0.93,23.3,1.792,0
2025-03-26,TR026,OP036,North Pit,79.4,49.0,44.3,172.3,2.85,27.9,1.62,0
2025-06-30,TR012,OP011,Stockpile,62.18,26.71,22.5,89.6,2.8,22.2,2.328,0
2025-01-10,TR012,OP011,North Pit,100.78,57.51,46.8,60.1,3.62,27.8,1.752,0
2025-05-31,TR017,OP002,West Pit,14.79,6.86,27.8,188.0,0.48,31.0,2.156,0
2025-12-13,TR017,OP041,West Pit,34.89,14.22,47.9,189.3,1.1,31.8,2.454,0
2025-11-15,TR010,OP042,South Pit,21.62,9.1,28.4,145.4,0.89,24.2,2.376,0
2025-03-28,TR015,OP017,North Pit,85.13,56.06,75.7,79.5,4.0,21.3,1.519,0
2025-01-08,TR023,OP032,North Pit,32.39,15.92,69.3,235.5,1.0,32.3,2.035,0
2025-02-20,TR018,OP027,North Pit,26.44,17.12,60.0,237.6,0.95,27.8,1.544,0
2025-12-18,TR024,OP021,North Pit,78.88,29.57,11.1,196.1,3.79,20.8,2.668,0
2025-09-04,TR004,OP008,South Pit,105.35,47.2,10.8,94.2,3.64,28.9,2.232,0
2025-07-09,TR002,OP019,Stockpile,116.38,42.88,45.4,183.3,5.43,21.4,2.714,0
2025-12-11,TR021,OP024,South Pit,33.37,22.69,85.3,175.7,0.95,35.1,1.471,0
2025-12-18,TR001,OP013,East Pit,67.13,28.17,24.3,67.9,2.47,27.2,2.383,0
2025-06-23,TR013,OP033,West Pit,66.85,44.03,73.8,229.4,2.22,30.0,1.518,0
2025-07-20,TR004,OP017,South Pit,12.49,6.06,20.0,83.7,0.57,21.9,2.061,0
2025-04-09,TR009,OP035,South Pit,27.02,16.43,64.1,174.1,1.14,23.7,1.645,0
2025-12-17,TR002,OP010,West Pit,111.77,50.46,14.0,203.3,3.95,28.3,2.215,0
2025-01-17,TR027,OP034,Crusher,35.97,25.47,66.3,217.4,1.07,33.6,1.412,0
2025-04-05,TR026,OP036,North Pit,78.88,41.22,52.7,95.0,3.35,23.6,1.914,0
2025-10-01,TR027,OP005,East Pit,10.39,5.09,17.7,80.1,0.47,21.9,2.041,0
2025-02-10,TR029,OP042,West Pit,41.63,18.34,35.5,68.1,1.17,35.6,2.27,0
2025-02-28,TR001,OP033,South Pit,66.21,33.21,26.4,107.7,2.91,22.8,1.994,0
2025-10-04,TR025,OP028,North Pit,52.87,22.16,43.9,132.5,1.62,32.7,2.386,0
2025-04-22,TR014,OP043,North Pit,78.88,39.25,30.6,170.6,2.76,28.6,2.01,0
2025-05-09,TR019,OP015,North Pit,64.19,29.34,17.1,65.2,1.96,32.7,2.188,0
2025-04-10,TR006,OP047,Stockpile,39.27,18.76,66.9,223.9,1.28,30.8,2.093,0
2025-12-23,TR015,OP045,North Pit,118.53,45.83,75.2,73.1,6.1,19.4,2.586,0
2025-05-13,TR030,OP021,East Pit,18.22,10.82,79.1,117.5,0.6,30.2,1.684,0
2025-09-20,TR023,OP041,West Pit,64.02,28.97,75.8,180.0,1.92,33.3,2.21,0
2025-06-29,TR021,OP009,Stockpile,101.51,43.1,57.6,87.7,3.91,26.0,2.355,0
2025-01-05,TR030,OP045,East Pit,35.29,16.79,52.1,228.6,1.8,19.6,2.102,0
2025-03-14,TR024,OP028,South Pit,35.18,17.25,66.5,88.4,1.87,18.8,2.039,0
2025-10-05,TR022,OP001,Crusher,94.12,37.64,38.5,151.8,3.12,30.2,2.501,0
2025-02-12,TR012,OP044,South Pit,119.9,55.46,24.0,224.2,3.55,33.8,2.162,0
2025-01-31,TR028,OP016,Crusher,99.11,33.86,14.2,71.6,3.27,30.3,2.927,0
2025-04-02,TR010,OP045,North Pit,66.67,42.74,46.0,212.5,3.19,20.9,1.56,0
2025-06-20,TR030,OP013,South Pit,86.26,39.17,37.0,131.8,2.69,32.1,2.202,0
2025-06-06,TR007,OP021,West Pit,15.82,17.5,38.6,77.5,0.53,30.0,0.904,1
2025-01-16,TR029,OP014,West Pit,103.71,38.93,35.3,198.7,3.7,28.0,2.664,0
2025-12-31,TR030,OP024,North Pit,84.22,31.85,23.1,88.6,2.53,33.2,2.644,0
2025-03-23,TR023,OP027,Crusher,55.61,25.74,85.9,108.6,2.58,21.6,2.16,0
2025-05-20,TR012,OP014,South Pit,116.51,46.45,41.6,46.5,4.92,23.7,2.508,0
2025-12-25,TR019,OP019,West Pit,61.6,34.54,37.3,131.0,2.22,27.7,1.783,0
2025-10-23,TR030,OP032,North Pit,13.91,5.79,8.5,144.4,0.41,34.0,2.402,0
2025-10-24,TR022,OP017,West Pit,65.9,43.11,68.4,185.3,1.83,36.0,1.529,0
2025-03-08,TR028,OP001,North Pit,18.92,13.41,64.4,184.1,0.71,26.6,1.411,0
2025-10-03,TR011,OP025,South Pit,107.05,38.58,15.8,167.2,4.31,24.8,2.775,0
2025-03-14,TR010,OP038,West Pit,59.26,34.51,81.3,83.6,1.93,30.7,1.717,0
2025-03-23,TR002,OP020,North Pit,86.61,37.39,80.4,64.7,3.87,22.4,2.316,0
2025-07-28,TR026,OP048,East Pit,43.69,26.23,21.4,41.9,1.96,22.3,1.666,0
2025-05-23,TR026,OP011,Stockpile,46.81,15.24,15.3,85.8,1.86,25.1,3.072,0
2025-02-28,TR025,OP042,Stockpile,8.83,10.95,51.6,167.4,0.44,20.2,0.806,0
2025-10-17,TR009,OP020,Stockpile,103.83,50.14,34.2,101.8,2.83,36.6,2.071,0
2025-01-09,TR024,OP047,East Pit,114.19,45.78,64.2,172.6,6.15,18.6,2.494,0
2025-10-10,TR029,OP010,Crusher,64.45,29.76,16.1,169.7,1.98,32.6,2.166,0
2025-09-04,TR018,OP003,East Pit,63.03,32.49,77.8,109.3,2.21,28.5,1.94,0
2025-10-06,TR011,OP023,Stockpile,85.23,39.74,15.6,168.3,4.27,20.0,2.145,0
2025-10-27,TR017,OP029,Stockpile,62.48,37.05,72.7,56.7,1.92,32.6,1.686,0
2025-03-28,TR030,OP042,Crusher,98.93,43.16,83.2,161.0,3.01,32.9,2.292,0
2025-01-06,TR020,OP047,Crusher,76.02,39.86,83.6,212.3,4.19,18.1,1.907,0
2025-08-21,TR027,OP035,North Pit,70.93,43.33,69.7,74.4,2.28,31.1,1.637,0
2025-05-11,TR009,OP038,Crusher,111.93,44.71,18.7,120.7,3.66,30.6,2.503,0
2025-06-15,TR029,OP027,Stockpile,19.76,11.26,29.1,226.1,0.67,29.6,1.755,0
2025-06-25,TR004,OP003,East Pit,89.58,47.3,60.9,54.3,2.71,33.1,1.894,0
2025-12-26,TR006,OP012,East Pit,101.66,37.6,24.0,210.1,5.08,20.0,2.704,0
2025-03-02,TR003,OP016,Stockpile,95.32,47.7,84.9,144.0,4.92,19.4,1.998,0
2025-03-29,TR005,OP020,Stockpile,103.21,37.45,29.4,139.4,3.74,27.6,2.756,0
2025-02-18,TR025,OP047,West Pit,58.79,26.46,51.8,148.0,2.81,20.9,2.222,0
2025-11-11,TR026,OP010,East Pit,58.24,31.95,17.3,126.0,2.68,21.7,1.823,0
2025-09-13,TR013,OP031,West Pit,113.71,42.4,35.8,147.6,5.34,21.3,2.682,0
2025-07-24,TR016,OP032,West Pit,108.11,45.74,35.3,235.5,3.21,33.6,2.364,0
2025-12-07,TR015,OP023,Stockpile,85.87,44.51,13.0,236.9,3.44,24.9,1.929,0
2025-08-29,TR024,OP028,East Pit,88.33,40.46,61.0,140.6,3.06,28.8,2.183,0
2025-09-16,TR018,OP022,Crusher,44.95,16.83,18.6,100.9,1.67,26.9,2.671,0
2025-04-11,TR002,OP025,East Pit,91.65,41.79,41.7,66.0,3.38,27.1,2.193,0
2025-05-03,TR011,OP003,East Pit,10.39,13.7,70.8,115.4,0.34,30.6,0.758,0
2025-06-19,TR029,OP014,Crusher,19.75,6.66,5.3,93.9,0.99,19.9,2.965,0
2025-03-14,TR002,OP015,Stockpile,55.42,32.94,46.6,133.8,1.47,37.7,1.682,0
2025-05-27,TR003,OP015,South Pit,90.24,37.9,88.1,115.3,3.35,27.0,2.381,0
2025-06-13,TR003,OP045,South Pit,9.08,11.33,70.0,44.3,0.42,21.6,0.801,0
2025-05-25,TR026,OP018,Stockpile,99.85,36.77,42.1,213.6,5.2,19.2,2.716,0
2025-05-03,TR025,OP009,South Pit,55.74,33.83,83.1,218.8,1.68,33.2,1.648,0
2025-09-12,TR003,OP039,East Pit,115.23,68.46,51.8,192.6,4.88,23.6,1.683,0
2025-06-02,TR012,OP045,North Pit,97.68,42.27,26.8,166.4,3.21,30.4,2.311,0
2025-07-19,TR008,OP015,East Pit,9.55,7.22,41.3,67.0,0.45,21.2,1.323,0
2025-08-19,TR002,OP003,West Pit,117.85,60.13,35.6,200.5,3.46,34.1,1.96,0
2025-07-12,TR014,OP014,Crusher,99.33,85.06,69.2,76.6,3.11,32.0,1.168,1
2025-08-15,TR017,OP014,East Pit,61.97,37.87,29.8,195.0,2.1,29.5,1.636,0
2025-02-25,TR012,OP039,East Pit,59.79,27.55,34.6,236.4,1.82,32.9,2.17,0
2025-03-16,TR006,OP002,West Pit,58.89,35.44,52.5,117.5,2.84,20.8,1.662,0
2025-01-16,TR004,OP043,East Pit,63.33,37.49,42.5,165.6,2.68,23.7,1.689,0
2025-11-21,TR027,OP042,West Pit,107.93,62.18,82.0,170.8,2.98,36.2,1.736,0
2025-11-06,TR003,OP001,East Pit,45.71,25.26,31.7,207.6,1.47,31.2,1.81,0
2025-02-17,TR008,OP046,South Pit,75.73,47.04,87.5,213.1,3.82,19.8,1.61,0
2025-11-15,TR030,OP029,West Pit,95.21,57.84,74.9,231.7,4.99,19.1,1.646,0
2025-06-15,TR024,OP041,West Pit,94.96,40.45,44.9,219.5,2.89,32.9,2.348,0
2025-12-18,TR016,OP015,Stockpile,22.19,13.3,8.6,107.9,0.83,26.9,1.668,0
2025-05-24,TR018,OP001,North Pit,87.18,37.4,60.8,161.9,3.61,24.1,2.331,0
2025-08-20,TR026,OP040,South Pit,54.77,17.64,23.6,89.9,2.14,25.6,3.105,0
2025-06-30,TR009,OP018,Stockpile,115.07,65.4,74.0,187.2,3.25,35.4,1.759,0
2025-05-05,TR028,OP047,West Pit,85.52,47.72,67.9,42.2,2.34,36.5,1.792,0
2025-01-08,TR008,OP047,Crusher,26.53,13.3,23.1,112.9,0.9,29.6,1.995,0
2025-06-23,TR016,OP007,West Pit,22.85,16.08,39.7,171.2,0.81,28.1,1.421,0
2025-07-19,TR023,OP028,North Pit,27.42,13.54,11.2,56.6,0.99,27.8,2.025,0
2025-07-06,TR025,OP031,Crusher,63.42,21.32,24.2,178.8,3.16,20.1,2.975,0
2025-07-11,TR004,OP014,West Pit,23.9,17.17,50.2,139.2,1.06,22.5,1.392,0
2025-12-05,TR016,OP049,South Pit,19.43,7.04,15.5,66.7,0.77,25.3,2.76,0
2025-04-02,TR027,OP021,West Pit,27.96,12.26,55.7,120.8,1.22,23.0,2.281,0
2025-01-15,TR005,OP014,East Pit,51.41,29.31,70.3,207.7,1.98,25.9,1.754,0
2025-06-22,TR023,OP022,South Pit,111.26,54.27,20.6,123.9,4.17,26.7,2.05,0
2025-01-26,TR015,OP037,East Pit,93.28,30.17,8.4,196.1,4.94,18.9,3.092,0
2025-07-25,TR021,OP016,South Pit,34.41,15.78,68.6,151.7,1.75,19.6,2.181,0
2025-01-31,TR007,OP043,West Pit,100.1,35.76,71.3,106.5,2.82,35.6,2.799,0
2025-11-10,TR023,OP025,Crusher,108.32,60.75,84.9,150.5,3.4,31.8,1.783,0
2025-03-06,TR014,OP018,East Pit,80.95,31.21,29.4,53.0,3.04,26.7,2.594,0
2025-08-23,TR005,OP025,South Pit,89.26,32.77,50.2,206.3,2.4,37.2,2.724,0
2025-02-15,TR019,OP039,East Pit,35.16,17.16,50.8,141.2,1.26,28.0,2.049,0
2025-05-07,TR002,OP011,East Pit,33.33,18.81,43.7,165.4,0.95,35.0,1.772,0
2025-01-02,TR011,OP039,South Pit,52.38,20.28,56.6,117.8,1.54,33.9,2.583,0
2025-09-22,TR008,OP017,South Pit,16.24,9.73,14.6,232.6,0.72,22.7,1.669,0
2025-09-29,TR028,OP026,Stockpile,76.67,30.75,40.0,229.9,2.79,27.5,2.493,0
2025-09-01,TR002,OP038,West Pit,54.88,25.11,49.3,122.5,2.47,22.2,2.186,0
2025-12-09,TR025,OP006,North Pit,36.16,18.47,29.3,205.2,1.39,26.1,1.958,0
2025-10-13,TR001,OP005,Crusher,90.65,30.38,16.3,93.1,2.98,30.4,2.984,0
2025-10-28,TR004,OP005,Crusher,56.19,29.39,7.6,64.1,1.91,29.4,1.912,0
2025-09-12,TR016,OP011,Crusher,87.29,37.04,19.5,233.0,2.59,33.7,2.357,0
2025-11-03,TR007,OP037,East Pit,113.88,44.93,74.8,165.2,3.92,29.1,2.535,0
2025-03-18,TR024,OP017,North Pit,58.66,35.06,61.4,112.8,1.73,33.9,1.673,0
2025-04-04,TR008,OP038,West Pit,100.15,54.25,77.1,210.2,4.37,22.9,1.846,0
2025-04-13,TR019,OP037,West Pit,24.13,16.8,60.9,71.8,1.15,21.1,1.436,0
2025-11-08,TR007,OP021,East Pit,48.98,22.14,53.3,129.5,1.47,33.4,2.212,0
2025-11-29,TR002,OP036,North Pit,96.23,52.9,67.2,44.3,3.28,29.3,1.819,0
2025-07-29,TR023,OP038,West Pit,31.93,14.47,54.5,123.9,1.26,25.3,2.207,0
2025-01-24,TR017,OP018,Stockpile,90.24,47.34,70.4,80.6,2.48,36.4,1.906,0
2025-10-26,TR004,OP012,Crusher,45.5,18.18,53.5,72.7,1.79,25.4,2.503,0
2025-10-30,TR009,OP008,East Pit,91.97,42.0,50.6,107.9,4.65,19.8,2.19,0
2025-02-16,TR008,OP018,West Pit,97.6,43.83,7.2,220.3,2.64,36.9,2.227,0
2025-09-07,TR013,OP004,North Pit,12.82,7.25,28.4,110.3,0.37,35.0,1.768,0
2025-09-30,TR018,OP024,Crusher,95.76,51.37,29.1,98.2,2.84,33.8,1.864,0
2025-12-04,TR004,OP012,West Pit,100.0,44.54,72.0,162.5,4.33,23.1,2.245,0
2025-11-07,TR004,OP041,South Pit,103.74,37.03,13.1,228.4,3.04,34.1,2.802,0
2025-01-13,TR029,OP027,Stockpile,10.28,12.6,87.1,62.7,0.56,18.4,0.816,0
2025-01-20,TR026,OP033,West Pit,52.71,22.7,66.8,42.4,1.73,30.5,2.322,0
2025-04-27,TR004,OP034,Stockpile,89.59,39.01,55.2,66.3,2.76,32.4,2.297,0
2025-12-20,TR017,OP006,North Pit,58.87,22.04,59.9,150.8,1.56,37.7,2.671,0
2025-11-22,TR029,OP005,West Pit,19.27,12.57,62.0,90.4,0.56,34.4,1.533,0
2025-11-10,TR008,OP032,West Pit,62.14,32.63,7.8,96.4,2.28,27.3,1.904,0
2025-06-27,TR023,OP028,South Pit,30.53,9.73,7.5,184.3,1.65,18.5,3.138,0
2025-12-20,TR014,OP048,East Pit,25.21,21.88,89.5,153.3,0.77,32.6,1.152,0
2025-03-03,TR019,OP014,South Pit,117.04,42.42,64.9,180.2,3.71,31.6,2.759,0
2025-10-01,TR009,OP015,South Pit,34.05,27.11,56.4,233.1,1.56,21.9,1.256,0
2025-11-02,TR020,OP005,North Pit,86.58,45.32,56.8,200.2,2.72,31.9,1.91,0
2025-11-01,TR029,OP047,Crusher,60.56,30.53,76.0,64.2,2.11,28.7,1.984,0
2025-06-01,TR009,OP034,Stockpile,58.47,23.57,53.7,103.3,2.12,27.6,2.481,0
2025-05-10,TR022,OP008,South Pit,21.04,20.84,86.1,115.7,0.57,37.0,1.01,0
2025-08-01,TR004,OP009,East Pit,75.21,39.55,8.0,51.0,3.54,21.2,1.902,0
2025-02-25,TR021,OP003,South Pit,65.86,29.44,62.9,139.4,2.55,25.9,2.237,0
2025-02-11,TR003,OP025,Stockpile,13.98,10.64,81.0,63.8,0.52,27.1,1.314,0
2025-05-26,TR004,OP029,West Pit,79.31,35.58,14.8,134.4,2.39,33.2,2.229,0
2025-10-22,TR005,OP035,North Pit,31.88,10.96,27.1,133.1,1.04,30.6,2.909,0
2025-12-27,TR021,OP043,East Pit,100.32,44.87,50.1,77.0,3.69,27.2,2.236,0
2025-03-20,TR003,OP015,East Pit,61.42,19.82,5.7,236.4,3.35,18.3,3.099,0
2025-11-18,TR019,OP018,Stockpile,98.28,53.44,56.9,103.0,2.78,35.4,1.839,0
2025-05-13,TR030,OP028,Crusher,36.22,21.88,63.7,159.2,1.82,19.9,1.655,0
2025-12-13,TR007,OP006,Stockpile,85.01,32.65,88.8,238.1,2.72,31.2,2.604,0
2025-04-16,TR021,OP018,Stockpile,65.61,27.4,44.2,182.6,2.4,27.3,2.395,0
2025-11-17,TR012,OP010,South Pit,56.52,30.37,42.7,63.7,1.69,33.5,1.861,0
2025-11-22,TR022,OP003,East Pit,87.79,29.73,40.8,156.6,2.99,29.4,2.953,0
2025-09-14,TR022,OP013,South Pit,116.88,59.28,33.0,112.2,3.57,32.8,1.972,0
2025-05-31,TR021,OP024,Stockpile,17.53,16.68,86.5,136.0,0.68,25.9,1.051,0
2025-07-16,TR013,OP044,West Pit,106.22,42.37,8.7,85.7,3.66,29.0,2.507,0
2025-07-02,TR007,OP048,West Pit,46.55,26.94,48.1,210.1,1.83,25.5,1.728,0
2025-02-03,TR013,OP014,Crusher,20.28,14.07,63.3,78.2,0.55,36.8,1.441,0
2025-12-31,TR010,OP005,West Pit,67.05,26.24,25.6,70.3,2.3,29.2,2.555,0
2025-05-17,TR010,OP007,West Pit,108.77,55.92,73.6,85.9,4.98,21.8,1.945,0
2025-04-17,TR007,OP009,North Pit,80.08,42.86,72.6,236.7,2.93,27.4,1.868,0
2025-07-23,TR017,OP003,Crusher,112.57,42.12,86.0,161.9,4.18,27.0,2.673,0
2025-11-14,TR009,OP027,Crusher,67.6,32.96,45.9,124.2,2.13,31.8,2.051,0
2025-05-15,TR025,OP035,North Pit,48.21,27.55,44.6,226.6,1.81,26.6,1.75,0
2025-11-20,TR003,OP029,South Pit,18.2,10.06,10.6,182.0,0.59,30.8,1.809,0
2025-01-06,TR017,OP028,West Pit,47.26,26.93,41.7,119.4,1.58,30.0,1.755,0
2025-12-15,TR022,OP045,North Pit,53.03,23.12,54.0,213.4,2.18,24.3,2.294,0
2025-08-22,TR011,OP033,North Pit,102.29,45.26,41.7,104.5,5.6,18.3,2.26,0
2025-07-02,TR016,OP038,Crusher,22.45,11.31,72.3,144.2,0.85,26.5,1.985,0
2025-08-17,TR027,OP024,East Pit,34.73,19.06,10.3,144.0,1.22,28.4,1.822,0
2025-07-06,TR026,OP021,Crusher,119.2,56.1,70.2,59.1,4.05,29.4,2.125,0
2025-04-24,TR018,OP038,Stockpile,98.24,49.37,77.0,83.6,3.54,27.7,1.99,0
2025-05-28,TR010,OP016,South Pit,100.23,52.04,70.8,128.7,3.93,25.5,1.926,0
2025-07-05,TR028,OP011,Crusher,74.74,52.42,83.5,105.0,2.49,30.0,1.426,0
2025-06-18,TR023,OP010,West Pit,107.43,51.25,87.7,147.4,5.05,21.3,2.096,0
2025-07-23,TR013,OP005,Crusher,103.18,36.68,26.2,237.8,4.86,21.2,2.813,0
2025-12-27,TR025,OP010,East Pit,59.37,31.79,53.5,140.6,2.92,20.3,1.868,0
2025-03-21,TR020,OP015,Crusher,93.8,42.76,18.5,40.9,4.93,19.0,2.194,0
2025-03-06,TR001,OP019,East Pit,54.12,29.75,36.1,183.5,1.53,35.4,1.819,0
2025-02-24,TR018,OP007,East Pit,93.21,48.06,24.5,149.5,4.37,21.3,1.939,0
2025-07-26,TR009,OP030,Crusher,98.75,48.47,10.6,46.7,5.25,18.8,2.037,0
2025-11-20,TR006,OP048,North Pit,113.06,63.91,79.3,137.3,3.89,29.1,1.769,0
2025-12-27,TR006,OP048,East Pit,79.89,32.58,27.9,148.5,3.67,21.7,2.452,0
2025-01-07,TR006,OP003,Crusher,118.53,62.42,26.5,56.9,3.53,33.6,1.899,0
2025-05-27,TR014,OP042,East Pit,70.9,29.18,86.6,136.2,3.64,19.5,2.43,0
2025-09-26,TR018,OP038,Stockpile,18.71,7.73,10.2,223.6,0.83,22.6,2.42,0
2025-06-05,TR028,OP042,East Pit,29.28,21.41,84.1,141.3,0.78,37.5,1.368,0
2025-02-25,TR014,OP014,South Pit,13.05,16.1,75.9,73.3,0.47,27.6,0.811,0
2025-08-07,TR026,OP011,East Pit,116.85,50.17,70.1,145.5,4.0,29.2,2.329,0
2025-04-06,TR004,OP021,South Pit,81.1,36.32,41.2,173.7,2.5,32.4,2.233,0
2025-04-21,TR028,OP012,East Pit,109.77,43.98,85.6,228.2,4.64,23.6,2.496,0
2025-09-22,TR024,OP035,West Pit,28.65,16.9,83.6,67.5,1.16,24.7,1.695,0
2025-06-25,TR009,OP047,North Pit,34.48,13.59,25.2,103.3,1.18,29.3,2.537,0
2025-05-07,TR021,OP010,Crusher,36.26,12.75,13.6,237.6,1.21,30.1,2.844,0
2025-09-14,TR001,OP011,North Pit,110.85,45.36,48.0,213.7,5.16,21.5,2.444,0
2025-10-28,TR002,OP050,Crusher,11.43,10.12,55.6,98.0,0.42,27.2,1.129,0
2025-06-20,TR002,OP045,West Pit,86.57,43.35,39.5,185.4,3.8,22.8,1.997,0
2025-05-31,TR005,OP040,Stockpile,84.78,44.96,35.7,56.1,2.86,29.7,1.886,0
2025-04-14,TR026,OP035,Stockpile,15.75,6.18,11.6,82.4,0.5,31.4,2.549,0
2025-09-12,TR006,OP012,Crusher,119.96,43.19,51.7,67.7,3.17,37.8,2.777,0
2025-10-17,TR024,OP049,South Pit,114.94,41.15,30.5,180.9,3.29,34.9,2.793,0
2025-07-24,TR009,OP017,North Pit,118.31,38.99,19.2,109.6,4.31,27.5,3.034,0
2025-07-28,TR008,OP035,East Pit,32.88,13.34,5.6,111.6,1.31,25.2,2.465,0
2025-09-05,TR021,OP006,North Pit,84.3,32.49,26.9,153.3,2.52,33.4,2.595,0
2025-05-21,TR011,OP004,North Pit,94.98,43.82,46.4,126.4,3.06,31.0,2.168,0
2025-06-30,TR025,OP049,Crusher,16.46,6.99,18.4,102.4,0.5,33.1,2.355,0
2025-04-04,TR029,OP001,North Pit,17.44,7.0,15.1,64.7,0.63,27.6,2.491,0
2025-03-19,TR028,OP011,South Pit,25.36,16.27,82.4,174.2,0.93,27.2,1.559,0
2025-06-11,TR012,OP033,Stockpile,62.99,29.28,70.1,149.3,2.13,29.6,2.151,0
2025-01-08,TR020,OP012,East Pit,85.31,38.79,23.4,202.9,2.51,34.0,2.199,0
2025-12-21,TR003,OP009,East Pit,32.74,17.29,11.5,51.2,1.35,24.3,1.894,0
2025-01-05,TR019,OP016,South Pit,38.26,17.44,39.6,124.5,1.12,34.2,2.194,0
2025-08-06,TR017,OP004,West Pit,68.61,31.53,78.3,47.6,3.48,19.7,2.176,0
2025-07-22,TR013,OP021,East Pit,74.55,27.94,22.4,47.7,3.09,24.2,2.668,0
2025-02-19,TR014,OP042,North Pit,101.04,40.97,23.3,44.0,2.88,35.1,2.466,0
2025-01-30,TR007,OP038,North Pit,66.11,25.35,54.3,127.9,3.21,20.6,2.608,0
2025-01-22,TR024,OP049,Stockpile,43.04,24.56,28.4,187.0,2.13,20.2,1.752,0
2025-02-25,TR013,OP036,Crusher,72.9,30.79,40.8,207.0,3.7,19.7,2.368,0
2025-04-13,TR014,OP022,North Pit,21.21,16.73,76.5,136.2,0.63,33.5,1.268,0
2025-07-21,TR003,OP029,South Pit,39.04,14.41,10.2,101.3,1.32,29.6,2.709,0
2025-04-09,TR002,OP047,South Pit,96.37,38.75,65.3,190.3,3.11,31.0,2.487,0
2025-04-27,TR008,OP047,North Pit,51.28,22.61,46.9,161.1,1.84,27.9,2.268,0
2025-02-08,TR009,OP014,Stockpile,18.77,17.84,77.5,74.0,1.0,18.8,1.052,0
2025-11-03,TR005,OP050,North Pit,79.0,32.55,20.0,168.8,2.22,35.5,2.427,0
2025-09-10,TR023,OP017,South Pit,101.97,53.29,19.5,60.6,3.73,27.3,1.913,0
2025-12-18,TR016,OP015,Stockpile,40.3,22.36,45.9,190.0,1.38,29.1,1.802,0
2025-06-09,TR013,OP004,South Pit,94.04,43.43,38.5,179.5,2.85,32.9,2.165,0
2025-11-17,TR030,OP013,Crusher,86.49,33.18,18.5,148.6,4.44,19.5,2.607,0
2025-11-18,TR006,OP021,North Pit,58.19,21.72,64.5,139.0,3.13,18.6,2.679,0
2025-07-08,TR008,OP026,Stockpile,85.89,36.43,10.8,169.5,2.3,37.4,2.358,0
2025-07-30,TR004,OP030,West Pit,47.97,31.97,81.2,73.2,1.56,30.7,1.5,0
2025-07-06,TR013,OP033,Crusher,60.47,23.15,32.7,236.0,2.41,25.1,2.612,0
2025-10-26,TR009,OP019,Stockpile,67.91,30.18,72.3,115.7,2.09,32.5,2.25,0
2025-05-07,TR002,OP023,East Pit,87.24,35.44,18.6,217.8,2.53,34.5,2.462,0
2025-07-30,TR028,OP040,East Pit,22.73,17.13,71.5,227.5,1.25,18.1,1.327,0
2025-08-15,TR025,OP025,North Pit,103.23,41.06,80.9,73.6,5.55,18.6,2.514,0
2025-04-16,TR011,OP027,Stockpile,34.81,12.04,23.8,235.6,0.93,37.3,2.891,0
2025-12-07,TR019,OP032,Crusher,98.27,41.13,59.1,221.3,2.87,34.3,2.389,0
2025-03-23,TR003,OP041,South Pit,59.33,28.31,12.0,197.0,2.15,27.6,2.096,0
2025-03-15,TR008,OP027,South Pit,34.27,16.19,28.1,214.5,1.14,30.0,2.117,0
2025-05-20,TR006,OP022,North Pit,25.14,11.81,23.1,179.8,1.01,24.9,2.129,0
2025-06-17,TR002,OP006,North Pit,109.27,47.93,77.2,164.2,5.62,19.5,2.28,0
2025-08-19,TR009,OP001,Crusher,83.83,38.88,21.8,202.4,2.35,35.7,2.156,0
2025-06-07,TR014,OP019,Stockpile,56.4,28.32,61.9,157.7,2.9,19.4,1.992,0
2025-09-13,TR003,OP005,Stockpile,95.74,54.96,14.3,43.6,4.5,21.3,1.742,0
2025-04-30,TR007,OP037,East Pit,44.74,17.65,59.2,47.0,1.36,32.8,2.535,0
2025-11-29,TR004,OP045,Crusher,26.47,10.73,43.5,91.2,1.03,25.6,2.467,0
2025-04-14,TR025,OP010,South Pit,18.35,10.71,39.8,86.4,0.75,24.6,1.713,0
2025-02-03,TR003,OP041,East Pit,55.99,18.89,13.9,218.6,1.7,33.0,2.964,0
2025-03-21,TR023,OP025,Stockpile,84.66,38.52,30.4,228.5,3.99,21.2,2.198,0
2025-03-01,TR030,OP018,Crusher,100.45,36.71,35.2,41.3,4.85,20.7,2.736,0
2025-10-01,TR020,OP048,Stockpile,115.97,59.28,42.8,96.0,3.9,29.8,1.956,0
2025-11-16,TR014,OP049,Stockpile,99.25,40.23,16.3,171.6,3.19,31.1,2.467,0
2025-03-05,TR015,OP030,South Pit,27.08,10.29,16.6,225.0,0.73,36.9,2.632,0
2025-02-16,TR007,OP026,West Pit,108.66,38.28,77.4,41.0,2.95,36.8,2.839,0
2025-12-06,TR025,OP039,North Pit,93.29,34.23,35.0,165.4,2.46,37.9,2.725,0
2025-04-27,TR016,OP035,East Pit,55.17,21.59,29.8,56.3,1.78,31.0,2.555,0
2025-01-22,TR022,OP044,West Pit,96.05,40.84,46.9,99.8,3.61,26.6,2.352,0
2025-10-09,TR020,OP007,South Pit,45.88,21.87,71.6,52.7,1.6,28.6,2.098,0
2025-07-21,TR001,OP050,West Pit,116.44,64.16,62.2,98.3,6.13,19.0,1.815,0
2025-01-01,TR005,OP050,Stockpile,17.58,15.14,87.4,218.3,0.61,28.6,1.161,0
2025-04-27,TR010,OP033,East Pit,69.47,22.74,17.3,56.3,2.72,25.6,3.055,0
2025-11-17,TR002,OP033,Stockpile,103.6,37.92,24.4,171.7,3.97,26.1,2.732,0
2025-04-04,TR025,OP001,North Pit,71.97,23.25,15.7,144.3,2.83,25.5,3.095,0
2025-02-11,TR016,OP011,East Pit,55.22,21.72,61.7,211.2,1.81,30.6,2.542,0
2025-01-27,TR007,OP040,Stockpile,104.3,36.43,10.7,133.4,4.19,24.9,2.863,0
2025-09-20,TR008,OP005,Crusher,90.83,53.44,50.8,143.8,2.86,31.7,1.7,0
2025-10-14,TR028,OP007,South Pit,24.53,15.73,36.9,105.8,0.95,25.7,1.559,0
2025-07-16,TR028,OP004,Stockpile,31.08,17.61,18.5,191.1,0.93,33.3,1.765,0
2025-08-27,TR020,OP040,East Pit,81.39,48.34,39.0,40.7,2.25,36.1,1.684,0
2025-11-10,TR012,OP018,West Pit,42.06,16.52,11.8,44.3,1.99,21.2,2.546,0
2025-09-08,TR012,OP027,Stockpile,103.4,38.65,17.9,49.8,3.04,34.0,2.675,0
2025-05-15,TR012,OP008,West Pit,73.66,27.27,17.9,216.1,4.08,18.1,2.701,0
2025-07-25,TR023,OP019,North Pit,60.1,22.66,15.4,210.1,2.54,23.7,2.652,0
2025-10-07,TR030,OP004,East Pit,12.09,6.51,48.5,83.6,0.42,28.7,1.857,0
2025-01-15,TR010,OP018,East Pit,25.99,19.31,46.6,161.9,0.69,37.6,1.346,0
2025-06-06,TR017,OP020,East Pit,33.96,20.46,68.6,217.4,0.9,37.5,1.66,0
2025-07-20,TR013,OP037,East Pit,119.99,42.08,40.0,55.3,4.38,27.4,2.851,0
2025-11-18,TR024,OP045,North Pit,36.49,18.34,35.2,214.4,1.5,24.3,1.99,0
2025-12-08,TR019,OP035,West Pit,22.73,15.75,38.9,216.6,0.78,29.1,1.443,0
2025-10-29,TR006,OP049,Stockpile,79.73,51.69,82.5,222.4,2.32,34.4,1.542,0
2025-07-14,TR024,OP015,East Pit,100.56,41.97,44.2,188.5,5.11,19.7,2.396,0
2025-09-07,TR029,OP011,East Pit,50.33,31.49,51.9,221.5,2.34,21.5,1.598,0
2025-02-07,TR023,OP049,Stockpile,27.73,21.4,48.2,128.4,1.38,20.1,1.296,0
2025-04-11,TR028,OP037,Stockpile,112.24,62.2,75.6,41.5,4.61,24.3,1.805,0
2025-05-11,TR003,OP039,North Pit,9.03,11.48,82.7,68.0,0.31,29.4,0.787,0
2025-09-03,TR007,OP039,Stockpile,26.05,10.19,25.9,95.7,1.39,18.7,2.556,0
2025-11-27,TR008,OP050,North Pit,37.39,22.41,82.7,49.4,1.05,35.5,1.668,0
2025-09-19,TR011,OP023,Crusher,30.26,22.73,45.2,132.8,0.8,37.7,1.331,0
2025-05-28,TR003,OP017,West Pit,108.96,38.77,13.2,215.3,3.0,36.3,2.81,0
2025-06-30,TR009,OP006,Crusher,43.05,21.13,62.3,198.0,1.5,28.7,2.037,0
2025-09-29,TR026,OP031,Crusher,119.67,38.38,15.9,161.3,5.15,23.2,3.118,0
2025-03-14,TR017,OP035,West Pit,44.9,20.55,85.3,198.6,1.3,34.5,2.185,0
2025-12-26,TR030,OP022,East Pit,26.49,20.78,54.5,144.0,0.85,31.2,1.275,0
2025-08-18,TR017,OP018,Crusher,10.13,7.01,71.5,201.6,0.47,21.5,1.445,0
2025-01-26,TR016,OP030,South Pit,89.61,41.75,48.6,202.2,2.7,33.2,2.146,0
2025-07-10,TR010,OP004,Stockpile,108.61,38.42,56.6,144.6,3.16,34.4,2.827,0
2025-02-01,TR026,OP004,South Pit,19.91,9.15,15.9,227.7,0.82,24.2,2.176,0
2025-10-19,TR012,OP040,West Pit,33.33,13.92,26.8,190.2,1.12,29.7,2.394,0
2025-11-08,TR003,OP016,West Pit,14.04,11.12,57.1,44.5,0.4,35.1,1.263,0
2025-04-09,TR007,OP019,West Pit,57.59,18.71,11.2,115.5,2.13,27.0,3.078,0
2025-05-23,TR026,OP018,East Pit,86.05,34.88,64.6,215.7,2.7,31.8,2.467,0
2025-12-01,TR014,OP023,East Pit,112.56,54.61,85.6,230.3,3.24,34.7,2.061,0
2025-06-03,TR003,OP050,West Pit,24.39,9.38,17.8,69.3,0.71,34.5,2.6,0
2025-05-29,TR004,OP038,Stockpile,23.56,14.27,89.3,64.7,1.1,21.5,1.651,0
2025-02-17,TR022,OP003,Stockpile,59.5,29.69,11.8,198.1,2.58,23.1,2.004,0
2025-02-01,TR007,OP048,Crusher,31.93,15.05,33.2,71.5,1.29,24.7,2.122,0
2025-04-01,TR025,OP014,Stockpile,106.3,38.68,50.1,194.2,3.78,28.1,2.748,0
2025-12-28,TR011,OP032,Stockpile,37.79,26.71,62.1,58.8,1.32,28.7,1.415,0
2025-05-01,TR005,OP029,South Pit,42.83,17.72,63.6,233.8,2.33,18.4,2.417,0
2025-02-05,TR015,OP037,North Pit,86.16,43.99,70.9,49.8,4.59,18.8,1.959,0
2025-02-22,TR008,OP030,North Pit,118.02,43.13,72.9,215.5,4.58,25.8,2.736,0
2025-08-21,TR019,OP046,East Pit,80.56,52.62,64.6,221.6,2.16,37.4,1.531,0
2025-12-12,TR012,OP027,West Pit,68.82,31.46,75.3,73.6,2.04,33.7,2.188,0
2025-02-14,TR016,OP047,South Pit,22.19,9.42,13.5,216.1,1.1,20.1,2.356,0
2025-05-22,TR006,OP012,West Pit,41.01,19.53,61.4,185.9,1.11,36.9,2.1,0
2025-01-07,TR012,OP042,Stockpile,60.74,26.67,27.3,110.7,1.66,36.5,2.277,0
2025-01-24,TR005,OP033,South Pit,67.52,26.71,87.9,220.9,2.1,32.2,2.528,0
2025-06-06,TR026,OP040,East Pit,28.54,12.16,19.2,141.8,0.83,34.6,2.347,0
2025-04-05,TR023,OP008,South Pit,70.57,41.9,69.3,117.4,2.3,30.7,1.684,0
2025-06-12,TR022,OP037,East Pit,84.31,46.07,34.0,235.7,2.95,28.6,1.83,0
2025-09-30,TR030,OP031,Crusher,90.13,39.4,64.1,94.5,3.86,23.3,2.288,0
2025-12-16,TR015,OP035,East Pit,84.25,48.9,77.4,181.3,3.24,26.0,1.723,0
2025-09-16,TR018,OP011,Stockpile,66.21,29.42,56.8,91.7,1.84,36.0,2.251,0
2025-10-29,TR024,OP011,South Pit,115.75,61.36,12.5,110.8,6.26,18.5,1.886,0
2025-10-16,TR029,OP001,South Pit,59.17,23.26,35.7,131.7,2.37,25.0,2.544,0
2025-10-03,TR029,OP037,North Pit,73.31,43.46,54.3,175.4,2.01,36.5,1.687,0
2025-02-15,TR002,OP037,Crusher,63.62,22.76,30.9,60.2,2.02,31.4,2.795,0
2025-11-07,TR020,OP014,East Pit,62.11,43.76,84.0,203.3,2.31,26.9,1.419,0
2025-12-20,TR014,OP044,North Pit,99.15,50.47,70.7,225.8,5.11,19.4,1.965,0
2025-09-11,TR001,OP011,Stockpile,37.56,13.07,20.4,115.1,1.18,31.8,2.874,0
2025-05-31,TR024,OP021,Stockpile,114.97,52.37,12.7,162.0,5.11,22.5,2.195,0
2025-07-03,TR005,OP012,North Pit,24.13,23.04,71.0,134.3,0.72,33.5,1.047,0
2025-08-18,TR030,OP030,West Pit,67.77,35.72,73.2,81.2,2.19,31.0,1.897,0
2025-09-19,TR026,OP010,North Pit,13.15,16.34,82.1,111.8,0.37,36.0,0.805,0
2025-09-21,TR002,OP012,North Pit,29.95,14.93,46.6,188.1,0.89,33.5,2.006,0
2025-02-07,TR001,OP044,North Pit,91.82,37.18,65.6,138.9,4.86,18.9,2.47,0
2025-11-05,TR005,OP027,Stockpile,73.26,32.62,81.8,154.1,3.81,19.2,2.246,0
2025-06-01,TR007,OP004,Stockpile,26.36,12.4,18.4,50.1,0.83,31.8,2.126,0
2025-11-14,TR022,OP035,North Pit,9.36,7.87,33.1,124.6,0.39,24.0,1.189,0
2025-06-18,TR021,OP049,Stockpile,97.24,47.71,20.4,210.0,3.36,28.9,2.038,0
2025-02-18,TR016,OP024,South Pit,94.82,53.4,27.8,217.0,3.89,24.4,1.776,0
2025-08-03,TR002,OP024,Crusher,39.27,20.69,54.1,209.0,1.94,20.3,1.898,0
2025-06-24,TR015,OP029,North Pit,78.12,45.31,82.2,138.3,4.19,18.6,1.724,0
2025-07-27,TR026,OP039,West Pit,76.67,49.69,5.4,85.2,4.23,18.1,1.543,1
2025-12-03,TR005,OP045,East Pit,43.91,16.32,29.5,185.6,1.78,24.7,2.691,0
2025-05-11,TR025,OP038,North Pit,97.53,35.61,22.5,189.8,3.74,26.1,2.739,0
2025-08-17,TR011,OP005,West Pit,20.44,11.91,46.9,177.6,0.64,31.8,1.716,0
2025-08-27,TR023,OP017,West Pit,22.86,10.38,20.7,189.6,0.85,26.8,2.202,0
2025-07-10,TR029,OP047,West Pit,87.7,48.03,9.1,140.1,2.54,34.6,1.826,0
2025-12-16,TR026,OP004,West Pit,110.34,45.81,31.3,120.1,4.37,25.3,2.409,0
2025-06-05,TR014,OP023,Stockpile,99.51,39.09,13.2,221.5,3.15,31.6,2.546,0
2025-04-17,TR018,OP022,Crusher,38.65,16.49,12.0,167.0,1.72,22.5,2.344,0
2025-06-27,TR006,OP021,East Pit,89.31,52.08,39.7,61.2,2.44,36.6,1.715,0
2025-06-17,TR009,OP003,East Pit,47.3,23.46,65.7,57.2,1.72,27.5,2.016,0
2025-11-24,TR027,OP036,South Pit,49.66,17.39,5.3,100.6,1.6,31.0,2.856,0
2025-09-26,TR007,OP037,North Pit,118.5,54.08,42.0,113.1,3.71,31.9,2.191,0
2025-07-10,TR017,OP033,West Pit,109.9,53.43,61.1,102.3,4.11,26.8,2.057,0
2025-04-25,TR012,OP037,Crusher,17.28,10.83,30.0,84.1,0.59,29.2,1.596,0
2025-09-12,TR001,OP004,Crusher,43.68,21.09,63.6,106.8,2.41,18.1,2.071,0
2025-09-23,TR011,OP001,East Pit,117.05,43.75,25.4,67.3,4.6,25.4,2.675,0
2025-04-26,TR018,OP042,Crusher,31.1,11.17,14.8,60.0,0.87,35.7,2.784,0
2025-11-22,TR026,OP033,North Pit,8.15,8.1,75.5,74.1,0.31,26.3,1.006,0
2025-09-12,TR009,OP048,North Pit,19.61,23.24,89.8,180.8,0.61,32.4,0.844,0
2025-11-13,TR025,OP013,Crusher,91.9,47.85,75.6,188.3,2.63,34.9,1.921,0
2025-05-15,TR007,OP014,North Pit,109.19,53.58,19.5,156.4,5.15,21.2,2.038,0
2025-02-07,TR028,OP019,Stockpile,65.93,30.41,27.6,202.7,2.53,26.0,2.168,0
2025-07-22,TR024,OP031,West Pit,78.08,43.8,72.3,130.9,2.47,31.6,1.783,0
2025-06-08,TR004,OP040,Stockpile,108.26,62.8,67.5,92.6,4.82,22.5,1.724,0
2025-09-11,TR029,OP037,East Pit,33.24,18.06,27.5,159.4,1.71,19.4,1.841,0
2025-06-27,TR012,OP041,East Pit,27.23,16.59,50.4,149.6,1.22,22.4,1.641,0
2025-02-09,TR015,OP043,North Pit,55.11,21.27,18.0,150.6,2.64,20.9,2.591,0
2025-03-16,TR002,OP030,North Pit,34.78,22.5,76.5,157.9,1.38,25.3,1.546,0
2025-04-09,TR012,OP038,Stockpile,9.36,12.14,86.9,182.2,0.43,21.7,0.771,0
2025-11-06,TR001,OP013,South Pit,25.02,9.59,6.8,60.9,1.25,20.0,2.609,0
2025-10-21,TR021,OP037,West Pit,18.22,13.68,61.9,51.6,0.51,35.4,1.332,0
2025-06-24,TR027,OP010,East Pit,111.62,55.21,34.4,203.7,5.83,19.1,2.022,0
2025-09-16,TR008,OP018,East Pit,115.9,82.59,61.6,150.9,5.19,22.3,1.403,1
2025-01-26,TR012,OP012,East Pit,101.68,43.67,78.1,63.7,3.26,31.2,2.328,0
2025-04-25,TR028,OP029,Stockpile,32.48,13.66,11.3,123.1,1.57,20.7,2.378,0
2025-07-27,TR001,OP025,Stockpile,24.19,14.95,48.5,97.5,1.03,23.6,1.618,0
2025-10-20,TR001,OP007,Crusher,39.88,15.59,48.3,136.0,1.29,30.9,2.558,0
2025-02-13,TR017,OP045,Crusher,54.27,25.04,48.1,220.1,1.53,35.5,2.167,0
2025-01-19,TR020,OP007,West Pit,80.17,44.91,56.5,239.4,3.11,25.8,1.785,0
2025-08-09,TR013,OP023,North Pit,59.85,28.07,18.7,67.8,1.69,35.5,2.132,0
2025-07-18,TR004,OP029,Crusher,30.41,14.54,21.1,191.9,0.86,35.5,2.091,0
2025-07-02,TR007,OP048,East Pit,40.27,62.05,62.5,101.1,1.19,33.8,0.649,1
2025-01-17,TR025,OP039,West Pit,15.31,8.29,48.5,122.3,0.56,27.1,1.847,0
2025-04-26,TR007,OP021,Stockpile,106.13,61.62,39.7,174.7,2.93,36.3,1.722,0
2025-02-17,TR002,OP048,Crusher,62.96,22.68,22.7,182.5,1.7,37.0,2.776,0
2025-02-13,TR027,OP035,West Pit,102.74,39.75,44.6,64.7,3.33,30.9,2.585,0
2025-03-22,TR029,OP017,West Pit,26.1,11.42,44.0,228.1,0.78,33.4,2.285,0
2025-03-14,TR029,OP009,East Pit,91.45,40.08,87.0,194.5,2.71,33.7,2.282,0
2025-01-01,TR024,OP015,West Pit,58.05,28.22,87.4,102.9,2.99,19.4,2.057,0
2025-01-27,TR004,OP013,North Pit,55.55,29.79,76.6,47.8,1.59,34.8,1.865,0
2025-12-14,TR009,OP002,Crusher,84.8,32.42,28.5,135.1,2.88,29.5,2.616,0
2025-11-28,TR005,OP036,South Pit,98.91,36.02,68.9,70.1,3.61,27.4,2.746,0
2025-06-13,TR021,OP034,South Pit,81.0,39.73,57.4,185.9,2.2,36.8,2.039,0
2025-04-28,TR014,OP027,South Pit,71.09,41.76,47.4,147.5,2.68,26.6,1.702,0
2025-02-22,TR008,OP020,North Pit,65.1,27.91,69.1,214.3,1.98,32.9,2.332,0
2025-05-16,TR008,OP007,Crusher,10.74,11.84,75.4,216.9,0.55,19.7,0.907,0
2025-08-24,TR024,OP039,East Pit,88.1,52.7,87.2,229.0,4.66,18.9,1.672,0
2025-06-25,TR027,OP027,North Pit,119.05,68.36,81.7,119.0,4.17,28.5,1.742,0
2025-02-11,TR003,OP042,Crusher,83.36,32.44,41.0,110.2,2.38,35.1,2.57,0
2025-08-10,TR026,OP031,Stockpile,91.82,34.44,33.4,89.6,3.35,27.4,2.666,0
2025-11-05,TR028,OP047,Stockpile,56.08,24.69,15.1,108.0,2.5,22.4,2.271,0
2025-04-09,TR022,OP020,West Pit,93.84,28.83,6.2,192.9,4.26,22.1,3.255,0
2025-06-12,TR023,OP008,Crusher,111.24,41.03,44.8,189.0,5.04,22.1,2.711,0
2025-10-26,TR015,OP027,Crusher,17.69,11.52,76.7,217.6,0.73,24.1,1.536,0
2025-02-05,TR013,OP030,North Pit,74.02,37.82,64.0,64.5,3.85,19.3,1.957,0
2025-09-03,TR015,OP036,South Pit,55.14,23.24,53.6,66.2,2.67,20.6,2.373,0
2025-07-08,TR003,OP024,South Pit,37.14,25.48,83.6,78.1,1.19,31.1,1.458,0
2025-08-09,TR028,OP020,South Pit,118.32,153.36,81.9,224.3,6.48,18.3,0.772,1
2025-02-03,TR002,OP015,South Pit,62.29,25.73,16.2,199.1,2.49,25.0,2.421,0
2025-08-05,TR027,OP042,South Pit,94.43,58.26,60.5,164.6,4.81,19.6,1.621,0
2025-07-25,TR029,OP022,North Pit,40.96,25.55,65.2,129.4,1.46,28.1,1.603,0
2025-10-29,TR012,OP042,North Pit,85.67,27.8,14.3,163.7,3.54,24.2,3.082,0
2025-04-16,TR016,OP024,West Pit,84.12,33.66,63.6,41.3,2.6,32.3,2.499,0
2025-05-23,TR012,OP005,North Pit,100.72,35.38,37.7,41.9,3.41,29.5,2.847,0
2025-06-06,TR006,OP007,East Pit,99.0,48.97,52.3,161.1,2.87,34.4,2.022,0
2025-08-10,TR007,OP024,West Pit,31.63,16.54,50.2,89.1,1.11,28.5,1.912,0
2025-09-29,TR029,OP027,Crusher,61.14,21.11,11.4,108.6,1.97,31.1,2.896,0
2025-10-28,TR004,OP047,Crusher,88.5,52.35,84.2,136.8,3.96,22.3,1.691,0
2025-08-24,TR003,OP027,West Pit,76.56,33.46,83.4,195.0,2.11,36.4,2.288,0
2025-04-28,TR026,OP014,Stockpile,34.58,20.69,77.5,64.7,1.34,25.9,1.671,0
2025-07-03,TR007,OP038,West Pit,104.16,46.16,62.9,146.8,4.44,23.5,2.256,0
2025-07-19,TR028,OP027,South Pit,32.39,16.18,45.0,227.0,1.19,27.2,2.002,0
2025-04-18,TR018,OP008,Stockpile,89.49,48.81,58.6,161.7,3.53,25.3,1.833,0
2025-10-24,TR017,OP049,East Pit,50.23,18.4,39.7,104.6,1.79,28.1,2.73,0
2025-02-08,TR005,OP043,West Pit,56.07,21.18,38.2,76.5,1.66,33.8,2.647,0
2025-03-14,TR022,OP038,East Pit,28.19,10.23,21.1,103.9,0.99,28.5,2.756,0
2025-05-25,TR017,OP033,Crusher,118.66,42.65,58.6,222.0,3.88,30.6,2.782,0
2025-12-17,TR016,OP041,North Pit,27.71,15.68,12.8,107.8,1.17,23.7,1.767,0
2025-06-11,TR019,OP001,North Pit,77.51,27.64,36.7,213.7,3.87,20.1,2.804,0
2025-03-24,TR026,OP034,South Pit,70.31,28.81,32.2,153.3,2.16,32.5,2.44,0
2025-07-19,TR007,OP044,West Pit,98.68,49.92,24.6,184.5,3.18,31.0,1.977,0
2025-07-17,TR014,OP043,North Pit,21.74,19.48,88.2,205.9,0.93,23.3,1.116,0
2025-03-30,TR024,OP041,Crusher,32.92,19.67,65.8,94.6,0.89,37.0,1.674,0
2025-01-29,TR007,OP037,East Pit,63.34,30.94,39.4,60.3,1.82,34.8,2.047,0
2025-08-29,TR025,OP033,Crusher,68.13,24.76,13.5,161.3,1.97,34.6,2.752,0
2025-04-14,TR025,OP009,West Pit,60.87,22.58,33.9,193.9,3.34,18.2,2.696,0
2025-07-05,TR003,OP042,Stockpile,106.13,59.45,56.5,116.3,3.54,30.0,1.785,0
2025-08-25,TR004,OP003,South Pit,106.28,46.33,71.4,99.8,3.29,32.3,2.294,0
2025-03-04,TR015,OP016,West Pit,35.43,22.91,88.6,104.5,1.15,30.8,1.546,0
2025-04-12,TR020,OP012,North Pit,37.61,24.73,47.2,69.0,1.16,32.4,1.521,1
2025-02-02,TR015,OP018,South Pit,93.72,49.82,32.5,170.2,2.55,36.8,1.881,0
2025-07-17,TR030,OP032,North Pit,102.39,77.62,23.6,45.4,3.49,29.3,1.319,1
2025-08-14,TR014,OP021,West Pit,111.76,42.09,76.5,139.0,3.99,28.0,2.655,0
2025-04-22,TR030,OP003,East Pit,12.11,7.47,16.4,226.2,0.52,23.5,1.621,0
2025-10-14,TR005,OP002,East Pit,15.33,10.06,28.7,130.2,0.75,20.4,1.524,0
2025-02-12,TR009,OP050,East Pit,77.77,31.33,81.5,114.2,3.78,20.6,2.482,0
2025-05-09,TR018,OP028,Stockpile,86.91,43.62,49.9,49.7,4.26,20.4,1.992,0
2025-07-20,TR003,OP008,North Pit,107.36,47.32,6.4,48.1,2.91,36.9,2.269,0
2025-06-29,TR027,OP030,Stockpile,41.96,18.26,39.4,178.1,1.33,31.4,2.298,0
2025-06-23,TR007,OP009,Crusher,30.84,12.68,27.5,181.8,1.48,20.8,2.432,0
2025-12-11,TR007,OP026,South Pit,99.59,57.12,33.2,125.4,2.95,33.7,1.744,0
2025-06-30,TR025,OP003,Crusher,91.58,34.04,42.8,200.6,4.38,20.9,2.69,0
2025-04-30,TR009,OP042,Crusher,101.61,42.91,35.7,214.4,3.3,30.8,2.368,0
2025-11-11,TR021,OP015,Crusher,17.73,18.88,85.9,107.5,0.69,25.8,0.939,0
2025-04-20,TR023,OP019,Stockpile,83.58,33.46,63.9,140.7,3.16,26.5,2.498,0
2025-09-20,TR008,OP021,North Pit,101.53,44.27,43.4,99.5,4.26,23.8,2.293,0
2025-07-29,TR009,OP032,Crusher,58.08,40.09,73.9,118.6,2.68,21.7,1.449,0
2025-12-23,TR029,OP019,West Pit,69.79,43.04,83.2,161.4,2.02,34.5,1.622,0
2025-12-23,TR021,OP044,West Pit,37.34,16.77,70.9,216.6,1.21,31.0,2.227,0
2025-08-27,TR017,OP019,East Pit,77.45,40.85,19.6,43.7,2.97,26.1,1.896,0
2025-07-08,TR007,OP019,West Pit,118.23,70.16,50.2,198.5,4.19,28.2,1.685,0
2025-09-02,TR029,OP036,North Pit,100.32,52.14,48.4,181.1,2.85,35.2,1.924,0
2025-07-15,TR022,OP049,West Pit,99.1,45.42,58.2,92.3,3.0,33.0,2.182,0
2025-12-03,TR015,OP038,North Pit,115.96,47.89,60.4,217.7,3.97,29.2,2.421,0
2025-11-23,TR022,OP049,South Pit,32.28,18.74,36.4,209.7,1.31,24.6,1.723,0
2025-03-05,TR017,OP007,Crusher,117.43,53.77,61.0,46.3,4.34,27.1,2.184,0
2025-05-25,TR022,OP038,East Pit,77.63,28.08,22.4,40.8,2.67,29.1,2.765,0
2025-05-15,TR015,OP027,North Pit,32.56,15.0,24.2,61.5,1.18,27.7,2.171,0
2025-04-04,TR012,OP029,South Pit,35.79,20.7,81.6,80.1,1.11,32.2,1.729,0
2025-03-12,TR006,OP028,Stockpile,39.1,22.97,79.4,187.8,1.38,28.3,1.702,0
2025-01-06,TR006,OP004,West Pit,69.44,47.23,73.2,110.2,2.1,33.1,1.47,0
2025-09-04,TR025,OP042,Stockpile,101.97,36.06,31.8,222.7,3.0,34.0,2.828,0
2025-06-03,TR027,OP013,West Pit,73.66,37.29,52.6,207.6,2.82,26.1,1.975,0
2025-03-25,TR016,OP024,Stockpile,53.65,29.09,74.7,66.8,1.6,33.6,1.844,0
2025-12-21,TR001,OP004,North Pit,76.77,32.43,66.8,123.1,3.87,19.8,2.367,0
2025-02-27,TR006,OP017,Crusher,50.15,27.95,21.7,77.4,1.8,27.9,1.794,0
2025-05-31,TR017,OP021,East Pit,18.11,10.81,70.3,225.5,0.57,32.0,1.675,0
2025-06-24,TR002,OP046,South Pit,19.08,10.76,32.3,142.5,0.52,37.0,1.773,0
2025-08-02,TR020,OP013,Stockpile,27.28,15.57,41.4,106.0,1.15,23.7,1.752,0
2025-10-24,TR004,OP029,Crusher,80.66,44.32,16.5,94.7,3.07,26.3,1.82,0
2025-09-16,TR022,OP013,West Pit,27.52,11.81,42.6,154.0,1.17,23.6,2.33,0
2025-05-23,TR021,OP034,North Pit,36.08,20.14,54.4,179.5,1.18,30.6,1.791,0
2025-08-28,TR024,OP022,North Pit,64.87,28.28,46.9,198.4,1.86,34.8,2.294,0
2025-07-06,TR013,OP042,West Pit,17.32,11.58,37.9,200.4,0.61,28.5,1.496,0
2025-08-31,TR021,OP020,North Pit,89.77,40.15,50.5,95.3,3.2,28.1,2.236,0
2025-11-16,TR016,OP032,North Pit,61.17,37.4,75.1,219.3,2.54,24.0,1.636,0
2025-04-30,TR021,OP023,North Pit,39.18,25.72,64.9,217.0,1.41,27.7,1.523,0
2025-10-09,TR019,OP016,Crusher,97.79,44.22,56.8,233.3,3.34,29.3,2.211,0
2025-06-13,TR019,OP049,South Pit,101.71,58.86,57.5,157.9,5.13,19.8,1.728,0
2025-01-11,TR003,OP007,North Pit,21.49,19.88,60.1,108.1,1.13,19.0,1.081,0
2025-07-18,TR013,OP026,North Pit,110.7,60.77,42.8,175.9,3.12,35.5,1.822,0
2025-09-29,TR013,OP009,West Pit,54.2,22.32,25.2,65.8,1.68,32.2,2.428,0
2025-06-06,TR010,OP005,Stockpile,94.6,33.54,71.5,117.0,4.94,19.2,2.821,0
2025-04-24,TR012,OP048,Crusher,101.36,59.7,85.1,125.9,3.21,31.6,1.698,0
2025-09-17,TR004,OP006,East Pit,49.9,25.64,55.9,89.2,2.2,22.7,1.946,0
2025-01-21,TR003,OP050,West Pit,118.63,55.57,66.9,192.9,6.03,19.7,2.135,0
2025-01-21,TR014,OP001,North Pit,44.73,32.27,74.2,218.3,1.29,34.8,1.386,0
2025-08-29,TR020,OP023,Stockpile,55.79,22.62,81.5,116.7,2.31,24.2,2.466,0
2025-11-21,TR005,OP050,North Pit,37.7,31.07,83.6,153.4,1.18,32.1,1.213,0
2025-11-08,TR005,OP024,Crusher,27.15,12.97,52.3,119.0,0.74,36.9,2.093,0
2025-09-13,TR009,OP006,Crusher,66.27,30.0,8.0,170.6,2.63,25.2,2.209,0
2025-01-06,TR003,OP005,South Pit,17.02,6.41,24.7,146.4,0.6,28.2,2.655,0
2025-03-21,TR019,OP050,South Pit,68.74,30.46,51.5,152.2,2.13,32.3,2.257,0
2025-06-01,TR014,OP021,West Pit,84.87,43.25,73.2,188.8,3.29,25.8,1.962,0
2025-10-01,TR003,OP044,East Pit,38.98,15.53,29.7,109.2,1.05,37.0,2.51,0
2025-06-10,TR025,OP036,West Pit,73.93,30.82,35.6,177.9,2.8,26.4,2.399,0
2025-10-02,TR026,OP039,South Pit,103.84,66.23,81.2,133.6,5.6,18.5,1.568,0
2025-06-20,TR007,OP038,Crusher,103.85,53.87,74.1,78.0,3.8,27.3,1.928,0
2025-04-29,TR018,OP006,South Pit,84.93,39.08,62.7,53.3,3.97,21.4,2.173,0
2025-09-22,TR018,OP003,North Pit,16.21,14.59,83.1,141.6,0.52,30.9,1.111,0
2025-08-16,TR030,OP006,North Pit,54.09,23.27,30.2,104.2,1.77,30.6,2.324,0
2025-03-20,TR004,OP017,Crusher,115.43,40.27,54.0,56.6,3.07,37.6,2.866,0
2025-05-07,TR003,OP035,West Pit,77.59,42.31,89.3,180.6,3.38,23.0,1.834,0
2025-07-25,TR003,OP009,South Pit,95.83,30.9,20.4,68.3,4.34,22.1,3.101,0
2025-09-17,TR003,OP021,South Pit,105.7,61.21,22.8,61.2,4.01,26.4,1.727,0
2025-05-22,TR018,OP045,Crusher,88.9,41.95,85.0,157.9,3.31,26.8,2.119,0
2025-11-25,TR010,OP028,Crusher,91.63,34.6,46.1,152.3,2.49,36.9,2.648,0
2025-06-29,TR004,OP047,West Pit,77.33,36.97,57.4,221.6,2.09,37.0,2.092,0
2025-04-16,TR029,OP047,East Pit,79.83,43.49,29.0,99.0,2.91,27.4,1.836,0
2025-10-18,TR023,OP009,West Pit,104.16,43.84,57.2,40.4,5.62,18.5,2.376,0
2025-01-22,TR019,OP031,Crusher,67.91,29.82,30.0,116.1,2.13,31.9,2.277,0
2025-08-13,TR001,OP031,Crusher,63.44,27.81,22.5,151.3,3.24,19.6,2.281,0
2025-05-26,TR003,OP028,South Pit,66.4,36.06,23.3,100.2,2.01,33.1,1.841,0
2025-12-01,TR018,OP012,North Pit,102.81,44.35,85.5,238.8,2.86,35.9,2.318,0
2025-03-23,TR014,OP030,Stockpile,31.57,18.98,55.4,75.6,0.94,33.5,1.663,0
2025-11-08,TR024,OP048,North Pit,18.65,11.46,65.1,83.1,0.67,27.8,1.627,0
2025-06-01,TR020,OP001,West Pit,33.54,17.21,7.7,142.1,1.19,28.1,1.949,0
2025-08-07,TR021,OP032,West Pit,54.0,20.7,37.2,89.4,2.71,19.9,2.609,0
2025-12-10,TR006,OP025,East Pit,85.96,35.89,50.4,229.9,4.02,21.4,2.395,0
2025-08-17,TR005,OP048,East Pit,30.2,16.75,41.2,226.2,1.44,21.0,1.803,0
2025-05-27,TR030,OP017,North Pit,76.15,37.93,32.3,202.4,2.25,33.8,2.008,0
2025-03-13,TR024,OP040,East Pit,90.56,29.43,35.6,202.0,4.69,19.3,3.077,0
2025-07-28,TR029,OP032,Crusher,100.1,36.73,18.3,158.3,3.46,28.9,2.725,0
2025-10-21,TR002,OP014,South Pit,94.22,37.44,56.2,203.4,3.35,28.2,2.517,0
2025-11-28,TR001,OP039,South Pit,31.38,23.17,61.6,223.9,1.49,21.1,1.354,0
2025-10-06,TR004,OP014,East Pit,99.65,38.51,73.1,181.5,2.92,34.1,2.588,0
2025-04-15,TR017,OP003,Crusher,62.27,30.7,8.9,153.0,1.92,32.5,2.028,0
2025-04-15,TR005,OP026,Stockpile,45.88,24.09,60.4,177.9,1.61,28.5,1.905,0
2025-02-12,TR027,OP049,Crusher,22.09,23.46,86.3,151.8,0.89,24.9,0.942,0
2025-02-07,TR029,OP038,East Pit,64.87,27.57,57.0,189.1,3.31,19.6,2.353,0
2025-03-23,TR029,OP007,Stockpile,113.76,41.48,52.5,88.8,5.88,19.3,2.743,0
2025-05-11,TR015,OP011,North Pit,24.69,9.29,14.1,157.0,1.03,23.9,2.658,0
2025-03-05,TR010,OP016,North Pit,22.91,12.21,35.5,217.5,0.92,24.8,1.876,0
2025-03-14,TR001,OP028,West Pit,110.93,56.64,11.5,44.6,3.4,32.7,1.959,0
2025-04-10,TR009,OP027,Stockpile,93.25,30.39,16.2,112.9,4.11,22.7,3.068,0
2025-11-21,TR018,OP021,Stockpile,39.21,15.46,31.5,110.6,1.08,36.3,2.536,0
2025-11-21,TR012,OP004,Stockpile,87.58,28.78,27.7,61.8,3.25,26.9,3.043,0
2025-09-30,TR020,OP011,South Pit,22.98,16.57,80.1,161.5,0.65,35.5,1.387,0
2025-01-25,TR013,OP003,Stockpile,55.28,20.61,58.3,229.2,2.02,27.3,2.682,0
2025-06-20,TR008,OP045,South Pit,69.83,44.59,52.6,218.9,2.13,32.8,1.566,0
2025-08-12,TR027,OP027,West Pit,75.0,35.67,72.4,171.3,3.67,20.4,2.103,0
2025-02-21,TR019,OP015,Stockpile,90.79,35.76,14.3,227.2,2.46,37.0,2.539,0
2025-05-19,TR026,OP045,Crusher,111.18,51.27,21.6,111.3,3.11,35.7,2.169,0
2025-01-30,TR001,OP022,West Pit,41.19,19.48,80.9,171.3,1.84,22.4,2.114,0
2025-10-04,TR012,OP034,South Pit,21.18,15.08,70.0,164.2,0.6,35.4,1.405,0
2025-10-26,TR020,OP027,East Pit,38.16,25.63,40.2,87.4,1.28,29.7,1.489,0
2025-05-03,TR011,OP040,West Pit,110.07,47.5,41.8,69.7,3.32,33.1,2.317,0
2025-03-22,TR018,OP023,Crusher,55.1,21.63,68.9,81.8,1.48,37.2,2.547,0
2025-10-24,TR010,OP007,East Pit,95.17,78.16,34.3,229.9,2.59,36.7,1.218,1
2025-10-28,TR024,OP039,Crusher,17.83,9.95,55.6,51.3,0.76,23.3,1.792,0
2025-04-16,TR029,OP046,Crusher,55.78,26.94,89.9,147.0,2.42,23.1,2.071,0
2025-06-16,TR006,OP017,Crusher,31.39,23.0,56.8,115.9,1.04,30.2,1.365,0
2025-11-11,TR016,OP039,North Pit,45.14,20.29,38.6,105.2,2.47,18.3,2.225,0
2025-02-14,TR025,OP011,West Pit,22.37,17.02,76.8,86.9,0.79,28.5,1.314,0
2025-12-05,TR007,OP010,South Pit,113.12,47.56,10.4,185.4,4.44,25.5,2.378,0
2025-12-26,TR013,OP027,Stockpile,15.09,5.95,24.3,225.8,0.71,21.2,2.536,0
2025-04-28,TR017,OP035,Crusher,111.6,47.86,26.0,197.5,3.74,29.9,2.332,0
2025-09-19,TR015,OP017,West Pit,21.0,9.41,25.7,198.1,0.9,23.5,2.232,0
2025-04-24,TR004,OP022,South Pit,105.47,42.6,84.7,131.8,3.2,32.9,2.476,0
2025-02-10,TR029,OP045,Stockpile,14.73,7.77,14.7,199.3,0.42,35.5,1.896,0
2025-07-25,TR030,OP037,West Pit,48.7,27.16,23.4,167.9,2.15,22.7,1.793,0
2025-02-20,TR006,OP042,North Pit,99.24,37.52,79.4,233.3,3.74,26.5,2.645,0
2025-06-12,TR023,OP047,Crusher,8.2,3.56,10.6,144.6,0.27,30.2,2.303,0
2025-05-02,TR005,OP031,Crusher,13.96,9.37,76.2,166.9,0.6,23.4,1.49,0
2025-07-27,TR024,OP042,North Pit,28.21,14.62,23.0,47.2,1.41,20.1,1.93,0
2025-11-16,TR004,OP034,West Pit,31.04,14.36,36.8,105.4,1.07,29.0,2.162,0
2025-02-08,TR016,OP037,North Pit,50.74,30.88,39.8,124.5,1.39,36.5,1.643,0
2025-05-29,TR019,OP042,South Pit,65.52,20.56,5.4,190.1,2.04,32.1,3.187,0
2025-03-17,TR013,OP034,Stockpile,42.96,25.43,40.3,94.9,1.19,36.2,1.689,0
2025-01-29,TR028,OP035,North Pit,29.47,16.44,26.0,112.4,0.91,32.6,1.793,0
2025-06-14,TR028,OP006,Stockpile,72.45,33.49,41.7,211.6,2.06,35.2,2.163,0
2025-09-01,TR019,OP041,South Pit,79.24,34.39,43.5,110.2,2.12,37.4,2.304,0
2025-06-23,TR012,OP034,Stockpile,40.39,18.02,26.6,96.9,1.28,31.6,2.241,0
2025-04-16,TR024,OP046,Stockpile,78.51,29.92,16.0,143.8,2.44,32.2,2.624,0
2025-11-05,TR004,OP009,East Pit,35.01,17.58,34.6,44.1,1.45,24.2,1.991,0
2025-04-30,TR024,OP005,North Pit,54.26,39.53,86.6,129.7,1.79,30.3,1.373,0
2025-03-26,TR013,OP020,West Pit,88.89,35.13,53.7,168.2,3.05,29.1,2.53,0
2025-09-05,TR016,OP017,West Pit,114.36,43.22,47.8,200.1,3.15,36.3,2.646,0
2025-01-12,TR014,OP010,East Pit,81.34,44.85,19.5,190.2,3.39,24.0,1.814,0
2025-04-24,TR020,OP046,East Pit,40.53,23.05,32.5,148.8,1.37,29.5,1.758,0
2025-06-24,TR021,OP008,North Pit,65.14,27.06,52.3,228.8,3.57,18.2,2.407,0
2025-01-14,TR007,OP041,North Pit,87.31,43.28,26.5,93.4,2.81,31.1,2.017,0
2025-09-25,TR025,OP046,Stockpile,93.9,53.76,46.6,61.8,3.55,26.5,1.747,0
2025-01-27,TR007,OP032,Crusher,106.65,36.59,19.0,160.4,3.72,28.7,2.915,0
2025-12-04,TR029,OP015,East Pit,110.25,61.95,32.3,201.2,6.12,18.0,1.78,0
2025-01-18,TR028,OP006,South Pit,19.59,18.13,72.0,97.9,0.52,37.5,1.081,0
2025-12-01,TR011,OP049,South Pit,48.18,21.86,31.4,184.3,1.96,24.5,2.204,0
2025-09-11,TR003,OP043,South Pit,24.71,16.27,48.6,131.9,0.7,35.5,1.519,0
2025-11-29,TR029,OP012,Stockpile,98.24,35.99,67.3,152.7,3.19,30.8,2.73,0
2025-07-29,TR014,OP049,Crusher,65.61,33.3,78.7,219.1,2.76,23.8,1.97,0
2025-02-12,TR008,OP037,Stockpile,8.88,9.13,45.4,109.9,0.31,29.1,0.973,0
2025-08-12,TR003,OP022,North Pit,117.58,48.08,50.8,141.8,3.81,30.9,2.446,0
2025-05-12,TR026,OP040,North Pit,107.66,45.02,31.4,215.1,5.12,21.0,2.391,0
2025-02-20,TR023,OP034,North Pit,41.46,21.08,49.7,221.7,1.93,21.4,1.967,0
2025-07-08,TR002,OP024,East Pit,67.76,28.05,7.0,115.3,2.17,31.2,2.416,0
2025-02-11,TR027,OP035,Stockpile,114.67,37.94,9.8,101.4,4.66,24.6,3.022,0
2025-04-02,TR027,OP019,Stockpile,103.37,39.66,26.0,197.3,5.34,19.4,2.606,0
2025-06-02,TR011,OP035,South Pit,100.16,49.61,88.2,121.4,2.73,36.7,2.019,0
2025-11-11,TR005,OP024,East Pit,95.35,36.69,34.5,202.1,2.51,38.0,2.599,0
2025-11-09,TR011,OP004,West Pit,31.94,14.77,34.1,179.7,1.69,18.9,2.162,0
2025-07-05,TR024,OP043,East Pit,84.1,45.7,18.5,204.5,2.22,37.8,1.84,0
2025-01-08,TR014,OP012,Crusher,76.11,35.19,79.1,112.4,3.54,21.5,2.163,0
2025-04-23,TR004,OP018,South Pit,69.62,25.93,6.0,113.1,1.86,37.3,2.685,0
2025-07-15,TR001,OP023,South Pit,32.75,10.77,8.8,127.6,1.17,27.9,3.041,0
2025-09-19,TR004,OP043,East Pit,102.79,53.6,74.7,125.6,3.52,29.2,1.918,0
2025-11-02,TR020,OP036,Stockpile,117.37,53.63,22.3,150.9,3.49,33.7,2.189,0
2025-08-06,TR005,OP024,Crusher,111.39,34.42,16.2,56.6,3.03,36.7,3.236,0
2025-10-26,TR016,OP002,South Pit,117.21,69.77,67.4,130.5,3.5,33.5,1.68,0
2025-07-24,TR007,OP007,Crusher,58.31,23.17,28.6,234.1,2.98,19.6,2.517,0
2025-05-09,TR012,OP045,East Pit,27.8,13.33,44.4,175.3,1.07,25.9,2.086,0
2025-01-09,TR007,OP029,West Pit,77.06,35.52,70.2,159.1,2.03,37.9,2.169,0
2025-09-22,TR005,OP019,East Pit,72.55,26.38,23.9,50.9,2.47,29.4,2.75,0
2025-06-22,TR021,OP037,South Pit,112.24,48.88,50.0,218.2,3.41,32.9,2.296,0
2025-10-15,TR003,OP043,East Pit,112.76,62.01,13.0,116.5,3.14,35.9,1.818,0
2025-02-05,TR027,OP023,East Pit,92.41,36.4,51.6,209.9,4.83,19.2,2.539,0
2025-06-08,TR016,OP014,Crusher,116.75,121.97,45.5,167.3,3.67,31.8,0.957,1
2025-06-17,TR018,OP001,West Pit,16.61,7.84,18.5,185.4,0.66,25.2,2.119,0
2025-12-06,TR026,OP039,East Pit,106.79,39.51,54.1,184.8,4.31,24.8,2.703,0
2025-07-05,TR022,OP002,North Pit,84.86,43.09,67.9,120.5,2.44,34.8,1.969,0
2025-11-09,TR018,OP027,North Pit,49.29,18.11,43.1,91.9,2.04,24.1,2.722,0
2025-12-09,TR015,OP029,South Pit,100.54,39.83,32.7,238.3,4.24,23.7,2.524,0
2025-06-21,TR015,OP011,Stockpile,106.02,38.93,25.8,162.5,3.13,33.8,2.723,0
2025-08-20,TR008,OP046,West Pit,59.39,23.82,33.6,153.3,1.99,29.8,2.493,0
2025-02-07,TR021,OP046,North Pit,106.79,35.4,21.4,175.8,4.34,24.6,3.017,0
2025-10-02,TR001,OP043,East Pit,78.38,34.89,14.4,129.9,2.75,28.5,2.246,0
2025-11-19,TR004,OP022,North Pit,90.98,37.82,80.1,168.5,2.68,34.0,2.406,0
2025-06-11,TR013,OP009,West Pit,79.81,43.04,21.0,205.6,3.21,24.9,1.854,0
2025-06-17,TR024,OP037,West Pit,101.17,46.25,10.3,113.7,4.64,21.8,2.187,0
2025-10-22,TR013,OP012,North Pit,64.07,23.02,14.1,144.5,1.76,36.4,2.783,0
2025-03-27,TR027,OP038,North Pit,26.14,16.83,47.0,87.1,0.85,30.6,1.553,0
2025-12-26,TR029,OP047,East Pit,24.83,12.24,35.0,194.3,0.65,38.0,2.029,0
2025-01-20,TR007,OP032,North Pit,89.06,50.27,76.8,51.8,3.17,28.1,1.772,0
2025-07-10,TR012,OP006,East Pit,19.61,10.17,31.4,179.5,0.9,21.8,1.928,0
2025-06-30,TR011,OP026,Crusher,88.55,47.46,42.3,121.4,3.88,22.8,1.866,0
2025-05-17,TR002,OP036,West Pit,8.86,14.44,74.1,40.9,0.31,28.5,0.614,0
2025-05-22,TR001,OP033,West Pit,29.15,17.22,42.6,234.3,1.07,27.3,1.693,0
2025-10-18,TR011,OP016,West Pit,93.63,49.77,60.0,131.0,2.72,34.4,1.881,0
2025-05-23,TR002,OP039,West Pit,116.06,37.92,22.9,238.9,4.55,25.5,3.061,0
2025-03-22,TR013,OP036,South Pit,110.7,33.23,5.9,96.3,5.32,20.8,3.331,0
2025-12-26,TR005,OP002,North Pit,76.81,33.39,60.0,58.9,2.33,32.9,2.3,0
2025-01-29,TR008,OP013,North Pit,43.23,24.14,46.4,179.4,1.84,23.6,1.791,0
2025-09-28,TR020,OP010,Crusher,20.31,15.55,83.8,156.5,1.08,18.7,1.306,0
2025-03-02,TR023,OP010,East Pit,91.55,45.59,15.5,67.5,2.75,33.2,2.008,0
2025-11-20,TR012,OP002,Crusher,115.59,42.45,13.8,189.2,4.8,24.1,2.723,0
2025-11-21,TR027,OP032,North Pit,99.41,40.79,24.3,61.1,2.99,33.2,2.437,0
2025-06-09,TR011,OP024,East Pit,63.22,28.52,8.6,163.9,3.28,19.3,2.217,0
2025-02-02,TR019,OP011,North Pit,103.2,45.06,88.4,107.4,3.96,26.1,2.29,0
2025-03-30,TR016,OP015,South Pit,39.84,16.95,56.2,173.1,1.45,27.5,2.35,0
2025-02-26,TR010,OP019,South Pit,32.56,14.8,23.1,97.8,1.43,22.7,2.2,0
2025-01-12,TR021,OP027,East Pit,42.02,18.17,39.6,224.7,2.18,19.3,2.313,0
2025-07-19,TR030,OP038,North Pit,82.68,50.02,52.1,210.6,3.79,21.8,1.653,0
2025-12-19,TR025,OP039,East Pit,25.69,10.79,39.9,157.3,0.7,36.7,2.381,0
2025-12-22,TR019,OP005,East Pit,106.49,55.48,31.2,181.8,2.93,36.3,1.919,0
2025-12-17,TR010,OP024,Stockpile,34.48,26.84,70.6,206.8,1.59,21.7,1.285,0
2025-01-10,TR001,OP019,East Pit,71.1,26.47,6.5,119.4,1.95,36.4,2.686,0
2025-09-24,TR005,OP048,Crusher,13.95,10.98,46.8,195.0,0.52,26.8,1.27,0
2025-07-17,TR030,OP013,Stockpile,54.55,33.18,48.7,153.5,2.56,21.3,1.644,0
2025-01-05,TR022,OP003,North Pit,49.62,18.92,21.4,173.8,1.51,32.8,2.623,0
2025-11-14,TR002,OP042,Stockpile,36.31,13.43,7.3,143.7,1.68,21.6,2.704,0
2025-08-18,TR017,OP046,South Pit,112.31,56.88,58.7,150.2,3.42,32.8,1.975,0
2025-10-03,TR018,OP003,South Pit,63.27,26.16,22.3,181.9,1.84,34.4,2.419,0
2025-01-25,TR023,OP046,Stockpile,95.3,32.56,47.5,219.8,3.23,29.5,2.927,0
2025-07-04,TR008,OP015,East Pit,93.51,56.74,80.4,170.7,3.62,25.8,1.648,0
2025-10-27,TR020,OP037,South Pit,82.75,36.09,79.4,157.4,2.27,36.4,2.293,0
2025-03-28,TR024,OP044,Crusher,114.05,46.59,81.3,212.7,4.68,24.4,2.448,0
2025-11-03,TR025,OP021,Stockpile,68.27,31.68,21.8,127.7,3.45,19.8,2.155,0
2025-11-18,TR013,OP004,Crusher,91.73,33.57,6.8,119.6,4.9,18.7,2.732,0
2025-08-29,TR007,OP018,Stockpile,41.44,23.91,77.4,50.6,2.16,19.2,1.733,0
2025-02-12,TR025,OP007,South Pit,60.74,25.6,75.5,174.4,2.26,26.9,2.373,0
2025-01-20,TR022,OP002,Stockpile,27.21,19.88,49.2,195.3,1.14,23.8,1.369,0
2025-02-02,TR015,OP004,South Pit,11.24,11.18,66.1,77.5,0.47,24.0,1.005,0
2025-01-15,TR005,OP038,Stockpile,97.95,34.58,27.6,53.5,3.35,29.3,2.833,0
2025-03-26,TR019,OP016,North Pit,63.76,30.78,56.3,224.9,2.14,29.8,2.071,0
2025-05-12,TR023,OP015,West Pit,61.51,26.86,79.2,175.9,2.74,22.4,2.29,0
2025-01-06,TR001,OP037,North Pit,77.98,44.0,63.1,149.3,4.08,19.1,1.772,0
2025-11-07,TR016,OP049,Stockpile,119.99,52.58,82.3,59.0,6.41,18.7,2.282,0
2025-03-10,TR030,OP014,West Pit,63.01,24.27,69.6,57.6,2.33,27.1,2.596,0
2025-10-21,TR018,OP011,East Pit,20.43,7.85,8.7,212.0,0.72,28.3,2.603,0
2025-10-21,TR021,OP036,Stockpile,95.62,56.2,61.0,188.9,2.71,35.3,1.701,0
2025-02-02,TR017,OP044,North Pit,43.2,25.34,69.1,49.6,2.15,20.1,1.705,0
2025-10-20,TR022,OP008,West Pit,100.2,51.05,23.0,85.4,3.42,29.3,1.963,0
2025-09-19,TR025,OP018,Crusher,113.18,41.46,63.7,181.6,5.05,22.4,2.73,0
2025-04-21,TR013,OP045,East Pit,37.01,25.4,84.2,118.8,1.46,25.3,1.457,0
2025-05-27,TR004,OP028,Crusher,17.0,7.14,18.3,173.9,0.5,33.9,2.381,0
2025-06-01,TR022,OP007,Stockpile,32.29,21.12,37.8,227.2,0.97,33.4,1.529,0
2025-11-29,TR022,OP041,Stockpile,31.18,10.46,11.6,153.8,0.85,36.6,2.981,0
2025-02-11,TR003,OP041,West Pit,75.03,26.26,57.7,197.2,3.31,22.6,2.857,0
2025-05-21,TR008,OP024,Crusher,41.18,27.17,69.9,107.4,1.47,28.0,1.516,0
2025-10-18,TR023,OP034,East Pit,92.72,33.33,42.6,224.3,3.36,27.6,2.782,0
2025-01-22,TR026,OP028,Stockpile,22.56,13.25,63.7,97.9,0.98,23.1,1.703,0
2025-01-06,TR013,OP022,West Pit,93.41,31.76,41.1,118.0,2.92,32.0,2.941,0
2025-07-08,TR012,OP013,South Pit,81.26,37.59,45.7,71.3,3.85,21.1,2.162,0
2025-08-07,TR002,OP039,South Pit,75.1,33.27,22.9,151.5,2.75,27.3,2.257,0
2025-02-01,TR029,OP040,Stockpile,117.4,48.52,78.7,184.5,6.27,18.7,2.42,0
2025-12-20,TR011,OP023,Crusher,111.05,58.64,47.8,192.3,4.48,24.8,1.894,0
2025-05-05,TR012,OP015,North Pit,114.07,56.67,59.8,111.3,3.18,35.8,2.013,0
2025-05-13,TR017,OP009,Stockpile,47.31,26.96,58.1,231.7,2.26,20.9,1.755,0
2025-11-03,TR021,OP024,West Pit,85.46,34.78,30.4,51.5,3.98,21.5,2.457,0
2025-10-02,TR003,OP011,West Pit,61.89,23.96,20.6,59.4,1.63,38.0,2.583,0
2025-11-29,TR020,OP028,Crusher,27.31,20.1,83.1,218.9,1.09,25.0,1.359,0
2025-06-05,TR017,OP018,Stockpile,22.0,18.77,87.9,126.0,1.13,19.4,1.172,0
2025-04-26,TR008,OP002,Stockpile,73.3,25.84,23.8,101.5,2.39,30.7,2.837,0
2025-10-28,TR027,OP042,North Pit,38.76,19.0,32.0,162.2,1.4,27.7,2.04,0
2025-12-31,TR018,OP037,West Pit,34.18,19.28,75.5,127.1,0.92,37.2,1.773,0
2025-01-30,TR011,OP007,West Pit,49.74,16.64,18.2,148.4,2.12,23.5,2.989,0
2025-06-09,TR025,OP034,South Pit,90.05,38.54,25.8,196.1,3.03,29.7,2.337,0
2025-09-25,TR030,OP039,South Pit,44.11,18.66,22.0,171.5,1.84,24.0,2.364,0
2025-01-27,TR007,OP050,Crusher,63.14,21.51,22.2,89.8,1.9,33.2,2.935,0
2025-04-28,TR024,OP006,South Pit,73.98,40.51,67.8,119.7,3.75,19.7,1.826,0
2025-04-16,TR018,OP023,South Pit,21.35,16.81,51.6,119.1,0.65,33.1,1.27,0
2025-09-15,TR011,OP048,Crusher,91.57,48.44,79.4,118.0,2.83,32.4,1.89,0
2025-03-29,TR027,OP010,North Pit,119.63,55.77,30.3,67.8,4.91,24.4,2.145,0
2025-06-02,TR017,OP021,North Pit,53.04,19.57,34.8,148.2,2.69,19.7,2.71,0
2025-08-26,TR012,OP040,Crusher,114.58,46.22,31.4,69.6,3.13,36.6,2.479,0
2025-05-06,TR007,OP015,South Pit,50.8,22.78,52.5,94.2,2.3,22.1,2.23,0
2025-07-11,TR005,OP043,Crusher,48.19,21.49,58.1,176.2,2.65,18.2,2.242,0
2025-08-03,TR027,OP045,Stockpile,90.81,49.22,72.8,214.1,3.84,23.6,1.845,0
2025-03-14,TR024,OP042,Crusher,56.59,30.02,5.3,189.6,1.53,36.9,1.885,0
2025-01-26,TR021,OP049,East Pit,113.0,52.78,19.5,211.0,3.74,30.2,2.141,0
2025-03-06,TR027,OP003,Crusher,13.99,6.75,10.3,207.3,0.76,18.5,2.073,0
2025-09-04,TR004,OP018,South Pit,97.2,35.76,46.8,136.2,3.48,27.9,2.718,0
2025-11-11,TR029,OP041,Stockpile,76.31,35.7,74.1,227.0,2.65,28.8,2.138,0
2025-06-10,TR017,OP024,East Pit,20.31,7.25,7.9,142.8,0.55,37.3,2.801,0
2025-03-20,TR029,OP018,Stockpile,18.55,16.21,74.3,179.4,0.83,22.2,1.144,0
2025-05-05,TR015,OP009,East Pit,67.76,35.4,87.6,218.1,2.96,22.9,1.914,0
2025-09-03,TR009,OP025,West Pit,49.68,17.4,13.8,125.7,1.36,36.5,2.855,0
2025-12-15,TR030,OP004,Stockpile,99.01,38.87,66.3,81.5,5.5,18.0,2.547,0
2025-02-07,TR002,OP040,South Pit,86.06,47.85,57.4,165.2,3.6,23.9,1.799,0
2025-07-16,TR026,OP029,North Pit,14.18,9.62,44.8,84.7,0.65,21.8,1.474,0
2025-03-21,TR020,OP012,West Pit,53.86,29.57,68.4,230.1,1.42,38.0,1.821,0
2025-12-05,TR030,OP022,South Pit,97.27,33.07,25.4,215.0,3.32,29.3,2.941,0
2025-12-01,TR008,OP026,East Pit,117.44,49.33,9.4,124.7,3.87,30.4,2.381,0
2025-02-14,TR016,OP032,Crusher,106.86,36.17,33.0,116.1,4.93,21.7,2.954,0
2025-02-08,TR027,OP049,Stockpile,119.87,67.11,54.2,148.6,5.24,22.9,1.786,0
2025-06-24,TR018,OP042,Crusher,44.08,27.85,60.0,43.9,1.4,31.6,1.583,0
2025-05-11,TR004,OP036,West Pit,9.31,10.32,59.2,145.4,0.48,19.5,0.902,0
2025-12-31,TR022,OP007,Stockpile,99.01,39.19,80.4,175.0,3.85,25.7,2.526,0
2025-07-28,TR004,OP025,East Pit,90.15,36.47,57.1,185.5,5.0,18.0,2.472,0
2025-07-06,TR005,OP029,North Pit,97.37,51.55,17.1,65.3,2.68,36.3,1.889,0
2025-01-10,TR024,OP024,Crusher,60.75,32.41,68.5,176.5,1.8,33.7,1.874,0
2025-04-17,TR001,OP034,West Pit,103.04,52.09,79.4,140.1,3.52,29.3,1.978,0
2025-09-16,TR022,OP042,North Pit,105.78,65.49,58.3,79.2,2.82,37.5,1.615,0
2025-09-18,TR022,OP015,West Pit,16.88,7.92,35.6,131.5,0.46,36.5,2.131,0
2025-07-27,TR017,OP025,Crusher,70.91,35.04,58.3,204.2,3.28,21.6,2.024,0
2025-10-09,TR015,OP016,East Pit,96.69,44.43,35.7,100.0,2.91,33.3,2.176,0
2025-09-18,TR003,OP012,West Pit,64.15,20.16,14.3,156.0,1.82,35.3,3.182,0
2025-12-02,TR015,OP034,East Pit,57.53,28.13,25.7,215.3,2.96,19.4,2.045,0
2025-04-21,TR011,OP014,Crusher,44.01,20.63,15.6,217.1,1.99,22.1,2.133,0
2025-01-15,TR008,OP032,West Pit,70.39,31.28,64.9,181.9,2.71,26.0,2.25,0
2025-07-04,TR005,OP049,West Pit,25.93,10.86,33.6,120.7,0.91,28.5,2.388,0
2025-01-02,TR011,OP030,South Pit,29.4,18.06,53.5,217.3,0.98,29.9,1.628,0
2025-01-04,TR026,OP008,North Pit,105.2,39.42,43.3,41.5,3.68,28.6,2.669,0
2025-11-05,TR016,OP001,South Pit,109.03,38.27,33.9,130.4,3.35,32.6,2.849,0
2025-09-08,TR025,OP031,East Pit,44.93,18.43,9.6,163.1,1.31,34.4,2.438,0
2025-07-14,TR005,OP010,West Pit,66.32,26.44,35.7,97.4,2.41,27.5,2.508,0
2025-02-08,TR005,OP006,Crusher,102.44,50.47,73.7,61.9,4.51,22.7,2.03,0
2025-11-24,TR008,OP009,North Pit,19.59,19.84,68.1,161.7,0.65,30.1,0.987,0
2025-05-17,TR023,OP019,South Pit,52.22,27.23,63.9,226.7,1.51,34.6,1.918,0
2025-01-08,TR010,OP049,Stockpile,76.42,54.93,55.4,112.5,2.37,32.2,1.391,1
2025-01-16,TR002,OP021,West Pit,33.47,25.02,72.8,92.3,1.82,18.4,1.338,0
2025-09-19,TR023,OP011,East Pit,78.37,26.14,40.1,216.3,2.77,28.3,2.998,0
2025-09-10,TR012,OP043,Crusher,64.32,37.35,89.4,140.6,3.17,20.3,1.722,0
2025-09-12,TR016,OP050,South Pit,95.87,43.91,56.4,178.3,3.67,26.1,2.183,0
2025-08-21,TR017,OP043,South Pit,96.63,34.77,35.6,118.8,4.24,22.8,2.779,0
2025-04-03,TR003,OP006,North Pit,69.7,40.68,63.5,233.7,2.45,28.5,1.713,0
2025-06-17,TR006,OP002,East Pit,57.08,35.71,80.8,230.6,2.07,27.6,1.598,0
2025-09-19,TR020,OP007,Crusher,87.41,40.93,77.8,193.6,2.45,35.6,2.136,0
2025-08-19,TR017,OP020,East Pit,70.27,28.44,46.1,143.4,1.91,36.7,2.471,0
2025-06-27,TR007,OP026,Crusher,65.59,46.75,87.8,187.4,3.04,21.6,1.403,0
2025-03-04,TR016,OP021,North Pit,93.7,44.88,70.2,131.4,2.63,35.7,2.088,0
2025-06-04,TR008,OP014,Stockpile,108.73,47.58,45.0,110.0,5.95,18.3,2.285,0
2025-12-10,TR007,OP004,North Pit,53.08,25.54,23.0,200.6,1.53,34.7,2.078,0
2025-04-16,TR016,OP004,North Pit,55.85,33.01,20.1,109.1,1.81,30.8,1.692,0
2025-11-01,TR028,OP028,Stockpile,56.06,25.18,25.4,194.3,1.96,28.6,2.226,0
2025-01-20,TR021,OP033,West Pit,113.47,57.03,67.0,62.4,4.54,25.0,1.99,0
2025-09-18,TR018,OP001,Stockpile,93.76,35.08,29.2,128.4,3.77,24.9,2.673,0
2025-05-30,TR028,OP016,South Pit,13.74,9.08,23.7,203.1,0.52,26.5,1.513,0
2025-02-16,TR023,OP004,North Pit,86.7,38.37,5.2,50.0,3.42,25.3,2.26,0
2025-02-25,TR007,OP040,East Pit,84.66,54.27,64.4,86.2,2.92,29.0,1.56,0
2025-01-23,TR001,OP046,West Pit,98.03,34.2,29.4,143.9,2.91,33.7,2.866,0
2025-07-10,TR017,OP040,Crusher,47.15,28.68,51.5,183.1,1.74,27.0,1.644,0
2025-05-13,TR026,OP039,South Pit,32.84,20.11,83.7,126.7,0.92,35.7,1.633,0
2025-01-17,TR011,OP006,East Pit,81.75,35.69,36.0,136.9,2.28,35.9,2.291,0
2025-07-25,TR003,OP036,East Pit,69.02,27.87,7.6,137.9,3.82,18.1,2.476,0
2025-02-11,TR028,OP046,South Pit,119.58,44.13,61.8,143.3,3.38,35.4,2.71,0
2025-01-25,TR023,OP029,South Pit,50.61,31.28,53.5,53.5,1.41,35.9,1.618,0
2025-10-12,TR017,OP031,South Pit,27.13,17.8,44.7,70.9,0.96,28.2,1.524,0
2025-07-12,TR015,OP029,Crusher,48.09,29.6,50.8,174.1,1.68,28.6,1.625,0
2025-10-26,TR006,OP037,South Pit,87.93,43.66,83.4,195.4,3.74,23.5,2.014,0
2025-05-31,TR004,OP032,West Pit,117.79,43.28,59.6,88.0,5.38,21.9,2.722,0
2025-06-28,TR011,OP033,Crusher,104.28,51.28,24.0,155.4,3.97,26.3,2.034,0
2025-06-22,TR005,OP034,West Pit,22.36,16.19,66.5,214.0,0.87,25.6,1.381,0
2025-07-03,TR012,OP034,West Pit,53.38,16.63,9.2,198.5,2.95,18.1,3.21,0
2025-01-24,TR010,OP037,Stockpile,38.1,18.95,43.1,129.4,1.67,22.9,2.011,0
2025-05-19,TR003,OP026,Stockpile,46.88,24.32,69.1,127.9,1.61,29.1,1.928,0
2025-10-19,TR004,OP006,East Pit,113.88,49.54,8.5,77.0,6.01,18.9,2.299,0
2025-07-02,TR017,OP006,Crusher,40.61,18.02,8.5,94.3,1.07,37.8,2.254,0
2025-06-12,TR018,OP037,Crusher,31.64,20.46,46.4,227.4,1.6,19.8,1.546,0
2025-12-06,TR001,OP042,West Pit,84.07,29.97,30.1,156.4,4.24,19.8,2.805,0
2025-06-22,TR008,OP035,East Pit,69.01,40.67,19.6,234.8,2.27,30.4,1.697,0
2025-03-09,TR011,OP023,West Pit,22.05,18.81,52.5,229.6,0.99,22.3,1.172,0
2025-12-15,TR003,OP040,North Pit,59.51,28.22,70.2,179.8,1.87,31.9,2.109,0
2025-02-05,TR001,OP030,South Pit,15.24,8.14,12.3,69.5,0.67,22.8,1.872,0
2025-09-28,TR027,OP004,West Pit,58.49,26.48,74.1,68.8,1.66,35.3,2.209,0
2025-07-20,TR018,OP050,North Pit,66.68,30.58,73.0,230.8,2.99,22.3,2.181,0
2025-06-08,TR030,OP032,North Pit,61.33,28.92,21.8,98.8,3.03,20.2,2.121,0
2025-06-18,TR028,OP022,West Pit,98.82,130.98,70.3,56.7,3.15,31.3,0.754,1
2025-11-02,TR003,OP048,Crusher,112.5,128.0,42.4,41.2,3.32,33.8,0.879,1
2025-02-02,TR029,OP040,North Pit,83.26,55.4,88.9,210.2,3.03,27.5,1.503,0
2025-09-26,TR029,OP030,East Pit,69.46,43.23,72.8,193.0,3.41,20.4,1.607,0
2025-03-07,TR016,OP040,North Pit,41.89,25.11,59.8,204.0,1.61,26.1,1.668,0
2025-06-30,TR025,OP002,Stockpile,65.13,38.33,80.3,50.8,3.05,21.4,1.699,0
2025-07-17,TR013,OP036,South Pit,33.7,18.43,67.5,104.2,1.5,22.5,1.829,0
2025-01-17,TR014,OP001,North Pit,68.93,34.17,11.5,65.8,3.55,19.4,2.017,0
2025-08-23,TR024,OP002,Stockpile,97.03,46.52,27.3,54.1,3.47,28.0,2.086,0
2025-06-21,TR020,OP050,East Pit,103.17,34.56,14.4,97.8,4.74,21.8,2.985,0
2025-05-09,TR011,OP014,West Pit,107.71,52.62,61.5,204.3,2.98,36.1,2.047,0
2025-12-30,TR002,OP025,North Pit,92.79,32.45,15.6,127.7,2.57,36.1,2.859,0
2025-08-30,TR020,OP029,South Pit,66.41,35.95,11.9,220.5,2.55,26.0,1.847,0
2025-06-25,TR027,OP045,North Pit,11.56,11.05,44.9,212.7,0.34,34.3,1.046,0
2025-01-04,TR017,OP001,East Pit,110.61,53.03,38.9,197.7,5.89,18.8,2.086,0
2025-02-21,TR024,OP016,South Pit,30.74,15.82,11.0,176.3,0.97,31.8,1.943,0
2025-01-17,TR011,OP024,North Pit,51.23,31.61,72.9,167.7,2.44,21.0,1.621,0
2025-08-08,TR022,OP009,Crusher,9.94,11.4,56.9,88.1,0.31,32.0,0.872,0
2025-12-11,TR018,OP038,North Pit,58.16,25.58,5.6,68.0,2.56,22.7,2.274,0
2025-10-19,TR010,OP015,East Pit,49.43,27.11,17.1,156.4,1.85,26.7,1.823,0
2025-08-16,TR026,OP025,Stockpile,84.8,50.01,85.3,238.0,3.38,25.1,1.696,0
2025-06-14,TR025,OP033,North Pit,110.85,42.35,85.8,192.0,5.74,19.3,2.617,0
2025-10-23,TR020,OP048,West Pit,114.07,43.6,39.7,146.4,3.05,37.4,2.616,0
2025-04-26,TR015,OP022,Crusher,114.24,58.33,49.0,115.4,3.54,32.3,1.959,0
2025-11-12,TR012,OP015,North Pit,40.44,20.23,40.5,173.7,1.44,28.1,1.999,0
2025-12-06,TR018,OP016,South Pit,24.55,12.35,24.2,187.9,1.22,20.0,1.988,0
2025-04-28,TR024,OP002,North Pit,98.17,39.18,86.8,134.2,5.43,18.1,2.506,0
2025-08-05,TR018,OP009,Stockpile,112.43,64.85,40.5,113.3,3.99,28.2,1.734,0
2025-12-12,TR001,OP033,North Pit,18.56,10.67,43.6,104.8,0.69,26.9,1.739,0
2025-01-08,TR004,OP042,West Pit,110.6,38.23,42.2,164.6,3.66,30.2,2.893,0
2025-02-21,TR001,OP006,East Pit,74.02,39.96,72.8,214.3,3.12,23.8,1.852,0
2025-04-14,TR005,OP035,West Pit,27.92,12.91,32.8,89.5,1.13,24.7,2.163,0
2025-09-29,TR005,OP039,North Pit,44.54,20.09,39.2,222.6,1.35,33.0,2.217,0
2025-08-13,TR025,OP030,South Pit,109.59,44.21,66.4,84.9,3.95,27.7,2.479,0
2025-06-28,TR007,OP012,Crusher,60.44,33.52,76.9,40.2,1.97,30.6,1.803,0
2025-04-18,TR028,OP041,Stockpile,27.81,14.23,36.9,139.5,1.09,25.4,1.954,0
2025-10-22,TR005,OP022,East Pit,83.0,33.09,48.1,158.1,3.34,24.9,2.508,0
2025-01-26,TR029,OP032,Stockpile,104.08,40.81,70.0,234.5,4.08,25.5,2.55,0
2025-08-07,TR010,OP044,South Pit,74.36,41.06,16.2,178.9,2.92,25.4,1.811,0
2025-02-03,TR013,OP039,South Pit,43.76,19.78,76.6,100.2,2.12,20.6,2.212,0
2025-10-28,TR028,OP005,Stockpile,83.9,43.71,30.8,145.8,2.29,36.7,1.919,0
2025-09-06,TR027,OP038,Stockpile,76.42,44.63,75.2,211.0,2.9,26.4,1.712,0
2025-04-03,TR006,OP016,Stockpile,54.46,25.77,46.0,86.2,1.72,31.6,2.113,0
2025-07-29,TR025,OP041,Crusher,98.26,36.47,12.7,121.9,2.9,33.9,2.694,0
2025-05-11,TR008,OP023,Stockpile,44.6,24.55,19.3,227.0,2.31,19.3,1.817,0
2025-10-04,TR009,OP039,East Pit,49.29,20.38,16.0,139.3,1.55,31.9,2.419,0
2025-11-07,TR027,OP050,Crusher,56.69,19.64,20.8,169.3,2.8,20.3,2.886,0
2025-01-03,TR018,OP028,East Pit,29.09,17.02,82.4,77.9,1.59,18.3,1.709,0
2025-10-13,TR009,OP031,West Pit,88.54,28.94,14.3,175.0,3.12,28.4,3.059,0
2025-10-15,TR010,OP013,East Pit,92.13,55.15,59.8,173.3,3.37,27.3,1.671,0
2025-11-01,TR021,OP002,Crusher,64.11,35.99,49.1,133.1,1.79,35.7,1.781,0
2025-05-27,TR020,OP016,Stockpile,73.91,39.25,66.6,126.5,2.64,28.0,1.883,0
2025-04-05,TR003,OP043,South Pit,96.18,38.87,49.2,199.5,4.78,20.1,2.474,0
2025-02-02,TR012,OP004,South Pit,67.88,27.49,79.5,79.4,1.94,35.0,2.469,0
2025-05-23,TR001,OP037,North Pit,98.42,46.2,13.1,223.3,5.44,18.1,2.13,0
2025-07-09,TR003,OP025,North Pit,87.08,32.74,67.9,50.9,2.78,31.3,2.66,0
2025-01-05,TR019,OP027,Stockpile,16.06,7.6,15.0,83.2,0.57,28.1,2.113,0
2025-07-23,TR025,OP029,East Pit,107.69,60.91,31.4,202.7,4.98,21.6,1.768,0
2025-03-10,TR019,OP002,Crusher,77.67,29.38,49.6,92.1,3.27,23.8,2.644,0
2025-12-15,TR021,OP032,West Pit,77.0,39.42,44.4,44.9,3.0,25.7,1.953,0
2025-05-13,TR008,OP007,South Pit,55.51,22.65,10.6,150.3,3.05,18.2,2.451,0
2025-12-10,TR025,OP014,East Pit,20.5,14.46,65.2,138.3,0.86,23.7,1.418,0
2025-12-17,TR014,OP004,Stockpile,117.73,55.86,33.6,62.1,3.18,37.0,2.108,0
2025-10-11,TR026,OP038,Stockpile,51.41,18.99,36.7,73.9,2.74,18.8,2.707,0
2025-01-04,TR010,OP002,West Pit,75.53,38.65,20.5,87.9,2.23,33.9,1.954,0
2025-05-19,TR027,OP042,North Pit,83.34,47.54,69.8,227.3,2.45,34.0,1.753,0
2025-07-15,TR029,OP015,Crusher,14.57,6.64,16.1,229.1,0.39,37.6,2.194,0
2025-08-26,TR015,OP048,North Pit,44.62,16.64,27.4,195.2,1.25,35.7,2.681,0
2025-11-14,TR021,OP008,North Pit,70.54,34.32,24.5,146.6,2.0,35.2,2.055,0
2025-09-18,TR007,OP046,Stockpile,41.17,19.13,82.0,140.8,1.35,30.5,2.152,0
2025-04-30,TR027,OP016,South Pit,106.32,46.11,80.4,201.2,5.23,20.3,2.306,0
2025-08-07,TR020,OP019,South Pit,36.08,20.43,77.3,235.6,1.67,21.6,1.766,0
2025-06-13,TR019,OP018,North Pit,97.93,43.07,54.2,158.0,2.59,37.8,2.274,0
2025-03-07,TR030,OP017,Crusher,59.85,22.09,25.3,49.9,1.81,33.1,2.709,0
2025-05-19,TR013,OP018,Stockpile,54.19,18.92,26.8,184.0,2.01,27.0,2.864,0
2025-06-12,TR015,OP033,East Pit,33.28,19.54,20.2,200.5,1.13,29.4,1.703,0
2025-11-13,TR027,OP012,Crusher,61.82,31.77,27.4,55.5,2.49,24.9,1.946,0
2025-05-21,TR013,OP045,South Pit,12.99,7.88,55.8,154.9,0.38,34.3,1.648,0
2025-09-08,TR016,OP019,East Pit,8.9,6.55,64.3,178.0,0.47,19.1,1.359,0
2025-10-26,TR028,OP027,East Pit,72.93,30.91,38.3,51.4,2.27,32.2,2.359,0
2025-01-21,TR012,OP004,South Pit,71.11,27.05,80.8,204.0,2.63,27.1,2.629,0
2025-03-21,TR003,OP020,North Pit,77.71,36.06,7.5,96.3,2.55,30.5,2.155,0
2025-06-17,TR005,OP005,Stockpile,44.38,14.34,6.9,182.3,1.55,28.6,3.095,0
2025-06-02,TR004,OP016,North Pit,45.54,21.11,49.9,65.0,1.87,24.4,2.157,0
2025-12-08,TR011,OP037,East Pit,112.23,58.11,13.9,52.6,3.13,35.9,1.931,0
2025-10-31,TR026,OP015,East Pit,94.73,53.89,89.0,92.1,3.27,29.0,1.758,0
2025-07-22,TR016,OP040,Crusher,53.46,24.44,53.3,186.3,2.07,25.8,2.187,0
2025-08-11,TR014,OP035,Stockpile,82.67,30.85,28.1,92.5,3.07,26.9,2.68,0
2025-01-21,TR017,OP001,Stockpile,38.52,24.57,61.2,46.1,2.09,18.5,1.568,0
2025-08-25,TR015,OP007,Stockpile,9.4,3.85,12.2,120.9,0.26,36.7,2.442,0
2025-12-29,TR028,OP036,Crusher,32.4,23.5,82.3,129.0,1.31,24.7,1.379,0
2025-08-03,TR005,OP001,East Pit,95.31,36.53,8.5,98.1,3.58,26.6,2.609,0
2025-07-25,TR021,OP019,West Pit,71.14,32.12,35.5,156.9,1.91,37.3,2.215,0
2025-09-24,TR009,OP038,South Pit,55.56,30.72,70.4,108.5,2.55,21.7,1.809,0
2025-08-25,TR023,OP029,Stockpile,17.04,7.68,29.1,194.4,0.46,36.7,2.219,0
2025-12-04,TR016,OP042,South Pit,10.42,8.33,28.0,153.4,0.42,24.8,1.251,0
2025-05-05,TR001,OP027,Crusher,33.45,18.69,49.7,110.0,1.25,26.7,1.79,0
2025-11-30,TR004,OP046,North Pit,11.23,10.56,53.6,212.0,0.6,18.8,1.063,0
2025-03-31,TR016,OP037,Crusher,83.11,37.31,74.0,201.7,3.01,27.6,2.228,0
2025-11-05,TR013,OP029,Crusher,40.89,20.7,16.8,40.2,1.13,36.2,1.975,0
2025-09-11,TR020,OP008,East Pit,64.09,23.29,23.0,88.0,2.03,31.6,2.752,0
2025-01-17,TR025,OP029,Crusher,22.09,14.19,37.0,97.2,0.85,26.1,1.557,0
2025-11-30,TR026,OP013,North Pit,96.45,39.77,84.9,112.1,2.91,33.1,2.425,0
2025-06-14,TR021,OP004,West Pit,23.53,10.24,13.6,87.1,0.71,33.3,2.298,0
2025-09-26,TR003,OP023,East Pit,72.61,31.61,40.9,132.1,2.12,34.2,2.297,0
2025-09-09,TR024,OP019,Stockpile,42.69,16.06,14.2,108.6,1.93,22.1,2.658,0
2025-03-01,TR018,OP024,North Pit,55.64,26.97,29.6,42.4,2.63,21.2,2.063,0
2025-05-29,TR007,OP036,South Pit,29.27,17.29,86.4,138.4,1.25,23.4,1.693,0
2025-03-16,TR019,OP039,Crusher,11.51,10.57,45.3,47.7,0.43,26.5,1.089,0
2025-10-29,TR017,OP020,South Pit,70.16,32.73,85.6,65.5,2.19,32.1,2.144,0
2025-10-11,TR005,OP004,West Pit,81.19,43.31,48.2,181.7,3.07,26.4,1.875,0
2025-05-03,TR030,OP037,Crusher,82.96,35.86,25.4,213.3,2.19,37.9,2.313,0
2025-04-10,TR007,OP025,Crusher,20.42,18.69,74.1,45.4,0.64,31.7,1.093,0
2025-03-28,TR024,OP004,Crusher,83.86,41.72,70.2,159.3,4.6,18.2,2.01,0
2025-12-18,TR016,OP016,Crusher,21.89,8.1,9.0,142.1,1.04,21.1,2.702,0
2025-07-16,TR002,OP038,North Pit,54.27,25.24,81.1,206.9,1.94,28.0,2.15,0
2025-08-12,TR001,OP014,East Pit,29.62,18.39,82.0,86.7,0.91,32.5,1.611,0
2025-02-22,TR030,OP032,North Pit,76.04,27.01,30.1,132.8,3.42,22.2,2.815,0
2025-10-25,TR018,OP044,West Pit,48.35,32.07,59.9,158.6,1.78,27.2,1.508,0
2025-05-26,TR022,OP043,Crusher,53.65,33.71,43.2,227.1,1.42,37.7,1.592,0
2025-04-17,TR027,OP030,West Pit,100.07,33.88,51.2,123.1,3.16,31.7,2.954,0
2025-05-30,TR029,OP018,West Pit,40.24,18.03,44.0,88.8,1.31,30.7,2.232,0
2025-03-11,TR010,OP044,South Pit,65.94,37.5,87.1,47.5,2.74,24.1,1.758,0
2025-03-30,TR011,OP032,West Pit,44.71,17.53,8.4,216.9,2.4,18.6,2.55,0
2025-05-13,TR021,OP046,North Pit,66.59,33.75,28.2,148.4,2.75,24.2,1.973,0
2025-01-16,TR003,OP016,North Pit,67.44,24.63,7.1,183.8,3.67,18.4,2.738,0
2025-11-17,TR027,OP030,West Pit,96.37,34.81,20.7,136.6,3.14,30.7,2.768,0
2025-07-28,TR015,OP023,East Pit,102.49,34.75,28.0,76.5,4.7,21.8,2.949,0
2025-08-03,TR022,OP042,South Pit,17.52,16.04,85.6,186.0,0.71,24.7,1.092,0
2025-04-23,TR020,OP010,Crusher,91.16,37.55,79.1,55.3,2.46,37.1,2.428,0
2025-07-24,TR008,OP046,Crusher,92.14,30.88,16.0,78.7,4.93,18.7,2.984,0
2025-08-12,TR018,OP024,North Pit,64.5,28.24,68.8,146.6,2.79,23.1,2.284,0
2025-09-03,TR024,OP042,Stockpile,45.25,23.52,81.8,216.3,1.34,33.8,1.924,0
2025-10-02,TR018,OP025,South Pit,21.52,9.71,22.8,148.3,0.59,36.6,2.216,0
2025-07-27,TR020,OP027,East Pit,47.78,24.8,30.0,195.0,2.34,20.4,1.927,0
2025-04-28,TR008,OP037,South Pit,73.05,43.6,54.4,73.4,2.75,26.6,1.675,0
2025-10-18,TR003,OP004,West Pit,51.66,19.85,71.9,97.6,1.7,30.3,2.603,0
2025-05-27,TR012,OP011,Stockpile,41.04,27.79,47.9,46.3,1.59,25.9,1.477,0
2025-04-11,TR012,OP040,East Pit,13.7,10.95,40.7,127.8,0.75,18.2,1.251,0
2025-11-18,TR002,OP038,Crusher,104.99,45.61,15.3,182.9,2.79,37.6,2.302,0
2025-11-12,TR019,OP039,Stockpile,75.21,25.47,37.7,238.1,3.05,24.7,2.953,0
2025-04-10,TR022,OP035,Stockpile,15.56,11.76,72.1,102.6,0.68,22.9,1.323,0
2025-03-01,TR027,OP010,East Pit,17.13,16.89,62.9,112.5,0.54,31.6,1.014,0
2025-01-02,TR011,OP010,Stockpile,61.07,26.93,40.5,136.8,1.73,35.2,2.268,0
2025-02-05,TR018,OP040,Stockpile,36.12,18.38,18.0,158.8,1.84,19.6,1.965,0
2025-04-08,TR009,OP011,South Pit,42.06,20.99,27.9,233.3,1.77,23.8,2.004,0
2025-12-02,TR018,OP010,North Pit,63.42,25.76,53.3,47.7,3.34,19.0,2.462,0
2025-05-23,TR008,OP025,Crusher,104.9,54.89,9.2,48.1,5.55,18.9,1.911,0
2025-09-04,TR012,OP032,East Pit,71.92,26.84,9.7,74.6,2.04,35.3,2.68,0
2025-03-05,TR017,OP041,Stockpile,50.11,60.71,30.8,135.3,2.3,21.8,0.825,1
2025-02-24,TR012,OP039,Stockpile,16.73,7.09,20.4,187.1,0.6,27.7,2.36,0
2025-10-17,TR024,OP049,West Pit,15.31,11.42,47.3,150.9,0.56,27.3,1.341,0
2025-02-19,TR018,OP042,Crusher,48.38,28.31,26.6,191.3,1.92,25.2,1.709,0
2025-12-22,TR011,OP002,North Pit,56.59,35.97,79.9,154.5,2.39,23.7,1.573,0
2025-07-20,TR003,OP015,East Pit,73.87,37.83,50.9,224.3,3.89,19.0,1.953,0
2025-07-19,TR006,OP030,Crusher,101.89,111.9,66.9,63.0,3.2,31.9,0.911,1
2025-08-26,TR016,OP040,North Pit,91.54,32.82,47.6,63.3,3.36,27.2,2.789,0
2025-10-18,TR027,OP001,Crusher,90.8,34.88,7.4,61.3,4.17,21.8,2.603,0
2025-04-07,TR012,OP038,Stockpile,65.92,32.61,10.8,73.2,3.21,20.5,2.021,0
2025-01-28,TR016,OP019,South Pit,72.24,48.33,77.7,200.7,3.18,22.7,1.495,0
2025-11-23,TR024,OP045,South Pit,93.77,38.35,56.3,107.7,3.52,26.6,2.445,0
2025-10-30,TR021,OP002,East Pit,47.28,23.99,23.6,173.9,1.27,37.3,1.971,0
2025-10-18,TR014,OP013,East Pit,47.64,26.79,53.5,123.5,1.28,37.4,1.778,0
2025-07-27,TR017,OP009,Crusher,33.33,13.01,19.6,77.5,1.31,25.4,2.562,0
2025-12-05,TR027,OP025,South Pit,40.66,20.88,11.6,139.4,1.29,31.5,1.947,0
2025-02-28,TR022,OP029,West Pit,35.73,11.61,6.8,136.7,1.88,19.0,3.078,0
2025-05-17,TR023,OP008,North Pit,13.09,10.67,38.8,158.0,0.59,22.0,1.227,0
2025-08-09,TR003,OP009,West Pit,115.86,45.12,8.2,58.6,4.01,28.9,2.568,0
2025-04-29,TR026,OP037,North Pit,74.1,30.95,73.1,184.8,2.95,25.1,2.394,0
2025-11-09,TR017,OP043,Stockpile,26.39,14.32,59.3,107.6,0.95,27.7,1.843,0
2025-04-21,TR009,OP004,East Pit,69.99,32.96,31.8,204.1,3.33,21.0,2.123,0
2025-06-08,TR018,OP039,West Pit,92.67,52.33,60.5,127.7,3.61,25.7,1.771,0
2025-12-28,TR002,OP043,Crusher,16.79,9.08,55.3,145.9,0.47,35.5,1.849,0
2025-02-09,TR026,OP029,West Pit,53.93,26.51,68.2,179.9,1.66,32.5,2.034,0
2025-10-18,TR005,OP048,West Pit,101.64,52.31,15.3,142.6,3.71,27.4,1.943,0
2025-10-19,TR014,OP037,West Pit,36.84,19.67,64.5,217.0,1.41,26.2,1.873,0
2025-06-21,TR021,OP011,West Pit,17.57,9.82,39.8,111.6,0.93,18.8,1.789,0
2025-08-30,TR011,OP025,North Pit,70.2,39.49,44.2,159.1,2.28,30.9,1.778,0
2025-04-30,TR026,OP025,East Pit,110.19,61.08,58.4,181.4,5.55,19.8,1.804,0
2025-03-27,TR024,OP029,West Pit,93.82,44.76,34.1,228.9,2.96,31.7,2.096,0
2025-07-11,TR008,OP027,North Pit,74.98,31.75,79.5,236.9,4.16,18.0,2.362,0
2025-09-12,TR003,OP021,West Pit,44.76,17.21,28.6,92.9,2.4,18.7,2.601,0
2025-02-26,TR022,OP027,North Pit,9.14,8.92,41.4,220.4,0.27,33.5,1.025,0
2025-10-16,TR007,OP017,Stockpile,74.26,34.85,53.1,113.7,2.76,26.9,2.131,0
2025-06-27,TR006,OP033,West Pit,27.67,22.18,66.0,50.1,0.91,30.4,1.248,0
2025-09-14,TR008,OP009,West Pit,98.89,49.83,50.6,141.1,3.73,26.5,1.985,0
2025-04-30,TR017,OP014,Crusher,75.09,38.37,45.0,53.9,3.24,23.1,1.957,0
2025-10-06,TR018,OP028,Crusher,17.19,10.07,13.1,87.2,0.77,22.5,1.707,0
2025-04-10,TR021,OP045,North Pit,34.86,18.81,30.8,116.3,1.11,31.5,1.853,0
2025-07-19,TR018,OP048,North Pit,24.79,18.04,69.0,53.8,0.84,29.4,1.374,0
2025-05-16,TR027,OP022,West Pit,67.08,41.95,77.4,224.9,3.69,18.2,1.599,0
2025-11-23,TR026,OP024,East Pit,96.44,33.13,14.5,43.3,3.97,24.3,2.911,0
2025-05-05,TR015,OP040,Crusher,76.76,25.4,40.5,98.9,4.15,18.5,3.022,0
2025-07-18,TR024,OP024,Stockpile,108.59,38.44,16.5,54.5,4.26,25.5,2.825,0
2025-07-07,TR009,OP022,South Pit,58.92,25.68,62.7,218.0,2.23,26.4,2.294,0
2025-04-15,TR019,OP016,West Pit,67.21,29.27,14.6,49.5,2.45,27.4,2.296,0
2025-03-02,TR018,OP033,Stockpile,45.22,17.52,77.3,193.8,1.76,25.7,2.581,0
2025-04-12,TR019,OP003,North Pit,46.97,19.68,25.0,125.8,1.34,35.2,2.387,0
2025-11-30,TR001,OP029,Stockpile,36.37,15.19,12.4,139.1,1.31,27.7,2.394,0
2025-02-08,TR011,OP050,South Pit,13.84,10.34,47.9,80.2,0.63,21.9,1.338,0
2025-06-18,TR020,OP045,Stockpile,114.84,42.38,55.3,46.5,4.59,25.0,2.71,0
2025-05-31,TR023,OP034,North Pit,26.22,10.81,18.3,136.4,0.74,35.5,2.426,0
2025-12-17,TR020,OP046,Stockpile,85.98,39.07,25.6,206.5,2.97,28.9,2.201,0
2025-02-15,TR010,OP036,South Pit,83.17,32.53,34.1,159.4,4.2,19.8,2.557,0
2025-03-18,TR021,OP034,Stockpile,74.24,27.9,39.1,98.6,2.84,26.2,2.661,0
2025-07-24,TR020,OP045,North Pit,95.43,56.82,51.1,80.2,3.95,24.2,1.68,0
2025-07-01,TR009,OP013,West Pit,16.22,11.36,39.8,105.3,0.54,29.9,1.428,0
2025-12-30,TR026,OP007,Stockpile,109.0,39.19,45.8,187.9,3.6,30.3,2.781,0
2025-11-02,TR023,OP004,Crusher,13.65,7.6,31.2,117.4,0.48,28.4,1.796,0
2025-11-01,TR010,OP045,South Pit,35.79,22.98,59.5,43.8,1.11,32.2,1.557,0
2025-11-27,TR023,OP015,South Pit,8.46,13.08,66.9,62.5,0.45,19.0,0.647,0
2025-05-05,TR023,OP014,Stockpile,56.51,21.04,8.3,205.3,2.59,21.8,2.686,0
2025-07-18,TR019,OP010,South Pit,26.33,17.87,7.1,104.3,0.76,34.5,1.473,1
2025-02-24,TR023,OP005,South Pit,83.36,31.22,67.2,131.2,4.55,18.3,2.67,0
2025-02-27,TR012,OP002,Crusher,34.35,14.48,25.2,200.8,1.05,32.6,2.372,0
2025-07-17,TR018,OP014,South Pit,23.82,11.21,11.4,104.0,0.74,32.3,2.125,0
2025-07-26,TR010,OP032,South Pit,116.43,51.05,28.9,103.7,4.28,27.2,2.281,0
2025-08-09,TR006,OP045,Crusher,35.46,21.85,77.1,231.4,1.19,29.9,1.623,0
2025-07-10,TR017,OP033,East Pit,15.56,15.52,65.2,76.0,0.54,28.6,1.003,0
2025-07-14,TR023,OP045,North Pit,92.78,51.12,23.7,66.3,2.96,31.4,1.815,0
2025-07-17,TR005,OP037,West Pit,92.01,55.27,75.4,96.2,2.54,36.2,1.665,0
2025-11-11,TR023,OP014,North Pit,63.95,31.0,89.2,171.1,2.21,28.9,2.063,0
2025-05-30,TR015,OP044,North Pit,104.59,44.91,64.5,73.0,3.86,27.1,2.329,0
2025-03-18,TR001,OP028,South Pit,15.96,16.44,59.9,123.3,0.88,18.2,0.971,0
2025-10-31,TR021,OP002,Stockpile,79.05,37.07,70.1,153.3,2.71,29.2,2.132,0
2025-12-24,TR006,OP050,Crusher,17.81,14.55,71.6,147.9,0.52,34.3,1.224,0
2025-08-21,TR012,OP036,East Pit,15.83,7.82,44.6,160.7,0.52,30.2,2.024,0
2025-07-28,TR025,OP022,Crusher,40.0,21.6,67.3,88.9,1.26,31.7,1.852,0
2025-02-04,TR013,OP034,North Pit,11.03,7.19,30.3,219.2,0.36,30.8,1.534,0
2025-11-16,TR025,OP044,East Pit,104.05,36.14,28.3,62.4,2.85,36.5,2.879,0
2025-11-30,TR026,OP025,West Pit,54.84,20.6,26.7,126.4,2.17,25.2,2.662,0
2025-07-04,TR026,OP011,West Pit,9.74,4.21,5.3,237.4,0.29,33.1,2.314,0
2025-11-01,TR024,OP031,East Pit,94.23,34.98,41.6,82.0,4.11,22.9,2.694,0
2025-08-30,TR002,OP037,North Pit,82.72,33.78,38.7,142.1,2.39,34.6,2.449,0
2025-02-24,TR023,OP047,West Pit,46.3,24.47,63.4,138.9,1.73,26.7,1.892,0
2025-04-19,TR030,OP046,Crusher,43.61,21.76,27.5,173.5,1.76,24.8,2.004,0
2025-04-29,TR026,OP033,Crusher,38.72,15.33,38.8,147.3,1.84,21.1,2.526,0
2025-10-02,TR026,OP044,Crusher,111.74,35.08,23.4,213.9,3.3,33.9,3.185,0
2025-09-27,TR025,OP002,Crusher,104.81,39.39,65.2,144.3,2.88,36.4,2.661,0
2025-05-06,TR008,OP038,Stockpile,28.3,9.54,12.1,119.8,0.77,36.8,2.966,0
2025-02-18,TR011,OP006,South Pit,91.77,44.67,28.1,202.3,3.3,27.8,2.054,0
2025-02-06,TR003,OP040,South Pit,48.29,23.64,41.8,124.0,2.34,20.6,2.043,0
2025-04-14,TR025,OP030,South Pit,45.19,29.14,52.5,68.2,1.54,29.3,1.551,0
2025-04-11,TR014,OP029,East Pit,44.25,23.48,34.6,121.0,1.71,25.8,1.885,0
2025-07-19,TR019,OP003,South Pit,56.77,26.5,28.5,190.1,2.48,22.9,2.142,0
2025-08-14,TR006,OP021,North Pit,96.64,48.76,88.9,114.6,4.34,22.3,1.982,0
2025-05-19,TR004,OP028,North Pit,69.28,32.47,69.1,65.0,3.22,21.5,2.134,0
2025-12-04,TR022,OP025,North Pit,92.44,39.41,22.6,64.5,2.7,34.2,2.346,0
2025-12-30,TR027,OP003,North Pit,54.92,29.08,72.3,114.9,2.51,21.9,1.889,0
2025-06-15,TR013,OP030,East Pit,24.64,19.76,63.4,152.0,0.72,34.2,1.247,0
2025-07-23,TR019,OP042,West Pit,54.11,20.69,30.2,187.2,1.96,27.7,2.615,0
2025-04-12,TR026,OP017,North Pit,112.76,47.29,24.6,67.0,3.05,37.0,2.384,0
2025-12-12,TR026,OP004,Stockpile,71.88,34.39,55.5,134.0,2.5,28.8,2.09,0
2025-10-18,TR001,OP047,West Pit,80.85,43.78,56.6,183.4,3.37,24.0,1.847,0
2025-07-29,TR027,OP011,West Pit,35.98,18.45,23.6,150.3,1.31,27.5,1.95,0
2025-04-06,TR026,OP016,Crusher,27.5,15.25,26.8,234.7,0.87,31.8,1.803,0
2025-09-16,TR002,OP019,East Pit,32.07,11.83,25.4,205.7,0.94,34.0,2.711,0
2025-10-27,TR029,OP014,Stockpile,99.03,53.9,85.7,123.9,3.26,30.4,1.837,0
2025-06-14,TR006,OP012,Stockpile,21.13,15.87,70.4,195.8,0.81,26.2,1.331,0
2025-09-09,TR029,OP033,West Pit,23.84,13.38,50.5,134.3,0.65,36.7,1.782,0
2025-02-05,TR021,OP007,South Pit,50.75,33.25,49.7,67.5,1.35,37.7,1.526,0
2025-10-19,TR016,OP037,South Pit,25.19,11.26,8.8,133.9,0.87,29.0,2.237,0
2025-01-02,TR023,OP024,Stockpile,73.29,32.57,14.7,203.5,2.41,30.4,2.25,0
2025-08-25,TR016,OP014,East Pit,93.18,41.59,15.6,234.9,3.28,28.4,2.24,0
2025-02-06,TR024,OP004,Crusher,63.65,23.91,54.7,51.6,1.72,36.9,2.662,0
2025-02-08,TR001,OP041,Stockpile,96.01,40.73,36.4,56.9,3.23,29.7,2.357,0
2025-04-06,TR006,OP023,North Pit,34.18,13.96,6.6,79.6,1.28,26.7,2.448,0
2025-11-12,TR023,OP026,West Pit,114.67,63.44,42.6,45.5,4.09,28.0,1.808,0
2025-04-03,TR013,OP027,East Pit,84.69,33.16,5.0,130.3,2.88,29.4,2.554,0
2025-04-02,TR001,OP049,South Pit,51.35,21.12,52.8,46.0,1.63,31.4,2.431,0
2025-01-21,TR024,OP027,West Pit,91.02,34.01,62.4,66.6,3.33,27.3,2.676,0
2025-10-03,TR010,OP010,Crusher,13.67,10.03,56.3,63.9,0.39,34.9,1.363,0
2025-11-10,TR002,OP029,Crusher,82.19,29.92,60.9,42.3,2.49,33.0,2.747,0
2025-08-20,TR021,OP047,North Pit,32.1,12.22,6.4,144.5,1.12,28.7,2.627,0
2025-12-07,TR017,OP009,South Pit,11.15,4.54,12.7,114.2,0.53,20.9,2.456,0
2025-01-27,TR017,OP011,West Pit,19.41,12.32,32.6,153.4,0.69,27.9,1.575,0
2025-12-18,TR011,OP030,Crusher,55.41,25.57,44.3,68.2,1.99,27.9,2.167,0
2025-11-13,TR023,OP050,West Pit,116.43,40.96,58.5,171.7,6.14,19.0,2.843,0
2025-01-01,TR007,OP004,North Pit,85.84,37.61,34.6,94.0,2.4,35.8,2.282,0
2025-11-28,TR005,OP034,North Pit,19.2,7.68,5.8,68.3,0.61,31.3,2.5,0
2025-05-12,TR026,OP027,West Pit,77.64,28.1,34.2,237.1,2.07,37.5,2.763,0
2025-07-07,TR006,OP046,North Pit,63.58,29.66,71.7,161.4,2.37,26.8,2.144,0
2025-08-13,TR018,OP045,Stockpile,59.26,20.31,28.7,187.4,1.59,37.2,2.918,0
2025-03-06,TR015,OP008,Stockpile,18.06,10.08,37.7,165.9,0.63,28.5,1.792,0
2025-12-30,TR004,OP011,Crusher,31.8,12.14,30.9,47.8,1.62,19.7,2.619,0
2025-03-31,TR006,OP007,Stockpile,89.86,44.55,24.3,61.2,2.84,31.6,2.017,0
2025-08-09,TR028,OP013,North Pit,28.92,24.33,71.2,225.7,1.39,20.8,1.189,0
2025-11-07,TR029,OP035,West Pit,76.25,28.3,65.8,182.7,2.02,37.8,2.694,0
2025-09-26,TR011,OP031,Stockpile,50.16,23.58,46.2,196.6,1.63,30.8,2.127,0
2025-05-25,TR007,OP005,South Pit,54.25,30.29,13.7,171.7,2.06,26.4,1.791,0
2025-08-31,TR014,OP008,North Pit,103.01,40.31,59.7,169.2,3.09,33.3,2.555,0
2025-08-31,TR021,OP008,South Pit,18.44,10.3,30.3,96.9,0.51,36.2,1.79,0
2025-07-17,TR025,OP011,South Pit,38.43,18.78,54.7,43.2,1.04,36.9,2.046,0
2025-02-02,TR018,OP023,Stockpile,46.68,29.01,56.5,204.2,1.81,25.8,1.609,0
2025-11-14,TR007,OP035,Stockpile,102.5,35.45,38.3,154.4,2.84,36.0,2.891,0
2025-12-01,TR023,OP049,South Pit,53.63,26.05,38.5,112.6,2.44,22.0,2.059,0
2025-12-13,TR013,OP019,East Pit,65.25,27.3,41.0,41.1,2.52,25.9,2.39,0
2025-03-05,TR009,OP029,East Pit,78.18,29.53,85.1,221.7,2.44,32.1,2.647,0
2025-11-18,TR005,OP015,South Pit,26.66,13.73,37.8,141.7,1.05,25.4,1.942,0
2025-05-31,TR001,OP049,South Pit,23.27,15.82,70.0,63.6,1.24,18.7,1.471,0
2025-10-06,TR018,OP012,North Pit,70.89,25.33,48.7,66.2,2.71,26.1,2.799,0
2025-08-31,TR010,OP026,South Pit,16.75,9.76,13.8,156.8,0.58,29.1,1.716,0
2025-04-19,TR006,OP009,Crusher,29.35,12.56,37.4,159.1,0.87,33.7,2.337,0
2025-09-02,TR006,OP015,East Pit,25.85,21.24,76.2,183.9,0.75,34.7,1.217,0
2025-10-30,TR025,OP049,North Pit,74.73,28.47,87.7,122.8,2.04,36.6,2.625,0
2025-07-02,TR010,OP007,Crusher,74.05,27.2,20.2,160.3,2.91,25.5,2.722,0
2025-05-07,TR015,OP009,Crusher,37.08,22.81,88.2,96.8,1.65,22.5,1.626,0
2025-05-05,TR005,OP002,Stockpile,18.08,8.59,27.3,57.2,0.68,26.5,2.105,0
2025-05-31,TR010,OP019,Stockpile,11.99,5.51,5.4,78.9,0.36,33.2,2.176,0
2025-02-24,TR010,OP018,Crusher,49.9,25.77,29.6,131.6,1.84,27.1,1.936,0
2025-06-02,TR007,OP029,North Pit,79.02,36.66,23.7,130.3,2.65,29.8,2.155,0
2025-01-22,TR013,OP019,Stockpile,77.47,40.42,65.3,194.1,2.34,33.2,1.917,0
2025-05-06,TR014,OP021,North Pit,87.84,38.23,61.2,215.8,4.45,19.7,2.298,0
2025-10-30,TR030,OP049,North Pit,55.4,25.19,38.5,144.5,2.36,23.5,2.199,0
2025-03-27,TR025,OP006,Stockpile,67.34,33.75,18.4,201.4,3.71,18.1,1.995,0
2025-11-23,TR001,OP009,Stockpile,15.38,8.93,8.9,154.0,0.52,29.5,1.722,0
2025-10-23,TR010,OP044,Crusher,24.44,25.29,88.5,87.5,0.78,31.4,0.966,0
2025-02-09,TR029,OP017,North Pit,65.37,22.37,6.2,155.7,1.9,34.4,2.922,0
2025-02-09,TR024,OP024,East Pit,57.43,27.94,33.6,162.3,2.84,20.2,2.055,0
2025-07-31,TR020,OP006,West Pit,29.27,20.28,88.1,187.9,0.84,34.9,1.443,0
2025-09-30,TR028,OP030,Stockpile,32.62,14.36,68.3,112.2,1.24,26.3,2.272,0
2025-05-19,TR012,OP020,North Pit,81.13,94.39,12.3,232.5,2.39,34.0,0.86,1
2025-06-15,TR029,OP031,North Pit,53.48,31.72,25.1,198.0,1.54,34.8,1.686,0
2025-04-20,TR009,OP025,South Pit,116.19,38.1,29.5,131.1,5.29,21.9,3.05,0
2025-12-08,TR025,OP045,West Pit,29.45,14.55,16.7,151.3,0.83,35.3,2.024,0
2025-07-29,TR016,OP048,Stockpile,118.46,45.95,12.5,210.0,3.67,32.3,2.578,0
2025-03-31,TR008,OP006,Crusher,68.47,27.82,21.8,127.1,3.0,22.9,2.461,0
2025-10-11,TR007,OP003,East Pit,93.95,37.45,56.4,133.4,4.32,21.7,2.509,0
2025-01-02,TR023,OP038,North Pit,44.39,25.96,77.0,158.1,1.88,23.6,1.71,0
2025-08-25,TR029,OP025,Crusher,53.52,18.72,9.8,164.5,2.88,18.6,2.859,0
2025-07-08,TR011,OP021,North Pit,118.4,51.05,25.4,230.2,4.89,24.2,2.319,0
2025-10-13,TR008,OP019,North Pit,48.02,21.17,52.2,97.4,2.02,23.8,2.268,0
2025-06-29,TR016,OP034,South Pit,81.46,31.95,55.4,190.1,2.83,28.8,2.55,0
2025-10-04,TR019,OP036,East Pit,37.78,20.36,88.9,170.1,1.37,27.5,1.856,0
2025-07-28,TR024,OP027,Stockpile,39.17,17.35,56.9,78.6,1.35,29.0,2.258,0
2025-09-21,TR026,OP035,Crusher,78.27,38.14,26.4,239.9,2.69,29.1,2.052,0
2025-09-19,TR006,OP026,South Pit,12.5,10.09,55.7,100.8,0.64,19.5,1.239,0
2025-07-29,TR020,OP001,West Pit,66.51,36.73,26.0,148.8,2.29,29.1,1.811,0
2025-11-28,TR014,OP004,North Pit,93.2,41.86,55.6,209.0,2.95,31.6,2.226,0
2025-09-20,TR016,OP005,West Pit,54.27,21.06,40.7,103.1,2.27,23.9,2.577,0
2025-04-01,TR026,OP021,East Pit,55.39,21.96,37.2,41.1,2.97,18.7,2.522,0
2025-11-13,TR006,OP036,South Pit,40.33,23.06,59.9,176.8,1.36,29.7,1.749,0
2025-04-08,TR009,OP042,North Pit,97.0,36.89,57.2,124.5,4.67,20.8,2.629,0
2025-05-15,TR002,OP012,North Pit,105.6,48.44,34.9,204.9,3.15,33.5,2.18,0
2025-08-09,TR013,OP038,East Pit,80.77,67.9,14.9,109.6,2.14,37.7,1.19,1
2025-08-13,TR012,OP024,North Pit,34.74,15.03,51.3,145.3,1.21,28.8,2.311,0
2025-10-29,TR030,OP047,Crusher,37.16,22.97,89.9,139.4,1.5,24.8,1.618,0
2025-01-20,TR004,OP022,East Pit,91.72,44.21,89.3,96.4,2.55,35.9,2.075,0
2025-10-16,TR006,OP030,South Pit,71.44,36.05,37.1,65.3,2.81,25.4,1.982,0
2025-02-04,TR003,OP029,South Pit,72.31,31.33,54.0,123.6,2.46,29.4,2.308,0
2025-12-30,TR018,OP005,Crusher,97.78,52.35,62.3,56.8,3.62,27.0,1.868,0
2025-06-10,TR027,OP028,South Pit,107.8,36.53,25.2,70.8,3.49,30.9,2.951,0
2025-07-01,TR015,OP012,Stockpile,49.65,20.5,30.6,224.9,2.59,19.2,2.422,0
2025-09-11,TR028,OP004,South Pit,77.67,56.33,32.8,105.7,2.39,32.5,1.379,1
2025-08-25,TR022,OP029,East Pit,33.56,22.71,75.8,229.4,1.27,26.5,1.478,0
2025-11-24,TR001,OP010,Crusher,66.77,20.95,6.9,131.4,1.78,37.4,3.187,0
2025-10-14,TR028,OP021,East Pit,36.67,14.94,26.0,111.6,1.16,31.6,2.454,0
2025-02-11,TR027,OP049,North Pit,114.4,35.28,9.0,135.9,4.46,25.6,3.243,0
2025-08-26,TR025,OP050,West Pit,117.25,38.26,7.2,128.0,4.71,24.9,3.065,0
2025-09-13,TR026,OP013,South Pit,87.81,45.14,30.8,111.5,3.24,27.1,1.945,0
2025-04-22,TR005,OP037,Crusher,64.66,22.86,28.8,107.3,2.09,30.9,2.829,0
2025-09-12,TR017,OP034,North Pit,102.14,34.2,39.1,232.4,4.02,25.4,2.987,0
2025-11-23,TR011,OP038,South Pit,51.99,28.84,82.4,109.2,2.04,25.5,1.803,0
2025-11-24,TR003,OP024,North Pit,18.25,11.48,41.8,231.8,0.52,35.4,1.59,0
2025-08-24,TR009,OP039,Crusher,69.22,26.64,29.6,223.0,2.18,31.7,2.598,0
2025-08-04,TR003,OP026,Stockpile,51.18,23.18,74.5,46.4,1.8,28.4,2.208,0
2025-10-02,TR008,OP028,East Pit,90.39,65.93,23.2,71.2,4.32,20.9,1.371,1
2025-08-29,TR022,OP038,East Pit,89.23,38.9,60.9,183.3,2.52,35.5,2.294,0
2025-05-02,TR010,OP032,Stockpile,33.37,14.59,42.8,206.0,0.92,36.1,2.287,0
2025-01-15,TR002,OP013,West Pit,61.89,27.64,88.6,227.6,2.19,28.3,2.239,0
2025-03-10,TR026,OP050,South Pit,117.01,52.76,81.0,163.2,4.93,23.7,2.218,0
2025-04-21,TR023,OP024,West Pit,44.98,18.75,31.2,76.8,2.36,19.0,2.399,0
2025-02-26,TR004,OP008,North Pit,44.21,20.98,69.5,156.4,1.54,28.7,2.107,0
2025-09-07,TR006,OP048,Stockpile,58.28,21.07,18.4,129.3,2.18,26.8,2.766,0
2025-05-12,TR010,OP044,West Pit,10.94,16.02,80.1,208.0,0.38,28.5,0.683,0
2025-09-08,TR015,OP050,West Pit,97.99,52.84,11.2,40.0,4.58,21.4,1.854,0
2025-09-28,TR024,OP016,North Pit,14.61,14.78,74.6,162.7,0.42,34.9,0.988,0
2025-05-14,TR025,OP006,Stockpile,105.12,40.47,89.2,81.6,3.73,28.2,2.597,0
2025-07-12,TR003,OP018,North Pit,60.48,29.35,65.0,212.6,2.66,22.7,2.061,0
2025-05-25,TR009,OP033,Crusher,58.49,33.05,34.4,124.9,1.61,36.4,1.77,0
2025-02-06,TR003,OP039,Stockpile,63.74,36.87,53.0,210.8,2.57,24.8,1.729,0
2025-05-09,TR016,OP042,Stockpile,85.97,28.89,32.4,187.9,2.79,30.8,2.976,0
2025-09-26,TR030,OP041,East Pit,103.34,51.43,75.4,69.5,5.58,18.5,2.009,0
2025-08-18,TR008,OP049,South Pit,15.27,16.38,84.7,51.1,0.42,36.7,0.932,0
2025-07-14,TR019,OP010,Stockpile,67.76,33.03,62.5,72.1,1.81,37.5,2.051,0
2025-12-12,TR001,OP038,Crusher,94.04,49.89,20.3,86.1,2.51,37.5,1.885,0
2025-09-08,TR017,OP001,Stockpile,113.47,62.29,36.0,239.1,5.91,19.2,1.822,0
2025-10-01,TR020,OP038,Stockpile,64.0,20.6,20.8,218.9,2.15,29.8,3.107,0
2025-03-30,TR024,OP038,Crusher,87.89,45.72,55.6,161.3,2.9,30.3,1.922,0
2025-05-20,TR025,OP011,North Pit,65.1,42.38,86.6,210.0,2.88,22.6,1.536,0
2025-09-11,TR009,OP030,Stockpile,40.46,22.72,58.6,183.7,1.16,35.0,1.781,0
2025-08-04,TR027,OP003,West Pit,93.13,46.25,62.1,43.8,4.65,20.0,2.014,0
2025-02-12,TR021,OP040,North Pit,115.19,53.84,55.5,46.4,5.32,21.6,2.139,0
2025-06-16,TR005,OP030,North Pit,13.63,8.9,57.6,195.6,0.45,30.5,1.531,0
2025-04-06,TR007,OP049,East Pit,14.1,8.82,21.6,124.2,0.48,29.2,1.599,0
2025-12-24,TR013,OP036,North Pit,69.92,29.09,13.5,45.6,2.35,29.7,2.404,0
2025-12-08,TR002,OP033,Crusher,93.42,35.75,7.0,46.5,4.8,19.4,2.613,0
2025-10-08,TR010,OP035,North Pit,74.43,30.53,7.4,93.2,2.2,33.9,2.438,0
2025-09-09,TR024,OP032,North Pit,40.44,16.67,20.9,165.6,1.49,27.1,2.426,0
2025-01-31,TR002,OP014,Stockpile,93.35,41.42,26.7,78.9,3.69,25.3,2.254,0
2025-08-04,TR001,OP039,South Pit,81.76,36.23,88.1,108.1,2.92,28.0,2.257,0
2025-08-24,TR030,OP050,South Pit,85.1,34.21,72.4,58.0,4.52,18.8,2.488,0
2025-11-19,TR018,OP018,North Pit,51.07,30.81,73.6,149.9,1.72,29.6,1.658,0
2025-10-21,TR004,OP047,Stockpile,92.98,38.28,67.3,85.9,4.27,21.8,2.429,0
2025-10-15,TR021,OP043,Crusher,50.38,31.18,46.1,82.3,1.43,35.2,1.616,0
2025-08-16,TR012,OP035,Crusher,13.65,11.02,36.8,122.5,0.72,18.9,1.239,0
2025-05-20,TR021,OP037,South Pit,74.96,47.22,74.7,229.5,2.87,26.1,1.587,0
2025-10-21,TR002,OP034,North Pit,86.33,50.64,77.5,64.6,4.14,20.9,1.705,0
2025-08-24,TR025,OP007,Stockpile,119.07,59.06,61.7,202.6,5.3,22.5,2.016,0
2025-12-27,TR018,OP030,East Pit,105.26,39.09,41.6,58.6,3.3,31.9,2.693,0
2025-04-28,TR001,OP040,West Pit,73.87,25.09,18.0,222.9,3.31,22.3,2.944,0
2025-10-07,TR004,OP019,Stockpile,27.53,19.26,55.8,178.6,0.81,33.9,1.429,0
2025-05-12,TR003,OP012,North Pit,64.54,27.87,37.7,46.7,2.25,28.7,2.316,0
2025-06-04,TR001,OP041,Stockpile,15.58,9.08,40.7,69.8,0.71,22.0,1.716,0
2025-10-10,TR029,OP031,Crusher,103.38,47.66,76.8,69.8,2.78,37.2,2.169,0
2025-11-11,TR008,OP046,Crusher,46.58,22.39,50.1,175.1,2.09,22.2,2.08,0
2025-08-07,TR001,OP021,East Pit,26.18,17.05,75.6,199.8,0.85,30.7,1.535,0
2025-09-25,TR028,OP033,Stockpile,119.86,71.48,73.0,157.5,6.39,18.8,1.677,0
2025-05-02,TR026,OP021,North Pit,64.89,26.83,60.6,67.0,2.96,22.0,2.419,0
2025-12-23,TR025,OP012,South Pit,11.06,8.32,45.2,111.9,0.51,21.7,1.329,0
2025-05-26,TR025,OP040,Crusher,72.92,43.06,53.8,132.6,2.75,26.6,1.693,0
2025-09-24,TR023,OP033,Crusher,109.21,39.04,35.5,82.1,4.04,27.1,2.797,0
2025-08-25,TR021,OP027,South Pit,111.85,49.14,59.0,109.9,4.36,25.6,2.276,0
2025-06-14,TR028,OP049,Stockpile,18.94,10.95,20.4,68.1,0.63,30.3,1.73,0
2025-10-05,TR028,OP044,East Pit,79.12,60.58,88.8,82.3,3.68,21.5,1.306,1
2025-04-17,TR020,OP026,Stockpile,17.92,14.24,69.9,99.4,0.64,27.9,1.258,0
2025-04-12,TR016,OP030,North Pit,40.76,16.55,29.4,85.3,1.1,37.0,2.463,0
2025-04-22,TR013,OP011,Crusher,35.99,17.3,79.8,109.0,1.01,35.8,2.08,0
2025-11-04,TR010,OP023,West Pit,110.53,48.21,62.0,151.3,3.11,35.5,2.293,0
2025-11-07,TR014,OP019,North Pit,53.47,21.91,61.9,65.2,1.76,30.4,2.44,0
2025-04-30,TR009,OP001,West Pit,78.64,34.54,57.1,165.1,4.0,19.7,2.277,0
2025-05-09,TR025,OP032,West Pit,97.0,45.84,18.7,209.5,3.41,28.4,2.116,0
2025-04-07,TR005,OP039,Stockpile,40.07,18.27,61.6,156.4,2.08,19.3,2.193,0
2025-11-08,TR014,OP050,West Pit,36.0,22.5,51.6,70.8,1.2,30.1,1.6,0
2025-02-28,TR019,OP009,East Pit,16.93,14.48,65.8,109.3,0.6,28.1,1.169,0
2025-03-08,TR026,OP038,East Pit,8.08,7.74,78.4,64.6,0.43,18.8,1.044,0
2025-10-16,TR017,OP016,West Pit,107.88,60.9,37.0,53.2,4.94,21.8,1.771,0
2025-02-17,TR026,OP033,East Pit,93.5,40.16,71.2,156.7,3.64,25.7,2.328,0
2025-05-29,TR029,OP013,South Pit,77.14,45.41,68.4,106.7,3.14,24.6,1.699,0
2025-05-02,TR029,OP035,South Pit,92.02,44.5,82.4,145.8,4.18,22.0,2.068,0
2025-08-19,TR006,OP008,Crusher,42.66,26.21,86.6,127.1,1.23,34.7,1.628,0
2025-12-23,TR026,OP045,South Pit,38.85,23.2,82.8,106.4,1.22,31.8,1.675,0
2025-08-20,TR018,OP025,Crusher,75.63,42.04,31.1,164.5,3.64,20.8,1.799,0
2025-04-10,TR017,OP047,North Pit,34.62,19.98,82.8,148.1,1.05,32.9,1.733,0
2025-05-17,TR013,OP010,South Pit,48.64,60.0,66.7,224.7,2.01,24.1,0.811,1
2025-10-27,TR027,OP040,West Pit,53.36,26.37,76.7,89.0,2.06,25.9,2.024,0
2025-09-29,TR008,OP016,Stockpile,115.85,62.38,30.9,94.9,5.06,22.9,1.857,0
2025-05-12,TR015,OP017,North Pit,92.33,39.71,30.6,221.0,2.81,32.9,2.325,0
2025-05-21,TR020,OP041,Stockpile,103.75,56.31,47.0,122.4,4.77,21.8,1.842,0
2025-01-02,TR026,OP018,East Pit,13.93,7.2,8.2,99.5,0.43,32.4,1.935,0
2025-01-13,TR022,OP049,Crusher,32.53,15.81,57.6,115.5,1.32,24.6,2.058,0
2025-10-17,TR008,OP002,East Pit,63.46,25.25,64.9,152.3,1.78,35.7,2.513,0
2025-02-07,TR021,OP009,East Pit,66.34,43.72,81.7,103.1,1.75,37.8,1.517,0
2025-09-23,TR029,OP039,West Pit,64.13,34.81,74.5,101.2,2.76,23.2,1.842,0
2025-08-25,TR015,OP041,North Pit,80.16,36.08,64.6,187.9,2.73,29.4,2.222,0
2025-04-29,TR016,OP005,Stockpile,59.15,32.74,67.2,53.8,3.1,19.1,1.807,0
2025-10-25,TR024,OP049,North Pit,71.1,30.01,57.6,171.2,3.15,22.6,2.369,0
2025-12-05,TR002,OP035,North Pit,38.53,21.32,42.9,131.0,1.2,32.0,1.807,0
2025-05-02,TR003,OP005,North Pit,74.91,79.84,39.8,172.7,2.87,26.1,0.938,1
2025-08-09,TR028,OP031,South Pit,62.31,28.57,68.9,186.8,1.73,36.1,2.181,0
2025-06-18,TR009,OP048,South Pit,109.12,59.65,38.1,171.1,4.03,27.1,1.829,0
2025-04-27,TR019,OP023,South Pit,32.34,16.84,12.9,119.9,1.62,20.0,1.92,0
2025-10-19,TR014,OP045,West Pit,47.54,28.55,61.1,108.2,1.57,30.2,1.665,0
2025-07-29,TR023,OP038,North Pit,111.41,57.38,54.5,100.7,5.07,22.0,1.942,0
2025-05-09,TR029,OP021,Crusher,54.9,31.01,59.9,203.5,1.67,33.0,1.77,0
2025-03-17,TR021,OP011,East Pit,96.23,37.11,5.2,101.3,2.9,33.1,2.593,0
2025-04-09,TR019,OP009,Stockpile,75.37,30.38,58.9,192.7,2.83,26.7,2.481,0
2025-11-12,TR025,OP027,Crusher,89.1,38.56,28.8,232.9,4.65,19.2,2.311,0
2025-01-17,TR024,OP005,Crusher,65.54,34.0,63.4,199.0,1.97,33.3,1.928,0
2025-03-21,TR024,OP015,Stockpile,62.92,44.13,87.4,208.5,1.73,36.3,1.426,0
2025-10-14,TR013,OP027,Stockpile,108.49,54.6,51.0,114.3,5.73,18.9,1.987,0
2025-12-25,TR003,OP003,South Pit,99.23,41.45,17.2,129.7,2.72,36.5,2.394,0
2025-10-23,TR007,OP022,Stockpile,109.34,41.31,48.5,58.6,3.65,30.0,2.647,0
2025-09-09,TR001,OP020,North Pit,13.41,5.47,17.1,130.7,0.56,23.9,2.452,0
2025-08-12,TR012,OP029,Stockpile,34.61,22.55,47.5,155.8,0.92,37.7,1.535,0
2025-10-19,TR002,OP039,Stockpile,108.04,35.88,47.8,42.5,3.79,28.5,3.011,0
2025-07-10,TR026,OP031,Stockpile,11.16,12.27,73.6,112.9,0.53,20.9,0.91,0
2025-05-17,TR011,OP039,West Pit,46.24,23.12,47.8,176.9,1.35,34.2,2.0,0
2025-12-23,TR027,OP043,Crusher,80.87,28.4,10.6,74.9,3.89,20.8,2.848,0
2025-04-07,TR017,OP041,East Pit,78.04,26.53,10.3,221.3,2.77,28.1,2.942,0
2025-02-09,TR010,OP011,South Pit,107.98,43.72,26.0,224.4,3.7,29.2,2.47,0
2025-08-02,TR016,OP005,North Pit,41.68,27.41,71.7,85.7,2.24,18.6,1.521,0
2025-08-22,TR002,OP001,South Pit,70.45,36.21,59.3,217.1,3.84,18.4,1.946,0
2025-08-01,TR020,OP035,Stockpile,49.13,19.93,19.3,103.8,1.41,34.9,2.465,0
2025-01-25,TR002,OP042,West Pit,23.95,13.43,40.2,50.2,0.69,34.5,1.783,0
2025-08-02,TR010,OP027,Stockpile,74.54,46.26,71.0,200.0,2.78,26.8,1.611,0
2025-03-13,TR006,OP013,East Pit,41.78,20.05,70.4,108.0,1.28,32.6,2.084,0
2025-10-06,TR002,OP039,North Pit,50.66,24.74,35.6,130.6,2.0,25.3,2.048,0
2025-12-31,TR013,OP005,Crusher,89.1,30.85,8.1,230.5,3.0,29.7,2.888,0
2025-01-03,TR023,OP016,Crusher,89.79,45.39,79.2,170.2,2.79,32.1,1.978,0
2025-08-23,TR013,OP003,East Pit,14.16,5.65,10.4,114.6,0.78,18.2,2.506,0
2025-08-23,TR017,OP024,South Pit,16.9,11.61,50.9,141.1,0.66,25.5,1.456,0
2025-03-24,TR009,OP001,North Pit,25.06,15.39,35.9,217.2,0.7,35.7,1.628,0
2025-06-01,TR016,OP049,North Pit,31.99,11.03,5.8,227.6,1.25,25.5,2.9,0
2025-06-25,TR025,OP007,East Pit,119.23,67.72,19.7,195.1,4.2,28.4,1.761,0
2025-02-02,TR014,OP030,North Pit,58.42,23.36,76.1,101.2,3.06,19.1,2.501,0
2025-06-06,TR018,OP021,Crusher,111.09,55.86,21.2,138.1,5.99,18.5,1.989,0
2025-02-24,TR014,OP027,North Pit,70.1,29.63,6.2,237.9,2.72,25.8,2.366,0
2025-08-20,TR012,OP044,South Pit,98.16,37.9,16.2,95.6,5.42,18.1,2.59,0
2025-03-27,TR024,OP047,East Pit,43.11,23.13,86.5,189.7,1.28,33.7,1.864,0
2025-07-07,TR020,OP002,Stockpile,33.1,18.25,24.3,217.9,1.53,21.6,1.814,0
2025-09-24,TR028,OP016,South Pit,85.55,41.06,6.9,41.1,3.48,24.6,2.084,0
2025-12-05,TR011,OP038,Stockpile,81.66,50.83,58.7,159.7,2.77,29.5,1.607,0
2025-09-16,TR009,OP002,Crusher,19.66,16.78,68.6,131.5,0.73,27.1,1.172,0
2025-12-06,TR029,OP026,South Pit,101.92,50.32,26.6,41.3,3.86,26.4,2.025,0
2025-02-12,TR011,OP003,East Pit,63.58,23.8,21.6,173.6,2.09,30.4,2.671,0
2025-03-18,TR017,OP050,West Pit,87.64,35.52,35.8,47.5,2.65,33.0,2.467,0
2025-05-08,TR014,OP012,North Pit,72.48,24.94,11.5,229.2,3.07,23.6,2.906,0
2025-04-20,TR019,OP042,South Pit,104.87,32.41,7.2,91.3,5.79,18.1,3.236,0
2025-03-30,TR003,OP038,West Pit,83.62,43.78,9.9,194.8,3.33,25.1,1.91,0
2025-07-21,TR022,OP011,South Pit,17.94,6.77,12.4,181.1,0.89,20.2,2.65,0
2025-08-19,TR010,OP045,West Pit,52.62,23.21,17.5,125.1,2.78,18.9,2.267,0
2025-11-11,TR009,OP018,Crusher,56.53,32.83,17.7,52.8,2.22,25.4,1.722,0
2025-01-25,TR007,OP002,East Pit,10.26,7.69,27.4,118.8,0.3,34.5,1.334,0
2025-12-13,TR029,OP020,East Pit,39.6,30.13,86.8,161.3,1.45,27.4,1.314,0
2025-01-02,TR004,OP029,South Pit,68.03,32.07,49.5,211.7,2.22,30.7,2.121,0
2025-11-03,TR017,OP030,East Pit,93.86,49.75,73.4,98.8,3.5,26.9,1.887,0
2025-07-14,TR003,OP023,Stockpile,14.05,10.01,28.6,76.3,0.37,37.6,1.404,0
2025-08-14,TR025,OP022,East Pit,28.03,18.39,60.6,110.5,1.23,22.7,1.524,0
2025-05-29,TR007,OP029,Crusher,68.7,35.11,13.7,55.6,3.51,19.6,1.957,0
2025-04-04,TR005,OP050,Crusher,84.02,30.48,61.8,119.3,2.79,30.1,2.757,0
2025-11-10,TR019,OP030,Stockpile,105.91,35.91,37.8,150.1,5.09,20.8,2.949,0
2025-01-08,TR026,OP039,South Pit,119.77,47.52,6.9,128.2,3.45,34.7,2.52,0
2025-08-13,TR029,OP037,West Pit,84.21,29.4,15.1,93.9,2.33,36.1,2.864,0
2025-08-02,TR015,OP031,East Pit,101.35,38.48,38.3,161.1,5.15,19.7,2.634,0
2025-11-24,TR028,OP030,West Pit,35.39,20.97,36.5,141.8,1.47,24.1,1.688,0
2025-05-25,TR012,OP036,Stockpile,87.38,36.9,70.4,206.7,2.6,33.6,2.368,0
2025-10-24,TR016,OP028,Crusher,39.97,16.85,70.4,172.5,1.39,28.7,2.372,0
2025-05-16,TR030,OP035,North Pit,101.26,47.16,37.6,142.3,3.54,28.6,2.147,0
2025-10-08,TR024,OP036,North Pit,87.62,29.71,34.2,139.5,3.45,25.4,2.949,0
2025-03-18,TR018,OP032,North Pit,96.49,46.85,88.8,49.2,2.85,33.8,2.06,0
2025-02-17,TR012,OP041,Stockpile,16.0,8.1,14.2,157.6,0.59,27.2,1.975,0
2025-10-01,TR009,OP022,East Pit,62.87,27.28,57.5,59.0,1.72,36.5,2.305,0
2025-12-21,TR004,OP002,South Pit,31.92,17.64,44.8,105.9,0.85,37.6,1.81,0
2025-09-15,TR030,OP004,Crusher,49.12,28.12,72.0,202.1,1.62,30.4,1.747,0
2025-09-13,TR020,OP009,Stockpile,99.0,31.3,7.5,207.2,2.67,37.1,3.163,0
2025-07-18,TR026,OP040,South Pit,49.38,18.73,26.6,80.1,1.95,25.3,2.636,0
2025-01-26,TR024,OP025,Stockpile,74.15,63.14,77.7,95.7,2.13,34.7,1.174,1
2025-06-22,TR011,OP020,East Pit,13.7,13.73,67.2,95.6,0.54,25.2,0.998,0
2025-08-20,TR020,OP047,Stockpile,88.19,36.32,50.5,58.5,3.89,22.7,2.428,0
2025-01-01,TR018,OP021,Stockpile,100.21,51.48,68.0,91.3,2.74,36.6,1.947,0
2025-09-19,TR024,OP037,Crusher,48.54,25.54,15.3,150.7,1.56,31.1,1.901,0
2025-11-30,TR012,OP025,Crusher,85.27,36.65,39.9,165.9,3.33,25.6,2.327,0
2025-10-18,TR002,OP045,Stockpile,75.19,41.55,43.7,96.8,2.84,26.5,1.81,0
2025-05-03,TR026,OP029,Stockpile,72.93,27.28,24.1,203.4,2.67,27.3,2.673,0
2025-11-18,TR019,OP038,Stockpile,101.36,47.64,67.8,78.7,4.54,22.3,2.128,0
2025-01-01,TR012,OP045,South Pit,10.84,9.86,42.4,226.9,0.36,29.8,1.099,0
2025-05-03,TR022,OP031,South Pit,75.83,38.45,84.7,93.5,3.06,24.8,1.972,0
2025-06-27,TR012,OP033,Stockpile,90.05,48.8,26.4,137.2,2.87,31.4,1.845,0
2025-06-03,TR005,OP001,South Pit,118.25,51.49,12.2,121.9,3.35,35.3,2.297,0
2025-10-03,TR003,OP014,Stockpile,55.02,21.13,6.8,90.9,3.03,18.1,2.604,0
2025-09-08,TR007,OP019,Crusher,35.27,20.37,36.9,189.6,1.09,32.3,1.731,0
2025-11-17,TR013,OP048,East Pit,105.04,38.82,6.6,193.7,3.13,33.5,2.706,0
2025-02-28,TR010,OP012,Crusher,21.89,10.48,19.4,144.0,1.07,20.4,2.089,0
2025-11-15,TR016,OP017,North Pit,67.98,41.35,55.7,125.8,2.56,26.6,1.644,0
2025-05-25,TR025,OP003,South Pit,71.06,34.07,22.4,181.1,2.91,24.4,2.086,0
2025-02-15,TR029,OP018,Stockpile,74.43,29.28,32.1,222.6,4.01,18.6,2.542,0
2025-07-24,TR026,OP010,Crusher,57.78,23.61,57.1,129.3,1.54,37.6,2.447,0
2025-05-26,TR029,OP024,North Pit,52.33,21.84,55.2,180.6,2.87,18.2,2.396,0
2025-04-22,TR009,OP045,Crusher,16.59,10.77,88.1,72.0,0.49,34.0,1.54,0
2025-10-05,TR016,OP008,West Pit,68.23,24.25,70.4,45.3,2.29,29.8,2.814,0
2025-05-13,TR008,OP047,Crusher,33.12,15.01,35.3,70.5,1.1,30.0,2.207,0
2025-08-28,TR012,OP043,North Pit,21.43,17.12,58.8,185.3,0.6,35.6,1.252,0
2025-03-19,TR009,OP022,Stockpile,22.9,12.62,10.7,189.3,1.16,19.8,1.815,0
2025-08-15,TR012,OP029,South Pit,50.96,26.11,55.9,166.4,1.93,26.4,1.952,0
2025-12-15,TR009,OP023,North Pit,44.02,18.46,66.9,196.6,2.33,18.9,2.385,0
2025-01-19,TR003,OP010,East Pit,41.0,20.1,61.6,57.6,1.12,36.5,2.04,0
2025-12-13,TR028,OP016,East Pit,43.53,14.86,7.9,167.2,1.72,25.3,2.929,0
2025-11-22,TR010,OP024,East Pit,63.93,37.7,58.0,202.8,2.74,23.3,1.696,0
2025-10-01,TR016,OP049,East Pit,70.96,27.28,9.9,56.6,3.44,20.6,2.601,0
2025-02-02,TR028,OP043,East Pit,63.79,28.81,43.4,186.0,1.98,32.3,2.214,0
2025-09-01,TR014,OP039,South Pit,53.83,27.23,59.0,53.2,2.56,21.1,1.977,0
2025-09-13,TR013,OP033,North Pit,40.67,20.14,10.4,132.2,1.44,28.3,2.019,0
2025-08-07,TR002,OP031,Crusher,47.81,18.98,25.2,235.7,1.9,25.2,2.519,0
2025-11-24,TR016,OP015,Stockpile,81.07,49.28,52.4,230.9,2.87,28.3,1.645,0
2025-10-24,TR023,OP027,Crusher,54.94,31.63,77.1,238.6,1.78,30.9,1.737,0
2025-05-14,TR004,OP007,North Pit,98.83,56.38,84.5,143.7,2.8,35.3,1.753,0
2025-01-12,TR013,OP011,East Pit,68.5,31.03,59.0,104.6,2.62,26.1,2.208,0
2025-06-13,TR026,OP034,South Pit,106.6,47.59,69.6,94.4,4.33,24.6,2.24,0
2025-02-06,TR014,OP018,West Pit,61.32,33.8,43.3,131.5,2.07,29.6,1.814,0
2025-02-01,TR024,OP037,Crusher,19.52,19.92,82.5,107.0,0.99,19.8,0.98,0
2025-03-08,TR017,OP050,West Pit,91.97,31.52,28.8,151.2,4.91,18.7,2.918,0
2025-12-22,TR027,OP038,Stockpile,42.61,26.71,87.9,208.0,2.21,19.3,1.595,0
2025-05-26,TR019,OP011,Crusher,90.47,41.43,55.1,172.1,3.68,24.6,2.184,0
2025-04-20,TR009,OP035,North Pit,12.91,6.19,13.1,152.1,0.57,22.8,2.086,0
2025-08-19,TR007,OP025,East Pit,58.27,33.45,78.2,141.8,2.46,23.7,1.742,0
2025-01-30,TR002,OP048,South Pit,9.4,15.06,82.2,47.6,0.29,32.0,0.624,0
2025-01-12,TR020,OP007,Stockpile,94.87,29.84,22.6,110.7,3.14,30.2,3.179,0
2025-07-16,TR007,OP022,West Pit,32.44,17.4,56.7,134.6,1.03,31.6,1.864,0
2025-05-03,TR010,OP013,East Pit,105.61,47.34,53.9,79.7,2.82,37.4,2.231,0
2025-02-19,TR011,OP026,West Pit,30.98,16.47,69.9,109.3,1.08,28.7,1.881,0
2025-09-11,TR020,OP001,East Pit,111.89,50.51,86.6,51.4,3.78,29.6,2.215,0
2025-01-08,TR002,OP015,Crusher,62.04,20.77,33.6,125.6,1.84,33.7,2.987,0
2025-04-19,TR008,OP034,North Pit,26.47,13.48,31.5,131.4,0.7,37.8,1.964,0
2025-02-19,TR024,OP019,North Pit,13.87,10.36,59.8,78.9,0.44,31.2,1.339,0
2025-12-02,TR007,OP029,East Pit,33.37,12.9,36.9,175.5,1.12,29.8,2.587,0
2025-11-18,TR007,OP023,Crusher,51.69,24.48,43.7,60.0,1.84,28.1,2.112,0
2025-03-25,TR009,OP004,Crusher,23.62,7.78,5.2,210.7,0.96,24.7,3.036,0
2025-01-01,TR017,OP007,East Pit,68.75,73.01,43.0,209.8,3.08,22.3,0.942,1
2025-07-03,TR001,OP041,Crusher,99.21,41.3,40.1,206.5,2.94,33.8,2.402,0
2025-10-15,TR015,OP024,North Pit,12.95,5.81,11.4,99.4,0.36,35.9,2.229,0
2025-08-19,TR017,OP041,South Pit,97.61,38.64,6.4,230.5,4.9,19.9,2.526,0
2025-10-31,TR015,OP033,West Pit,58.67,25.52,51.9,191.3,2.34,25.1,2.299,0
2025-08-07,TR009,OP032,Crusher,48.42,15.08,9.1,43.9,1.69,28.6,3.211,0
2025-07-30,TR018,OP007,South Pit,52.47,25.38,64.4,43.8,1.65,31.7,2.067,0
2025-04-21,TR009,OP017,East Pit,34.12,14.49,24.1,162.6,0.96,35.4,2.355,0
2025-11-09,TR012,OP035,South Pit,9.25,7.04,32.0,109.3,0.49,18.8,1.314,0
2025-09-19,TR025,OP026,Stockpile,25.41,15.42,52.5,82.4,0.93,27.4,1.648,0
2025-02-18,TR020,OP039,Stockpile,37.26,24.37,28.6,50.6,1.47,25.3,1.529,0
2025-02-23,TR005,OP014,East Pit,74.47,27.78,43.6,170.0,2.4,31.1,2.681,0
2025-09-05,TR023,OP031,Crusher,30.92,14.67,18.4,74.6,0.98,31.4,2.108,0
2025-11-28,TR004,OP045,East Pit,24.44,14.53,47.8,57.3,0.87,28.1,1.682,0
2025-01-02,TR014,OP021,Crusher,50.1,20.75,62.4,60.7,2.17,23.1,2.414,0
2025-11-25,TR026,OP047,Stockpile,85.33,47.97,20.7,91.3,2.39,35.7,1.779,0
2025-04-04,TR023,OP028,East Pit,53.72,23.42,70.3,74.7,1.5,35.7,2.294,0
2025-04-21,TR027,OP017,Stockpile,36.78,25.65,65.8,188.4,1.09,33.6,1.434,0
2025-02-23,TR011,OP049,Stockpile,56.38,19.46,40.2,134.4,2.09,27.0,2.897,0
2025-07-22,TR008,OP019,West Pit,9.78,10.4,45.8,145.1,0.34,29.1,0.94,0
2025-05-05,TR008,OP003,Crusher,11.33,6.98,13.6,201.2,0.31,37.1,1.623,0
2025-01-02,TR008,OP024,Crusher,17.95,12.91,50.7,84.0,0.61,29.5,1.39,0
2025-06-28,TR022,OP050,South Pit,37.64,15.67,13.8,136.5,1.93,19.5,2.402,0
2025-11-20,TR005,OP040,West Pit,33.41,26.97,88.4,237.2,0.96,34.7,1.239,0
2025-10-21,TR005,OP043,South Pit,44.72,28.56,46.2,93.3,1.66,26.9,1.566,0
2025-05-04,TR002,OP044,Crusher,38.87,20.4,72.6,173.2,1.05,37.1,1.905,0
2025-07-13,TR010,OP021,North Pit,76.93,29.5,24.5,137.5,2.32,33.2,2.608,0
2025-01-22,TR013,OP004,Crusher,113.64,52.18,44.2,52.4,3.37,33.7,2.178,0
2025-07-30,TR020,OP007,West Pit,87.11,42.85,68.8,200.6,3.95,22.0,2.033,0
2025-08-01,TR024,OP005,Crusher,116.03,80.02,5.4,183.9,3.82,30.4,1.45,1
2025-11-23,TR021,OP011,South Pit,90.56,38.75,69.4,90.9,3.13,28.9,2.337,0
2025-06-14,TR013,OP015,South Pit,16.93,15.08,69.3,192.0,0.63,26.7,1.123,0
2025-02-28,TR027,OP038,South Pit,74.57,24.24,22.6,70.2,2.33,32.0,3.076,0
2025-04-12,TR027,OP026,East Pit,103.58,41.8,17.2,228.0,2.91,35.6,2.478,0
2025-07-23,TR030,OP032,Crusher,83.11,30.91,74.5,200.4,2.37,35.1,2.689,0
2025-12-03,TR006,OP018,Stockpile,90.38,36.84,70.1,190.4,2.94,30.8,2.453,0
2025-12-14,TR021,OP029,East Pit,64.53,38.11,62.2,224.6,1.75,36.9,1.693,0
2025-01-09,TR006,OP046,Stockpile,116.94,44.6,80.9,231.7,4.31,27.1,2.622,0
2025-08-29,TR028,OP002,Crusher,90.66,46.55,32.7,147.5,3.48,26.1,1.948,0
2025-08-07,TR004,OP011,West Pit,103.44,62.11,67.2,131.0,3.03,34.1,1.665,0
2025-08-23,TR023,OP022,Stockpile,38.61,21.66,60.3,155.2,1.09,35.4,1.783,0
2025-11-04,TR002,OP035,North Pit,15.11,7.62,7.5,63.3,0.4,37.4,1.983,0
2025-01-22,TR024,OP049,North Pit,85.39,38.28,33.1,83.1,3.0,28.5,2.231,0
2025-08-05,TR028,OP028,North Pit,95.14,50.24,66.1,178.1,3.68,25.9,1.894,0
2025-03-31,TR020,OP036,South Pit,31.5,19.27,76.6,147.8,1.71,18.5,1.635,0
2025-12-30,TR023,OP003,Crusher,92.78,49.33,30.6,143.1,4.12,22.5,1.881,0
2025-03-01,TR005,OP048,Crusher,80.28,26.69,31.8,215.6,3.46,23.2,3.008,0
2025-04-14,TR021,OP049,South Pit,40.4,42.72,36.4,166.9,1.48,27.2,0.946,1
2025-11-18,TR022,OP003,North Pit,9.6,10.1,61.6,232.0,0.35,27.6,0.95,0
2025-01-13,TR020,OP046,Crusher,99.75,43.9,49.7,51.6,3.17,31.5,2.272,0
2025-04-12,TR013,OP014,Stockpile,94.13,38.6,81.1,106.8,3.73,25.3,2.439,0
2025-11-08,TR030,OP008,West Pit,10.09,4.76,8.9,212.0,0.46,21.9,2.12,0
2025-08-04,TR020,OP014,South Pit,27.72,10.56,27.4,136.4,1.06,26.1,2.625,0
2025-10-30,TR003,OP018,Crusher,8.98,3.41,6.6,193.7,0.34,26.7,2.633,0
2025-01-31,TR001,OP004,West Pit,116.93,63.75,73.9,63.8,4.49,26.0,1.834,0
2025-04-20,TR007,OP020,Crusher,50.23,19.14,37.0,148.9,2.34,21.5,2.624,0
2025-05-17,TR004,OP001,East Pit,76.56,34.65,42.3,64.1,4.14,18.5,2.21,0
2025-09-25,TR011,OP038,Crusher,108.01,45.84,82.6,100.9,5.55,19.5,2.356,0
2025-03-24,TR011,OP009,South Pit,69.97,26.5,64.0,135.5,2.6,26.9,2.64,0
2025-04-18,TR020,OP027,West Pit,38.47,25.72,87.0,72.4,1.33,29.0,1.496,0
2025-04-02,TR002,OP040,East Pit,93.66,42.63,83.9,121.5,2.78,33.7,2.197,0
2025-02-15,TR027,OP002,Stockpile,92.36,38.08,41.4,87.4,2.48,37.3,2.425,0
2025-01-17,TR021,OP031,Crusher,17.49,9.69,7.3,136.8,0.57,30.6,1.805,0
2025-06-09,TR001,OP020,South Pit,64.4,28.02,39.7,177.2,1.91,33.7,2.298,0
2025-04-23,TR024,OP014,North Pit,43.15,21.93,54.7,133.5,1.15,37.5,1.968,0
2025-11-26,TR028,OP019,North Pit,75.2,29.67,34.3,84.1,2.2,34.2,2.535,0
2025-06-06,TR020,OP041,North Pit,107.01,64.75,76.6,55.7,3.45,31.0,1.653,0
2025-12-22,TR028,OP047,South Pit,47.64,22.61,66.0,168.8,1.35,35.2,2.107,0
2025-11-18,TR007,OP036,West Pit,108.45,47.94,13.9,117.3,4.36,24.9,2.262,0
2025-10-18,TR015,OP032,South Pit,14.89,14.04,67.5,208.4,0.77,19.5,1.061,0
2025-11-28,TR017,OP028,North Pit,46.8,21.07,75.1,152.1,1.82,25.7,2.221,0
2025-10-20,TR002,OP027,East Pit,110.19,44.22,9.1,87.2,4.18,26.3,2.492,0
2025-01-19,TR012,OP033,West Pit,69.7,26.7,51.2,69.5,2.7,25.8,2.61,0
2025-10-18,TR013,OP032,West Pit,11.51,11.13,56.3,216.9,0.52,21.9,1.034,0
2025-03-13,TR009,OP023,South Pit,26.56,14.88,33.0,193.6,0.71,37.2,1.785,0
2025-07-22,TR020,OP021,Crusher,19.73,8.74,12.8,188.3,0.8,24.8,2.257,0
2025-07-26,TR009,OP044,South Pit,108.95,60.72,30.9,72.0,3.61,30.2,1.794,0
2025-10-08,TR004,OP033,West Pit,20.65,11.31,9.5,237.4,0.69,30.0,1.826,0
2025-11-14,TR023,OP031,East Pit,58.07,22.89,35.5,183.1,2.68,21.7,2.537,0
2025-08-23,TR027,OP049,West Pit,81.87,34.89,80.9,200.0,3.58,22.8,2.347,0
2025-05-13,TR029,OP039,Stockpile,37.36,21.19,73.9,160.5,1.23,30.5,1.763,0
2025-04-23,TR026,OP050,North Pit,22.23,11.73,58.4,83.9,1.08,20.6,1.895,0
2025-04-23,TR007,OP018,North Pit,44.0,20.18,46.2,141.1,1.32,33.3,2.18,0
2025-02-14,TR030,OP031,East Pit,71.06,28.28,71.3,123.3,2.03,35.0,2.513,0
2025-03-27,TR019,OP029,Stockpile,90.29,30.31,44.4,82.0,2.66,33.9,2.979,0
2025-07-22,TR003,OP004,Crusher,79.55,28.52,7.3,115.3,3.62,22.0,2.789,0
2025-03-25,TR004,OP033,South Pit,51.26,27.5,53.5,41.9,2.01,25.5,1.864,0
2025-05-11,TR001,OP047,Stockpile,90.33,38.45,67.0,237.3,4.57,19.8,2.349,0
2025-10-29,TR023,OP027,West Pit,92.87,32.73,31.6,80.5,2.93,31.7,2.837,0
2025-10-05,TR008,OP046,Stockpile,17.13,6.62,9.5,102.9,0.55,31.4,2.588,0
2025-12-23,TR005,OP009,Stockpile,76.4,29.37,75.3,209.7,2.89,26.5,2.601,0
2025-02-16,TR030,OP009,North Pit,47.52,19.74,77.5,176.9,2.64,18.0,2.407,0
2025-10-26,TR012,OP002,West Pit,116.13,65.12,18.7,128.3,4.29,27.1,1.783,0
2025-10-15,TR019,OP004,Stockpile,100.69,33.42,17.0,77.1,4.19,24.0,3.013,0
2025-12-12,TR010,OP021,Stockpile,117.04,45.01,85.0,95.8,3.26,35.9,2.6,0
2025-06-15,TR011,OP036,North Pit,35.33,12.18,17.0,122.5,1.16,30.5,2.901,0
2025-03-14,TR020,OP032,East Pit,48.61,26.79,61.8,138.6,2.1,23.1,1.814,0
2025-12-13,TR005,OP003,South Pit,113.12,48.79,75.0,99.6,4.43,25.5,2.319,0
2025-12-18,TR023,OP016,Crusher,62.33,29.15,48.3,197.7,1.95,31.9,2.138,0
2025-05-26,TR026,OP042,East Pit,64.98,28.78,23.2,89.4,1.78,36.5,2.258,0
2025-07-30,TR006,OP045,East Pit,91.02,44.32,65.7,73.9,2.83,32.2,2.054,0
2025-02-26,TR015,OP018,East Pit,113.22,48.27,24.9,227.3,3.01,37.6,2.346,0
2025-03-30,TR003,OP035,Stockpile,12.93,8.85,28.9,232.0,0.38,33.7,1.461,0
2025-11-15,TR018,OP043,South Pit,78.21,45.11,81.1,196.9,3.31,23.6,1.734,0
2025-12-14,TR008,OP034,East Pit,70.23,25.39,53.9,196.5,3.5,20.0,2.766,0
2025-11-30,TR030,OP013,Stockpile,74.66,43.47,60.5,84.0,4.1,18.2,1.718,0
2025-06-15,TR002,OP042,West Pit,90.27,50.28,7.7,186.3,2.55,35.4,1.795,0
2025-11-28,TR006,OP028,South Pit,26.0,9.62,26.3,232.6,1.39,18.7,2.703,0
2025-05-10,TR018,OP037,East Pit,40.31,28.29,87.4,111.1,2.21,18.2,1.425,0
2025-12-25,TR013,OP025,North Pit,70.42,32.26,55.3,67.2,2.27,31.1,2.183,0
2025-06-04,TR026,OP035,West Pit,46.96,35.0,74.1,129.8,1.86,25.2,1.342,0
2025-09-13,TR025,OP050,North Pit,105.37,39.24,65.7,214.1,2.81,37.5,2.685,0
2025-03-15,TR017,OP016,North Pit,79.67,36.71,54.3,228.8,3.27,24.4,2.17,0
2025-01-23,TR030,OP016,West Pit,31.49,19.09,66.1,101.6,0.94,33.6,1.65,0
2025-07-27,TR005,OP036,Stockpile,30.27,21.34,77.8,187.6,0.82,36.9,1.418,0
2025-06-17,TR017,OP026,South Pit,79.47,27.9,46.4,45.1,4.37,18.2,2.848,0
2025-08-18,TR020,OP005,North Pit,40.19,17.17,71.0,160.8,1.66,24.2,2.341,0
2025-03-10,TR012,OP018,Stockpile,67.43,25.55,65.0,127.8,2.51,26.9,2.639,0
2025-01-31,TR012,OP048,West Pit,74.25,31.97,72.8,187.7,2.58,28.8,2.322,0
2025-05-24,TR025,OP048,North Pit,76.34,25.16,8.2,222.5,3.03,25.2,3.034,0
2025-11-21,TR029,OP004,North Pit,93.25,42.09,77.2,133.8,2.62,35.6,2.215,0
2025-05-04,TR020,OP002,East Pit,69.34,31.83,50.8,155.9,3.6,19.3,2.178,0
2025-12-19,TR014,OP008,North Pit,34.91,20.83,21.2,107.3,0.98,35.7,1.676,0
2025-02-24,TR001,OP026,Stockpile,54.75,20.61,33.0,193.1,1.6,34.2,2.656,0
2025-09-21,TR028,OP029,Stockpile,46.32,26.07,37.0,178.7,1.33,34.7,1.777,0
2025-02-18,TR005,OP037,South Pit,94.22,41.21,38.2,80.0,3.42,27.6,2.286,0
2025-05-06,TR001,OP048,West Pit,22.36,20.42,85.4,193.4,0.92,24.2,1.095,0
2025-12-18,TR029,OP002,Crusher,111.86,52.54,20.4,154.2,3.3,33.9,2.129,0
2025-06-25,TR013,OP048,South Pit,28.49,15.51,73.5,121.4,0.93,30.8,1.837,0
2025-12-08,TR022,OP001,South Pit,30.29,22.65,15.6,162.6,1.33,22.8,1.337,1
2025-09-30,TR005,OP017,East Pit,34.17,13.2,10.4,226.0,1.1,31.2,2.589,0
2025-04-02,TR014,OP016,Crusher,87.67,43.14,82.9,150.6,3.62,24.2,2.032,0
2025-03-09,TR021,OP042,North Pit,67.81,22.99,17.2,122.9,1.89,35.9,2.95,0
2025-01-01,TR012,OP022,South Pit,82.97,41.53,39.2,230.8,2.81,29.5,1.998,0
2025-02-09,TR022,OP009,South Pit,24.37,13.44,80.2,219.5,0.76,32.1,1.813,0
2025-10-05,TR026,OP044,North Pit,112.52,41.48,62.9,231.4,3.12,36.1,2.713,0
2025-08-19,TR021,OP040,Stockpile,25.03,10.85,22.9,115.9,0.69,36.0,2.307,0
2025-06-08,TR002,OP018,North Pit,28.64,14.25,41.1,73.7,0.81,35.5,2.01,0
2025-08-09,TR016,OP010,West Pit,99.92,30.57,9.7,79.4,3.24,30.9,3.269,0
2025-09-03,TR007,OP007,West Pit,63.06,27.1,31.5,119.8,2.18,28.9,2.327,0
2025-06-15,TR029,OP039,North Pit,40.38,14.64,45.0,167.3,1.92,21.0,2.758,0
2025-04-24,TR017,OP018,South Pit,101.03,55.03,58.7,181.8,3.33,30.3,1.836,0
2025-02-25,TR013,OP035,Stockpile,76.81,30.56,9.6,199.4,3.99,19.2,2.513,0
2025-11-07,TR013,OP009,North Pit,90.06,35.26,14.1,104.9,2.56,35.2,2.554,0
2025-06-30,TR020,OP007,Stockpile,98.78,62.9,65.0,71.0,2.85,34.6,1.57,0
2025-05-14,TR008,OP032,East Pit,31.54,15.32,59.1,196.5,1.21,26.0,2.059,0
2025-06-23,TR029,OP011,West Pit,25.04,11.58,21.0,97.5,0.73,34.5,2.162,0
2025-01-15,TR027,OP037,North Pit,70.57,25.05,42.2,169.9,2.01,35.2,2.817,0
2025-12-01,TR029,OP031,West Pit,13.22,10.13,78.3,152.1,0.66,19.9,1.305,0
2025-05-08,TR009,OP025,West Pit,38.35,19.68,45.2,144.5,1.76,21.9,1.949,0
2025-09-04,TR011,OP022,West Pit,54.31,24.58,36.3,229.0,2.33,23.4,2.21,0
2025-11-25,TR013,OP025,West Pit,118.74,66.17,25.5,209.3,3.57,33.2,1.794,0
2025-08-29,TR023,OP041,Crusher,57.29,18.65,9.8,114.9,2.68,21.4,3.072,0
2025-01-05,TR005,OP045,West Pit,52.25,26.73,44.7,213.2,2.58,20.3,1.955,0
2025-10-16,TR018,OP035,Crusher,24.69,12.03,46.6,123.4,0.85,29.0,2.052,0
2025-04-09,TR021,OP005,Crusher,97.44,36.68,28.4,148.5,3.02,32.2,2.656,0
2025-12-10,TR026,OP013,North Pit,77.72,43.99,11.1,133.3,4.12,18.9,1.767,0
2025-12-19,TR001,OP048,East Pit,38.03,25.77,65.9,227.0,1.66,22.9,1.476,0
2025-11-24,TR021,OP015,Stockpile,31.1,21.05,59.4,79.5,1.69,18.4,1.477,0
2025-09-19,TR029,OP010,Crusher,114.77,65.0,41.0,67.6,5.09,22.5,1.766,0
2025-01-23,TR025,OP036,East Pit,119.48,45.06,74.6,100.0,3.53,33.8,2.652,0
2025-07-14,TR025,OP017,West Pit,13.43,11.13,67.4,71.9,0.72,18.6,1.207,0
2025-01-27,TR007,OP040,Stockpile,30.58,16.26,24.1,176.5,1.33,23.0,1.881,0
2025-12-25,TR005,OP017,West Pit,95.06,51.3,22.5,135.6,4.94,19.3,1.853,0
2025-09-24,TR026,OP035,Crusher,46.33,19.68,22.6,45.7,2.02,23.0,2.354,0
2025-12-25,TR018,OP040,Stockpile,46.25,15.02,16.8,192.0,1.62,28.5,3.079,0
2025-02-06,TR029,OP013,South Pit,13.87,11.2,57.6,56.3,0.39,35.5,1.238,0
2025-06-10,TR016,OP029,South Pit,115.42,56.62,85.1,109.3,3.25,35.6,2.039,0
2025-04-14,TR010,OP008,Stockpile,14.02,14.4,56.6,70.5,0.41,34.5,0.974,0
2025-10-27,TR012,OP047,Stockpile,102.63,50.19,75.3,92.2,4.5,22.8,2.045,0
2025-06-14,TR009,OP031,Stockpile,13.31,8.54,36.9,126.5,0.43,31.0,1.559,0
2025-07-28,TR007,OP002,South Pit,59.17,26.3,89.4,219.4,3.01,19.6,2.25,0
2025-11-12,TR005,OP005,South Pit,79.39,29.19,15.1,185.3,3.77,21.1,2.72,0
2025-07-14,TR027,OP045,North Pit,69.19,31.89,72.4,120.0,1.9,36.4,2.17,0
2025-05-15,TR009,OP036,South Pit,64.29,29.43,55.7,111.1,2.94,21.8,2.185,0
2025-01-23,TR003,OP022,South Pit,119.2,42.04,84.4,105.1,4.9,24.3,2.835,0
2025-06-17,TR026,OP048,South Pit,54.77,34.99,65.3,45.7,2.94,18.6,1.565,0
2025-07-15,TR013,OP026,Crusher,48.43,28.19,70.5,110.3,2.08,23.3,1.718,0
2025-07-06,TR006,OP041,Stockpile,15.02,12.44,70.5,127.0,0.41,36.8,1.207,0
2025-09-25,TR011,OP017,Stockpile,68.77,32.07,16.2,161.2,1.89,36.3,2.144,0
2025-05-01,TR017,OP008,Stockpile,17.48,13.52,77.0,48.6,0.68,25.8,1.293,0
2025-03-09,TR006,OP004,South Pit,10.25,7.62,33.9,165.5,0.55,18.7,1.345,0
2025-08-21,TR024,OP022,North Pit,33.87,14.03,25.5,209.1,1.04,32.4,2.414,0
2025-10-22,TR002,OP028,South Pit,96.6,36.73,8.8,231.0,3.24,29.8,2.63,0
2025-01-07,TR006,OP030,Stockpile,12.54,10.36,58.0,121.8,0.43,29.5,1.21,0
2025-06-18,TR018,OP006,Crusher,24.41,12.99,78.5,68.1,0.66,37.0,1.879,0
2025-05-28,TR023,OP030,East Pit,48.89,24.61,9.3,109.1,1.69,28.9,1.987,0
2025-06-30,TR005,OP026,South Pit,31.46,12.95,17.5,46.3,1.53,20.5,2.429,0
2025-01-31,TR009,OP015,West Pit,117.97,42.17,52.2,129.1,3.49,33.8,2.797,0
2025-09-18,TR003,OP010,Crusher,78.96,43.41,86.3,98.0,3.35,23.6,1.819,0
2025-01-28,TR005,OP039,West Pit,108.4,35.94,13.5,219.3,4.59,23.6,3.016,0
2025-08-26,TR016,OP045,Stockpile,23.96,16.09,53.2,134.6,0.77,31.1,1.489,0
2025-07-20,TR017,OP034,West Pit,115.52,50.85,38.8,40.5,4.47,25.9,2.272,0
2025-11-24,TR004,OP015,West Pit,87.15,39.14,43.1,196.6,3.3,26.4,2.227,0
2025-01-29,TR010,OP043,East Pit,40.21,17.88,40.7,52.6,1.65,24.3,2.249,0
2025-08-05,TR008,OP027,Stockpile,114.57,51.06,71.4,233.1,3.11,36.9,2.244,0
2025-09-21,TR006,OP049,North Pit,21.92,14.06,55.3,154.6,0.92,23.8,1.559,0
2025-03-22,TR012,OP035,North Pit,111.46,36.43,57.0,122.9,4.76,23.4,3.06,0
2025-10-13,TR022,OP049,West Pit,46.8,23.7,57.6,182.4,1.6,29.2,1.975,0
2025-05-10,TR028,OP045,East Pit,21.92,11.47,6.1,82.4,0.79,27.6,1.911,0
2025-03-18,TR029,OP020,Stockpile,20.44,15.21,33.3,199.3,1.02,20.0,1.344,0
2025-12-05,TR011,OP041,North Pit,113.91,44.25,81.2,60.0,4.59,24.8,2.574,0
2025-03-09,TR016,OP040,Stockpile,46.11,22.61,44.2,96.0,1.44,32.1,2.039,0
2025-08-24,TR003,OP031,Crusher,67.44,32.64,51.7,236.7,3.45,19.5,2.066,0
2025-10-13,TR030,OP017,North Pit,74.09,41.27,44.4,88.5,2.63,28.2,1.795,0
2025-09-15,TR024,OP040,Crusher,98.06,34.7,54.9,96.2,2.84,34.5,2.826,0
2025-12-08,TR009,OP041,East Pit,13.89,10.82,53.2,71.5,0.47,29.6,1.284,0
2025-05-11,TR005,OP023,East Pit,40.57,17.15,15.7,172.3,1.11,36.7,2.366,0
2025-05-08,TR025,OP038,West Pit,83.32,33.24,62.0,101.1,4.09,20.4,2.507,0
2025-01-23,TR009,OP016,East Pit,17.24,13.91,88.6,78.7,0.82,21.1,1.239,0
2025-12-12,TR023,OP050,South Pit,72.79,43.25,69.3,68.3,2.68,27.1,1.683,0
2025-12-06,TR012,OP030,Crusher,106.63,38.55,56.2,212.5,5.77,18.5,2.766,0
2025-04-27,TR020,OP016,South Pit,36.37,14.39,34.6,172.3,1.09,33.3,2.527,0
2025-08-14,TR021,OP031,Crusher,62.88,31.31,7.9,59.6,1.7,37.1,2.008,0
2025-05-09,TR001,OP036,West Pit,111.59,45.22,76.7,50.8,5.62,19.8,2.468,0
2025-09-14,TR023,OP049,Crusher,111.59,48.03,88.6,130.3,2.94,38.0,2.323,0
2025-11-18,TR017,OP030,Stockpile,30.31,15.47,12.7,46.3,1.39,21.9,1.959,0
2025-12-22,TR006,OP002,East Pit,44.5,19.6,52.7,228.8,1.33,33.4,2.27,0
2025-01-15,TR004,OP016,North Pit,25.61,12.49,18.3,232.5,1.17,21.8,2.05,0
2025-08-31,TR029,OP011,Crusher,37.16,19.43,46.3,112.1,0.99,37.7,1.913,0
2025-01-31,TR014,OP018,North Pit,85.23,47.75,86.0,68.3,2.8,30.4,1.785,0
2025-06-05,TR015,OP028,South Pit,85.64,39.79,11.0,96.8,4.23,20.2,2.152,0
2025-07-14,TR016,OP024,Crusher,57.98,20.52,18.3,224.8,1.63,35.6,2.826,0
2025-06-26,TR005,OP022,Crusher,28.77,20.22,87.1,81.1,1.17,24.5,1.423,0
2025-01-04,TR003,OP045,South Pit,41.74,23.15,8.3,118.3,2.05,20.4,1.803,0
2025-01-28,TR016,OP028,Stockpile,74.22,38.78,55.4,178.7,3.79,19.6,1.914,0
2025-01-15,TR021,OP022,North Pit,27.71,21.25,65.9,204.2,1.37,20.3,1.304,0
2025-02-09,TR005,OP018,North Pit,99.25,49.5,27.0,93.4,2.83,35.0,2.005,0
2025-11-12,TR016,OP031,Stockpile,116.74,48.62,72.7,77.7,4.46,26.2,2.401,0
2025-06-10,TR021,OP048,East Pit,107.61,58.98,53.3,49.9,5.12,21.0,1.825,0
2025-07-31,TR024,OP024,Stockpile,9.48,4.44,8.4,177.5,0.28,33.8,2.135,0
2025-04-10,TR017,OP025,East Pit,24.21,12.49,46.3,58.6,1.22,19.8,1.938,0
2025-12-03,TR009,OP018,East Pit,56.61,21.33,16.5,153.9,1.56,36.2,2.654,0
2025-04-26,TR030,OP044,Crusher,20.41,17.48,50.7,180.3,0.93,22.0,1.168,0
2025-07-13,TR027,OP008,Stockpile,84.67,36.06,28.1,50.6,3.49,24.3,2.348,0
2025-04-09,TR004,OP002,Stockpile,58.88,23.55,62.3,64.6,2.14,27.6,2.5,0
2025-10-17,TR020,OP048,East Pit,103.13,37.5,70.5,139.7,4.71,21.9,2.75,0
2025-04-24,TR007,OP032,Crusher,44.79,25.85,49.2,207.6,1.74,25.8,1.733,0
2025-09-11,TR016,OP018,Crusher,25.17,15.97,51.4,238.2,1.07,23.6,1.576,0
2025-06-06,TR029,OP028,South Pit,30.58,12.64,42.3,138.1,0.96,31.8,2.419,0
2025-04-28,TR009,OP044,North Pit,44.09,19.45,59.6,150.4,1.52,29.0,2.267,0
2025-12-05,TR017,OP048,North Pit,20.4,11.89,35.8,114.3,1.06,19.3,1.716,0
2025-08-14,TR028,OP017,West Pit,96.79,47.9,44.2,121.5,2.68,36.2,2.021,0
2025-04-10,TR010,OP048,West Pit,58.95,31.93,71.1,189.3,2.98,19.8,1.846,0
2025-10-02,TR016,OP011,South Pit,105.49,51.36,85.9,234.7,4.15,25.4,2.054,0
2025-07-14,TR029,OP008,North Pit,61.38,23.11,48.1,143.4,1.68,36.5,2.656,0
2025-09-30,TR030,OP006,Crusher,66.67,37.2,70.3,89.7,2.25,29.7,1.792,0
2025-06-17,TR028,OP031,West Pit,64.05,41.97,59.6,177.5,2.09,30.6,1.526,0
2025-01-12,TR012,OP047,East Pit,87.19,37.47,43.2,78.4,2.56,34.1,2.327,0
2025-05-15,TR012,OP021,South Pit,69.09,27.43,74.4,41.8,2.04,33.9,2.519,0
2025-12-07,TR025,OP001,West Pit,94.62,39.44,69.1,46.8,3.41,27.7,2.399,0
2025-11-10,TR022,OP013,North Pit,46.48,24.69,14.2,170.9,2.3,20.2,1.883,0
2025-06-18,TR012,OP050,West Pit,83.47,30.99,40.4,132.2,3.93,21.2,2.693,0
2025-02-01,TR021,OP030,West Pit,111.77,37.83,75.6,71.4,3.59,31.2,2.955,0
2025-05-22,TR014,OP037,Stockpile,29.55,15.17,67.2,41.2,1.34,22.1,1.948,0
2025-02-09,TR009,OP005,North Pit,55.64,26.11,42.0,210.3,2.25,24.7,2.131,0
2025-03-31,TR028,OP037,Stockpile,35.02,15.36,15.1,221.7,1.46,23.9,2.28,0
2025-09-12,TR026,OP017,West Pit,28.42,11.63,11.7,178.6,1.53,18.5,2.444,0
2025-04-30,TR026,OP022,North Pit,57.88,23.55,61.9,183.6,2.23,26.0,2.458,0
2025-07-18,TR027,OP047,West Pit,96.28,33.75,23.4,71.3,5.04,19.1,2.853,0
2025-01-24,TR015,OP023,East Pit,27.46,10.56,10.3,142.0,1.24,22.2,2.6,0
2025-01-01,TR028,OP028,Stockpile,51.4,29.52,70.7,239.8,1.45,35.3,1.741,0
2025-12-25,TR011,OP028,West Pit,14.08,14.52,82.7,205.6,0.39,36.5,0.97,0
2025-04-05,TR005,OP050,Crusher,21.16,14.47,62.4,212.2,0.68,31.3,1.462,0
2025-05-09,TR008,OP046,North Pit,39.12,18.52,39.6,78.9,1.61,24.3,2.112,0
2025-11-05,TR019,OP044,Stockpile,49.96,23.31,58.3,166.5,1.42,35.1,2.143,0
2025-02-03,TR011,OP013,North Pit,98.53,46.27,33.1,104.6,3.04,32.4,2.129,0
2025-01-02,TR020,OP028,South Pit,24.82,13.93,64.4,182.3,1.0,24.7,1.782,0
2025-12-09,TR030,OP037,South Pit,98.05,37.42,83.3,164.8,2.87,34.1,2.62,0
2025-02-14,TR011,OP006,Stockpile,47.43,29.53,73.4,194.8,1.6,29.7,1.606,0
2025-04-01,TR025,OP020,East Pit,49.56,22.54,50.3,43.0,2.7,18.4,2.199,0
2025-09-15,TR008,OP044,North Pit,46.49,31.17,66.6,178.9,1.29,36.2,1.491,0
2025-08-16,TR015,OP002,South Pit,51.45,26.9,78.2,144.8,1.77,29.1,1.913,0
2025-04-29,TR030,OP048,West Pit,67.27,31.19,21.0,63.9,2.52,26.7,2.157,0
2025-09-17,TR009,OP042,South Pit,103.51,49.37,61.7,90.4,3.34,31.0,2.097,0
2025-05-18,TR020,OP022,West Pit,70.96,26.28,43.2,183.3,3.4,20.9,2.7,0
2025-12-28,TR012,OP023,South Pit,56.14,29.53,67.3,175.7,1.68,33.4,1.901,0
2025-01-10,TR011,OP016,North Pit,111.46,49.78,59.0,108.6,3.37,33.1,2.239,0
2025-07-07,TR016,OP003,North Pit,96.02,33.09,69.7,218.0,3.79,25.3,2.902,0
2025-05-31,TR011,OP003,Stockpile,87.4,49.18,86.0,79.4,3.86,22.7,1.777,0
2025-12-15,TR002,OP020,West Pit,58.99,28.9,33.2,87.3,1.71,34.6,2.041,0
2025-08-29,TR018,OP048,Crusher,116.11,39.49,14.5,161.0,3.9,29.8,2.94,0
2025-06-23,TR028,OP024,South Pit,15.21,16.58,73.6,207.1,0.47,32.7,0.917,0
2025-11-11,TR009,OP029,Stockpile,92.48,51.97,12.8,142.2,2.51,36.9,1.779,0
2025-06-11,TR027,OP022,North Pit,59.77,63.93,49.8,154.0,3.01,19.9,0.935,1
2025-02-28,TR002,OP043,Stockpile,54.68,28.69,80.0,100.9,1.92,28.5,1.906,0
2025-01-06,TR020,OP009,South Pit,117.85,39.89,5.8,73.8,4.11,28.6,2.954,0
2025-01-10,TR029,OP004,West Pit,117.55,56.85,57.7,228.9,5.3,22.2,2.068,0
2025-10-29,TR025,OP046,North Pit,108.61,50.17,39.1,220.4,4.72,23.0,2.165,0
2025-05-31,TR001,OP041,Stockpile,65.13,48.36,21.3,210.4,2.6,25.0,1.347,1
2025-02-05,TR001,OP029,Crusher,60.91,28.18,68.4,40.0,2.61,23.3,2.161,0
2025-12-08,TR029,OP005,South Pit,23.3,12.98,41.2,204.1,0.78,29.8,1.795,0
2025-08-09,TR025,OP042,West Pit,45.1,19.8,35.7,73.2,1.61,28.0,2.278,0
2025-07-06,TR028,OP001,West Pit,37.11,17.16,46.5,118.0,1.04,35.6,2.163,0
2025-11-01,TR026,OP038,North Pit,74.25,25.55,14.6,193.3,2.41,30.8,2.906,0
2025-08-24,TR002,OP024,Crusher,29.0,24.03,68.5,198.8,0.81,35.6,1.207,0
2025-07-01,TR028,OP021,East Pit,45.16,28.12,79.7,67.3,1.31,34.4,1.606,0
2025-02-01,TR019,OP049,East Pit,96.9,33.77,52.7,73.8,4.44,21.8,2.869,0
2025-01-29,TR028,OP013,South Pit,85.97,34.38,85.5,231.1,3.29,26.1,2.501,0
2025-02-07,TR013,OP042,South Pit,68.49,35.78,86.1,153.7,2.14,32.0,1.914,0
2025-02-05,TR004,OP027,West Pit,15.56,12.0,41.7,231.6,0.44,35.1,1.297,0
2025-09-17,TR013,OP036,Crusher,113.06,47.5,66.7,50.6,4.5,25.1,2.38,0
2025-06-26,TR025,OP045,North Pit,59.87,39.47,63.3,109.5,2.07,29.0,1.517,0
2025-11-07,TR014,OP023,Stockpile,76.87,36.38,68.5,113.3,2.65,29.1,2.113,0
2025-12-25,TR001,OP035,South Pit,94.2,32.36,14.0,91.2,2.85,33.0,2.911,0
2025-10-29,TR007,OP002,Crusher,33.99,20.96,79.0,90.6,1.09,31.3,1.622,0
2025-11-21,TR006,OP017,Crusher,73.84,44.76,86.7,172.0,2.08,35.5,1.65,0
2025-02-06,TR002,OP026,Stockpile,41.55,15.18,20.2,41.4,1.15,36.1,2.737,0
2025-04-28,TR002,OP006,South Pit,78.69,43.53,16.4,63.6,2.78,28.3,1.808,0
2025-07-12,TR023,OP035,North Pit,58.04,25.15,88.5,217.7,1.55,37.4,2.308,0
2025-04-30,TR027,OP014,North Pit,116.1,55.31,39.5,97.9,5.74,20.2,2.099,0
2025-11-27,TR013,OP036,West Pit,117.74,45.14,20.0,89.0,3.42,34.4,2.608,0
2025-09-13,TR013,OP016,North Pit,108.68,58.79,33.4,231.7,5.5,19.8,1.849,0
2025-08-03,TR027,OP006,North Pit,114.53,45.96,89.9,78.7,4.53,25.3,2.492,0
2025-09-18,TR007,OP019,Crusher,106.28,35.92,74.1,77.8,4.79,22.2,2.959,0
2025-08-24,TR011,OP011,East Pit,56.96,20.44,33.6,180.7,1.61,35.4,2.787,0
2025-09-28,TR020,OP008,Stockpile,25.44,17.16,47.2,86.4,1.0,25.6,1.483,0
2025-06-25,TR009,OP030,East Pit,56.43,20.11,14.7,134.7,2.0,28.2,2.806,0
2025-01-16,TR026,OP008,Stockpile,17.01,13.92,88.3,154.4,0.87,19.6,1.222,0
2025-10-29,TR030,OP032,East Pit,53.23,26.79,74.1,138.5,1.91,27.9,1.987,0
2025-12-25,TR006,OP044,East Pit,103.58,42.69,85.9,116.2,3.75,27.6,2.426,0
2025-02-02,TR003,OP042,East Pit,119.05,37.15,10.4,207.0,4.4,27.0,3.205,0
2025-10-29,TR026,OP043,Stockpile,41.72,15.45,13.9,115.4,1.2,34.9,2.7,0
2025-03-07,TR029,OP049,Crusher,74.89,30.62,64.3,155.6,2.14,35.1,2.446,0
2025-03-21,TR023,OP016,Stockpile,67.7,39.58,73.6,87.0,3.1,21.8,1.71,0
2025-06-24,TR006,OP034,Crusher,30.14,23.34,77.9,100.0,1.19,25.2,1.291,0
2025-04-17,TR029,OP030,East Pit,83.79,41.13,22.7,179.7,3.24,25.9,2.037,0
2025-05-27,TR025,OP009,Crusher,31.54,19.41,87.8,235.2,0.92,34.3,1.625,0
2025-06-26,TR009,OP010,North Pit,42.75,26.81,51.8,231.1,1.76,24.3,1.595,0
2025-02-24,TR003,OP008,Crusher,83.64,58.57,84.6,48.3,2.86,29.3,1.428,0
2025-10-31,TR025,OP007,North Pit,109.89,117.17,62.4,175.2,2.97,37.0,0.938,1
2025-08-24,TR017,OP039,East Pit,111.53,43.32,18.4,50.4,5.91,18.9,2.575,0
2025-02-18,TR013,OP013,South Pit,31.25,19.59,88.4,180.0,1.71,18.3,1.595,0
2025-04-19,TR006,OP011,East Pit,78.24,28.05,38.3,85.5,2.17,36.1,2.789,0
2025-07-25,TR027,OP029,Crusher,35.38,16.4,56.1,81.0,1.23,28.7,2.157,0
2025-01-25,TR006,OP043,West Pit,51.6,27.19,68.8,163.8,1.54,33.5,1.898,0
2025-04-30,TR025,OP017,West Pit,110.86,53.55,48.5,73.3,3.44,32.2,2.07,0
2025-08-09,TR026,OP039,South Pit,30.88,19.7,49.7,90.7,1.04,29.7,1.568,0
2025-02-05,TR027,OP027,West Pit,95.32,43.77,45.0,40.8,2.67,35.8,2.178,0
2025-08-02,TR021,OP018,Crusher,75.33,44.31,62.7,145.3,3.88,19.4,1.7,0
2025-03-13,TR004,OP007,North Pit,16.04,6.64,25.7,95.4,0.48,33.5,2.416,0
2025-10-30,TR017,OP048,North Pit,53.32,22.29,77.1,184.5,1.91,27.9,2.392,0
2025-10-07,TR018,OP027,North Pit,110.49,51.94,61.3,193.4,5.35,20.7,2.127,0
2025-05-25,TR017,OP032,Stockpile,90.06,33.1,82.1,220.0,4.17,21.6,2.721,0
2025-05-17,TR017,OP004,Crusher,9.44,4.79,17.1,113.6,0.36,26.0,1.971,0
2025-03-10,TR030,OP036,West Pit,109.4,35.86,23.8,211.2,5.42,20.2,3.051,0
2025-09-09,TR021,OP028,Crusher,27.47,46.17,84.3,132.8,1.4,19.6,0.595,1
2025-05-29,TR004,OP018,South Pit,18.36,13.5,45.4,86.5,0.8,23.0,1.36,0
2025-08-26,TR013,OP003,East Pit,110.45,50.28,59.6,214.7,3.66,30.2,2.197,0
2025-05-01,TR013,OP020,West Pit,97.36,51.82,27.1,78.0,2.96,32.9,1.879,0
2025-08-15,TR009,OP041,East Pit,88.25,46.32,84.2,197.7,3.0,29.4,1.905,0
2025-08-01,TR023,OP023,Stockpile,37.52,18.47,33.0,87.3,2.01,18.7,2.031,0
2025-03-07,TR016,OP027,Stockpile,65.29,54.6,47.3,200.3,3.51,18.6,1.196,1
2025-03-17,TR029,OP035,East Pit,25.97,13.26,21.1,63.4,0.89,29.2,1.959,0
2025-06-10,TR028,OP003,East Pit,13.86,7.72,49.0,65.0,0.47,29.4,1.795,0
2025-03-28,TR013,OP011,Crusher,91.55,33.42,19.4,41.9,3.38,27.1,2.739,0
2025-07-02,TR030,OP043,Stockpile,68.22,42.86,88.0,179.2,1.95,35.1,1.592,0
2025-11-29,TR023,OP048,West Pit,19.31,11.18,12.7,229.1,0.84,23.1,1.727,0
2025-01-11,TR029,OP004,North Pit,17.86,10.56,8.2,117.9,0.93,19.3,1.691,0
2025-11-01,TR010,OP030,West Pit,88.87,32.32,17.7,140.4,2.69,33.1,2.75,0
2025-02-24,TR029,OP038,South Pit,64.34,43.92,71.1,176.6,2.05,31.4,1.465,1
2025-04-03,TR025,OP049,East Pit,31.85,13.07,34.1,237.4,0.86,37.1,2.437,0
2025-04-09,TR025,OP033,South Pit,113.46,49.17,10.2,90.1,5.2,21.8,2.308,0
2025-01-01,TR017,OP012,Crusher,81.99,28.21,32.0,193.7,3.2,25.6,2.906,0
2025-12-13,TR006,OP046,South Pit,79.04,65.27,5.2,126.7,2.88,27.4,1.211,1
2025-06-22,TR017,OP036,East Pit,19.41,9.63,24.5,154.6,0.53,36.4,2.016,0
2025-07-04,TR021,OP032,Crusher,106.76,47.46,38.7,107.1,3.26,32.7,2.249,0
2025-11-01,TR005,OP042,North Pit,58.45,49.41,51.7,96.7,2.01,29.1,1.183,1
2025-07-22,TR012,OP035,North Pit,88.29,37.48,83.5,177.6,2.51,35.2,2.356,0
2025-08-03,TR016,OP050,Crusher,68.23,32.53,7.3,90.9,1.95,34.9,2.097,0
2025-01-05,TR019,OP050,West Pit,67.53,39.88,62.0,135.1,1.91,35.3,1.693,0
2025-08-01,TR010,OP043,North Pit,36.14,24.75,51.2,120.5,1.28,28.2,1.46,0
2025-08-03,TR023,OP036,North Pit,110.35,53.33,10.5,65.0,4.08,27.0,2.069,0
2025-04-30,TR013,OP035,East Pit,20.02,11.14,13.6,218.4,1.02,19.7,1.797,0
2025-10-09,TR027,OP050,Stockpile,99.9,39.83,87.0,157.7,4.05,24.7,2.508,0
2025-07-26,TR008,OP014,Crusher,83.49,25.55,5.8,121.5,2.36,35.3,3.268,0
2025-04-08,TR008,OP013,Crusher,10.86,11.26,61.5,72.1,0.36,29.9,0.964,0
2025-06-04,TR005,OP023,East Pit,12.59,9.03,73.2,211.2,0.46,27.1,1.394,0
2025-10-26,TR008,OP042,East Pit,95.88,42.67,58.7,208.0,2.73,35.1,2.247,0
2025-05-15,TR002,OP046,Stockpile,53.91,31.55,64.1,185.2,1.45,37.2,1.709,0
2025-11-13,TR022,OP015,North Pit,55.83,33.1,50.9,145.2,1.67,33.4,1.687,0
2025-12-03,TR001,OP018,East Pit,14.2,8.2,65.4,47.9,0.42,33.6,1.732,0
2025-06-19,TR022,OP020,West Pit,97.77,52.61,17.9,46.2,3.21,30.4,1.858,0
2025-06-25,TR010,OP046,West Pit,21.2,12.75,32.2,45.7,0.74,28.7,1.663,0
2025-08-09,TR012,OP032,North Pit,56.79,25.57,32.9,105.6,2.71,20.9,2.221,0
2025-10-08,TR029,OP019,Stockpile,102.93,36.65,34.9,178.7,3.15,32.7,2.808,0
2025-12-20,TR029,OP035,East Pit,55.29,25.44,48.0,141.8,2.21,25.0,2.173,0
2025-04-08,TR022,OP026,East Pit,37.67,12.88,16.1,184.8,1.98,19.0,2.925,0
2025-04-12,TR017,OP016,Crusher,20.09,16.52,70.7,141.6,0.78,25.9,1.216,0
2025-07-03,TR008,OP027,East Pit,34.67,15.23,56.6,207.9,1.9,18.2,2.276,0
2025-11-30,TR002,OP007,Stockpile,64.41,36.28,51.9,160.7,2.57,25.1,1.775,0
2025-04-21,TR008,OP022,South Pit,23.12,17.98,45.4,229.8,0.97,23.9,1.286,0
2025-10-01,TR016,OP003,Stockpile,39.44,18.97,49.4,192.4,1.14,34.6,2.079,0
2025-04-30,TR004,OP008,East Pit,58.84,19.63,5.8,152.0,2.75,21.4,2.997,0
2025-07-12,TR003,OP012,Crusher,79.68,26.76,22.4,114.6,2.86,27.9,2.978,0
2025-03-03,TR008,OP047,North Pit,60.82,34.18,63.0,82.8,2.56,23.8,1.779,0
2025-11-06,TR025,OP043,North Pit,89.31,38.45,66.2,208.6,3.98,22.4,2.323,0
2025-11-05,TR028,OP034,East Pit,109.33,50.98,69.2,85.4,5.05,21.6,2.145,0
2025-11-24,TR026,OP034,South Pit,71.35,25.7,35.5,100.5,2.16,33.0,2.776,0
2025-05-07,TR011,OP049,East Pit,36.31,15.97,41.9,73.6,1.08,33.5,2.274,0
2025-01-24,TR021,OP017,Stockpile,52.83,27.19,46.4,205.8,2.14,24.7,1.943,0
2025-01-11,TR014,OP029,South Pit,106.68,46.6,88.4,221.3,4.46,23.9,2.289,0
2025-11-05,TR024,OP031,East Pit,42.7,23.74,77.0,177.2,1.81,23.7,1.799,0
2025-02-01,TR013,OP009,North Pit,105.27,41.39,41.9,148.1,3.42,30.7,2.543,0
2025-05-04,TR029,OP043,East Pit,10.68,6.34,16.4,214.4,0.58,18.6,1.685,0
2025-07-26,TR026,OP010,Stockpile,43.69,31.09,83.4,191.2,2.13,20.5,1.405,0
2025-08-17,TR016,OP036,North Pit,88.29,50.77,57.3,136.6,3.99,22.1,1.739,0
2025-03-03,TR024,OP021,East Pit,104.81,38.28,10.4,97.1,4.26,24.6,2.738,0
2025-09-23,TR017,OP022,West Pit,62.0,28.74,39.4,212.9,2.13,29.1,2.157,0
2025-12-02,TR018,OP020,North Pit,81.16,39.68,19.4,87.3,3.48,23.3,2.045,0
2025-12-12,TR016,OP040,Crusher,95.65,65.91,89.5,173.3,3.83,25.0,1.451,1
2025-10-30,TR021,OP040,West Pit,25.77,10.93,7.8,95.9,1.06,24.4,2.358,0
2025-12-09,TR024,OP039,East Pit,111.64,42.14,43.5,211.9,4.14,26.9,2.649,0
2025-11-18,TR020,OP045,North Pit,101.95,51.43,78.5,48.1,3.26,31.3,1.982,0
2025-02-18,TR019,OP010,South Pit,53.71,40.48,88.9,71.7,1.66,32.4,1.327,0
2025-06-29,TR019,OP040,West Pit,106.97,64.65,75.1,113.7,5.11,20.9,1.655,0
2025-02-13,TR006,OP037,Crusher,78.74,38.78,81.9,81.3,3.84,20.5,2.03,0
2025-04-11,TR003,OP028,South Pit,79.62,43.33,52.4,126.1,2.54,31.3,1.838,0
2025-07-13,TR018,OP045,West Pit,30.57,13.9,28.0,222.9,0.87,35.2,2.199,0
2025-03-23,TR030,OP019,West Pit,52.94,70.01,21.6,228.1,1.42,37.3,0.756,1
2025-10-01,TR011,OP022,Crusher,29.22,22.93,50.3,116.9,0.84,34.9,1.274,0
2025-08-12,TR007,OP030,North Pit,80.81,28.37,21.9,188.9,2.39,33.8,2.848,0
2025-06-14,TR029,OP003,East Pit,106.17,40.01,21.2,135.0,4.95,21.4,2.654,0
2025-10-22,TR025,OP013,West Pit,33.23,17.92,83.9,172.9,1.51,22.0,1.854,0
2025-05-06,TR016,OP048,North Pit,13.96,10.45,82.0,200.5,0.45,31.4,1.336,0
2025-01-17,TR023,OP021,East Pit,49.25,31.5,89.9,204.3,1.77,27.9,1.563,0
2025-04-04,TR029,OP010,West Pit,44.53,27.87,88.3,98.5,1.3,34.2,1.598,0
2025-06-02,TR024,OP038,Stockpile,12.65,8.27,31.3,225.5,0.35,36.1,1.53,0
2025-05-25,TR020,OP029,Stockpile,14.95,7.48,17.1,217.0,0.52,29.0,1.999,0
2025-08-12,TR029,OP017,Stockpile,100.65,34.96,86.7,70.6,3.81,26.4,2.879,0
2025-05-28,TR011,OP013,East Pit,58.38,25.15,8.6,43.2,2.02,28.9,2.321,0
2025-12-09,TR022,OP034,North Pit,44.46,26.59,80.6,135.7,1.52,29.3,1.672,0
2025-12-10,TR029,OP023,North Pit,42.85,18.79,38.0,111.9,1.77,24.2,2.28,0
2025-06-01,TR025,OP015,Stockpile,56.77,32.86,28.7,147.8,1.94,29.3,1.728,0
2025-12-10,TR003,OP018,North Pit,13.49,11.47,82.7,166.2,0.7,19.1,1.176,0
2025-07-21,TR022,OP039,East Pit,9.91,7.88,22.1,225.0,0.3,32.8,1.258,0
2025-04-16,TR014,OP014,West Pit,51.72,26.96,57.8,134.8,1.72,30.1,1.918,0
2025-11-13,TR011,OP043,North Pit,110.93,44.06,73.5,191.6,5.59,19.9,2.518,0
2025-05-06,TR027,OP007,Crusher,78.85,35.14,75.6,189.9,3.48,22.6,2.244,0
2025-05-11,TR026,OP050,North Pit,75.6,34.43,68.7,117.4,2.64,28.6,2.196,0
2025-09-14,TR008,OP040,West Pit,83.33,31.41,76.7,97.4,2.96,28.2,2.653,0
2025-12-14,TR022,OP009,North Pit,10.53,4.53,11.4,131.9,0.3,35.3,2.325,0
2025-09-21,TR018,OP030,Stockpile,109.18,50.57,24.7,155.6,4.51,24.2,2.159,0
2025-08-25,TR022,OP035,Stockpile,86.53,83.35,28.3,175.2,3.41,25.4,1.038,1
2025-07-04,TR017,OP039,Stockpile,64.05,23.52,36.9,98.4,3.24,19.8,2.723,0
2025-03-22,TR009,OP011,West Pit,15.34,9.99,46.8,186.0,0.73,20.9,1.536,0
2025-02-15,TR002,OP045,Stockpile,22.89,17.83,76.2,154.6,0.61,37.8,1.284,0
2025-07-25,TR028,OP016,Crusher,74.57,46.44,83.5,118.9,2.88,25.9,1.606,0
2025-03-09,TR022,OP046,Stockpile,58.73,19.7,18.3,64.3,2.09,28.2,2.981,0
2025-06-10,TR029,OP027,Stockpile,64.87,27.44,72.1,40.4,3.24,20.0,2.364,0
2025-11-17,TR003,OP023,East Pit,117.1,50.71,48.4,97.4,5.72,20.5,2.309,0
2025-02-15,TR011,OP006,Stockpile,100.7,64.32,81.1,50.2,3.14,32.1,1.566,0
2025-11-14,TR009,OP034,Crusher,12.38,12.19,44.5,132.6,0.4,30.6,1.016,0
2025-02-15,TR002,OP030,Crusher,90.08,38.91,81.3,193.3,2.88,31.3,2.315,0
2025-08-12,TR024,OP020,Crusher,19.87,12.04,57.3,170.4,0.55,36.0,1.65,0
2025-06-11,TR009,OP035,Crusher,60.09,24.69,80.8,201.5,2.98,20.2,2.434,0
2025-03-11,TR021,OP015,East Pit,113.49,59.79,68.4,73.3,4.3,26.4,1.898,0
2025-03-05,TR018,OP043,East Pit,21.21,16.95,70.0,123.9,1.16,18.3,1.251,0
2025-01-17,TR009,OP018,East Pit,60.43,31.8,50.2,52.5,2.14,28.2,1.9,0
2025-05-01,TR013,OP033,North Pit,79.88,33.41,57.8,186.7,3.31,24.1,2.391,0
2025-01-28,TR022,OP018,South Pit,105.08,66.03,82.0,45.5,2.95,35.6,1.591,0
2025-08-03,TR005,OP032,Crusher,22.85,17.04,56.7,111.1,0.95,24.1,1.341,0
2025-06-04,TR018,OP007,South Pit,77.8,35.71,14.3,146.2,3.2,24.3,2.179,0
2025-10-12,TR021,OP035,East Pit,67.37,35.75,75.5,82.1,2.42,27.8,1.884,0
2025-04-03,TR008,OP010,Stockpile,41.92,17.88,27.1,151.8,1.73,24.2,2.345,0
2025-06-14,TR018,OP042,North Pit,114.05,52.31,49.4,144.6,3.38,33.7,2.18,0
2025-07-16,TR030,OP022,Crusher,43.29,16.41,24.6,68.0,1.16,37.4,2.638,0
2025-07-27,TR017,OP036,East Pit,70.6,31.06,17.6,197.3,2.13,33.2,2.273,0
2025-08-22,TR007,OP030,West Pit,101.68,54.87,84.3,70.7,3.47,29.3,1.853,0
2025-01-23,TR020,OP015,Crusher,17.74,11.75,60.5,191.4,0.71,25.0,1.51,0
2025-04-05,TR019,OP021,South Pit,68.39,28.64,31.2,162.1,2.15,31.7,2.388,0
2025-01-03,TR027,OP037,East Pit,39.19,17.71,64.8,225.9,1.43,27.5,2.213,0
2025-02-06,TR002,OP027,West Pit,97.4,31.09,16.2,53.7,3.66,26.6,3.133,0
2025-06-03,TR011,OP043,South Pit,54.78,28.62,89.1,233.0,2.0,27.4,1.914,0
2025-10-24,TR004,OP004,Crusher,85.33,42.75,46.1,49.3,3.27,26.1,1.996,0
2025-10-19,TR014,OP042,West Pit,19.76,13.7,41.6,208.5,0.99,20.0,1.442,0
2025-09-22,TR006,OP029,Stockpile,58.99,32.2,32.9,133.3,1.95,30.3,1.832,0
2025-08-16,TR017,OP034,East Pit,38.27,24.31,62.7,142.6,1.16,33.1,1.574,0
2025-09-20,TR029,OP020,South Pit,94.05,43.97,21.1,144.8,4.58,20.6,2.139,0
2025-09-20,TR009,OP014,East Pit,25.67,14.44,47.9,189.2,0.77,33.5,1.778,0
2025-02-21,TR030,OP038,North Pit,56.67,21.12,5.6,225.9,2.3,24.7,2.683,0
2025-10-20,TR013,OP025,Stockpile,69.62,29.96,51.2,78.9,3.05,22.9,2.324,0
2025-09-15,TR029,OP032,West Pit,23.96,10.66,25.1,83.0,0.85,28.3,2.248,0
2025-01-25,TR025,OP035,East Pit,113.83,51.35,62.3,203.0,3.21,35.5,2.217,0
2025-08-23,TR003,OP023,North Pit,103.43,40.15,13.8,167.9,5.14,20.1,2.576,0
2025-01-17,TR026,OP015,West Pit,54.38,22.46,56.1,94.9,1.77,30.8,2.421,0
2025-10-22,TR028,OP031,North Pit,90.61,35.75,71.4,165.1,3.06,29.6,2.535,0
2025-12-05,TR029,OP034,South Pit,106.82,58.61,76.9,127.7,4.34,24.6,1.823,0
2025-12-22,TR017,OP006,West Pit,56.67,23.93,75.9,181.6,1.53,37.1,2.368,0
2025-07-15,TR003,OP038,West Pit,86.93,44.44,15.5,89.3,2.52,34.5,1.956,0
2025-12-23,TR002,OP019,West Pit,67.89,34.74,88.4,40.4,1.86,36.5,1.954,0
2025-06-07,TR021,OP034,Crusher,42.97,30.23,78.2,157.9,1.67,25.8,1.421,0
2025-11-02,TR005,OP027,South Pit,43.72,24.77,42.7,214.3,1.96,22.3,1.765,0
2025-02-23,TR027,OP042,Stockpile,9.99,6.99,52.5,85.7,0.28,36.0,1.429,0
2025-04-11,TR025,OP013,Stockpile,75.13,33.42,88.8,115.9,2.67,28.2,2.248,0
2025-06-15,TR001,OP032,North Pit,114.62,65.68,49.0,64.0,5.5,20.8,1.745,0
2025-11-02,TR009,OP019,South Pit,97.13,52.99,30.5,114.0,3.21,30.3,1.833,0
2025-04-19,TR001,OP050,Crusher,97.69,46.21,84.4,160.8,3.07,31.9,2.114,0
2025-02-08,TR024,OP022,South Pit,33.14,18.5,42.1,56.4,0.93,35.8,1.791,0
2025-04-02,TR014,OP043,Stockpile,27.54,19.67,41.9,193.5,0.81,34.2,1.4,0
2025-10-28,TR004,OP040,Stockpile,33.95,19.18,65.7,199.1,1.63,20.8,1.77,0
2025-10-01,TR026,OP026,Stockpile,45.14,29.54,58.2,171.0,1.28,35.3,1.528,0
2025-07-04,TR012,OP030,East Pit,114.68,41.56,38.8,192.3,3.68,31.2,2.759,0
2025-01-12,TR023,OP034,Stockpile,84.15,38.38,14.1,129.3,3.04,27.7,2.193,0
2025-03-21,TR013,OP014,East Pit,14.2,13.7,55.0,153.9,0.45,31.4,1.036,0
2025-06-27,TR013,OP049,Crusher,11.44,9.58,54.5,167.9,0.33,34.2,1.194,0
2025-10-07,TR020,OP030,East Pit,102.1,55.2,49.7,60.1,4.48,22.8,1.85,0
2025-07-08,TR020,OP024,West Pit,73.05,49.11,65.8,199.7,2.7,27.0,1.487,0
2025-07-12,TR025,OP014,South Pit,107.62,58.6,47.7,43.1,3.84,28.0,1.837,0
2025-07-18,TR007,OP048,Stockpile,22.58,11.73,40.8,120.2,0.7,32.4,1.925,0
2025-02-18,TR028,OP021,East Pit,12.69,15.14,75.0,156.9,0.48,26.3,0.838,0
2025-10-06,TR018,OP050,Stockpile,110.46,45.16,86.1,131.2,5.04,21.9,2.446,0
2025-03-27,TR021,OP043,East Pit,108.79,40.46,44.1,184.1,3.33,32.6,2.689,0
2025-07-18,TR016,OP033,Crusher,96.41,49.74,85.0,127.3,3.07,31.4,1.938,0
2025-03-13,TR030,OP021,North Pit,75.39,28.78,30.1,170.8,2.22,33.9,2.62,0
2025-08-21,TR018,OP015,Crusher,75.03,32.56,33.6,160.4,3.75,20.0,2.304,0
2025-12-30,TR010,OP046,West Pit,43.92,25.18,49.3,137.7,2.02,21.8,1.744,0
2025-11-11,TR012,OP007,Crusher,56.29,19.62,17.9,236.4,2.99,18.8,2.869,0
2025-08-29,TR007,OP034,West Pit,18.54,9.06,13.2,229.8,0.51,36.3,2.046,0
2025-06-13,TR015,OP023,West Pit,80.64,31.34,44.7,141.4,2.51,32.2,2.573,0
2025-04-22,TR005,OP004,South Pit,72.08,27.15,54.4,190.9,2.01,35.8,2.655,0
2025-09-27,TR022,OP036,North Pit,45.95,17.31,44.3,196.1,1.28,35.9,2.655,0
2025-09-23,TR010,OP032,East Pit,106.09,54.52,10.3,235.2,5.11,20.8,1.946,0
2025-10-13,TR024,OP033,South Pit,107.94,43.79,29.6,237.2,3.03,35.6,2.465,0
2025-06-29,TR017,OP046,East Pit,62.2,27.43,24.0,172.1,2.66,23.4,2.268,0
2025-02-27,TR018,OP001,Crusher,77.94,29.45,61.7,62.8,3.46,22.5,2.647,0
2025-01-28,TR019,OP002,Crusher,49.18,18.98,71.5,85.4,1.8,27.3,2.591,0
2025-06-24,TR024,OP047,North Pit,77.82,32.07,6.0,134.2,3.66,21.3,2.427,0
2025-05-26,TR001,OP006,East Pit,64.79,25.02,48.5,83.6,2.35,27.6,2.59,0
2025-11-10,TR008,OP017,South Pit,19.04,19.92,77.7,127.6,0.87,21.9,0.956,0
2025-08-28,TR005,OP031,Stockpile,89.06,42.23,35.3,96.1,2.46,36.2,2.109,0
2025-07-09,TR028,OP029,West Pit,107.28,55.74,51.1,46.8,4.2,25.5,1.925,0
2025-01-08,TR028,OP025,Stockpile,21.38,19.95,80.3,229.6,0.99,21.5,1.072,0
2025-09-06,TR004,OP014,West Pit,32.64,14.95,18.4,93.6,1.04,31.5,2.183,0
2025-03-16,TR013,OP020,North Pit,36.88,39.11,32.4,151.0,1.15,32.2,0.943,1
2025-12-01,TR014,OP040,East Pit,37.61,18.58,27.1,122.5,1.76,21.4,2.024,0
2025-03-29,TR029,OP024,North Pit,109.2,41.24,16.4,95.8,4.38,24.9,2.648,0
2025-04-22,TR017,OP048,East Pit,13.16,12.14,86.5,181.4,0.65,20.2,1.084,0
2025-07-26,TR011,OP032,East Pit,10.04,9.5,49.7,88.8,0.3,33.1,1.057,0
2025-12-08,TR006,OP047,West Pit,115.66,53.68,10.4,69.7,5.78,20.0,2.155,0
2025-12-31,TR008,OP003,West Pit,43.19,28.73,86.1,54.7,1.24,34.7,1.503,0
2025-11-20,TR005,OP010,Stockpile,72.78,37.46,19.5,82.7,2.51,29.0,1.943,0
2025-10-22,TR010,OP022,East Pit,84.72,34.98,41.7,70.7,3.05,27.8,2.422,0
2025-09-19,TR001,OP001,Crusher,113.26,63.35,88.7,52.4,6.03,18.8,1.788,0
2025-09-14,TR030,OP019,Crusher,67.73,37.13,59.8,47.5,1.87,36.2,1.824,0
2025-06-18,TR014,OP012,North Pit,29.37,16.79,77.8,89.5,1.45,20.3,1.749,0
2025-12-30,TR011,OP002,West Pit,41.04,24.03,52.9,107.5,1.49,27.6,1.708,0
2025-08-18,TR026,OP021,East Pit,60.65,32.16,69.6,228.9,2.24,27.1,1.886,0
2025-01-25,TR013,OP031,North Pit,100.96,34.0,30.0,45.4,4.53,22.3,2.969,0
2025-04-02,TR027,OP040,Stockpile,57.84,29.96,24.7,60.7,1.56,37.1,1.931,0
2025-07-19,TR025,OP039,Crusher,48.63,19.22,5.8,151.4,1.92,25.3,2.53,0
2025-01-08,TR006,OP029,Crusher,113.26,63.51,71.8,55.2,4.66,24.3,1.783,0
2025-01-13,TR019,OP002,West Pit,56.55,59.67,74.9,125.6,1.5,37.7,0.948,1
2025-10-14,TR007,OP002,West Pit,99.11,47.63,76.5,198.7,2.92,33.9,2.081,0
2025-05-19,TR021,OP016,Crusher,36.74,18.74,63.6,76.5,1.57,23.4,1.961,0
2025-09-18,TR020,OP048,North Pit,10.56,6.8,16.2,133.0,0.36,29.5,1.553,0
2025-08-17,TR020,OP013,East Pit,56.37,18.44,15.1,94.7,2.49,22.6,3.057,0
2025-08-01,TR011,OP012,South Pit,60.5,25.0,78.1,87.0,2.26,26.8,2.42,0
2025-08-05,TR020,OP036,Stockpile,20.54,18.62,80.0,94.1,0.88,23.4,1.103,0
2025-06-22,TR029,OP008,Crusher,95.74,44.27,61.6,238.2,2.81,34.1,2.163,0
2025-02-14,TR013,OP028,West Pit,116.76,44.49,70.4,101.6,3.47,33.6,2.624,0
2025-03-31,TR008,OP037,Crusher,62.92,25.52,10.0,205.7,2.35,26.7,2.466,0
2025-03-02,TR027,OP049,North Pit,30.54,17.69,75.1,166.5,1.52,20.1,1.726,0
2025-01-27,TR003,OP026,North Pit,17.28,11.53,48.8,109.8,0.74,23.5,1.499,0
2025-06-25,TR016,OP033,North Pit,40.08,20.95,69.7,87.4,1.21,33.1,1.913,0
2025-11-22,TR002,OP050,South Pit,19.08,10.84,31.0,121.0,0.68,28.0,1.76,0
2025-01-01,TR005,OP016,West Pit,118.66,45.34,32.9,218.1,5.68,20.9,2.617,0
2025-04-19,TR015,OP025,North Pit,30.06,17.39,54.5,85.4,1.26,23.8,1.729,0
2025-03-13,TR019,OP021,South Pit,16.54,7.84,6.5,188.3,0.7,23.5,2.11,0
2025-02-03,TR020,OP016,East Pit,24.24,25.73,55.2,158.6,0.82,29.7,0.942,1
2025-11-14,TR009,OP012,South Pit,61.23,24.0,57.1,152.1,2.46,24.9,2.551,0
2025-10-13,TR006,OP001,Stockpile,91.3,33.55,73.6,135.7,3.99,22.9,2.721,0
2025-09-06,TR019,OP020,South Pit,39.51,16.24,27.1,146.9,1.72,22.9,2.433,0
2025-01-20,TR022,OP024,Crusher,41.39,16.85,30.2,190.9,1.73,23.9,2.456,0
2025-03-09,TR025,OP016,South Pit,42.55,21.49,62.4,192.3,1.79,23.7,1.98,0
2025-03-24,TR006,OP032,North Pit,68.07,22.74,23.1,51.6,2.82,24.2,2.993,0
2025-09-04,TR015,OP039,West Pit,37.69,13.91,15.5,124.4,1.28,29.3,2.71,0
2025-03-29,TR007,OP002,South Pit,63.58,37.65,33.0,108.0,2.57,24.7,1.689,0
2025-11-26,TR013,OP026,East Pit,87.7,54.18,76.3,171.5,3.66,24.0,1.619,0
2025-06-15,TR002,OP024,Crusher,102.72,46.0,82.2,174.3,2.8,36.6,2.233,0
2025-03-22,TR022,OP024,Crusher,24.18,16.77,51.0,106.7,1.26,19.1,1.442,0
2025-03-11,TR010,OP026,Stockpile,58.24,27.26,46.3,209.0,2.5,23.3,2.136,0
2025-03-12,TR018,OP031,North Pit,40.34,19.02,43.6,212.1,1.47,27.5,2.121,0
2025-06-05,TR019,OP011,South Pit,85.55,37.53,37.7,215.4,3.91,21.9,2.28,0
2025-03-23,TR013,OP019,North Pit,26.15,14.21,66.6,144.5,0.7,37.6,1.84,0
2025-12-31,TR030,OP049,West Pit,103.67,51.71,10.3,201.7,3.9,26.6,2.005,0
2025-02-09,TR022,OP012,South Pit,20.03,9.17,19.2,158.6,0.84,23.8,2.184,0
2025-07-15,TR022,OP003,South Pit,54.71,19.25,9.1,192.5,1.6,34.3,2.842,0
2025-08-22,TR011,OP020,Crusher,87.44,29.99,28.3,63.2,3.23,27.1,2.916,0
2025-09-18,TR011,OP047,West Pit,51.28,20.89,44.9,73.2,1.46,35.0,2.455,0
2025-10-31,TR017,OP035,East Pit,97.56,88.23,46.5,69.2,3.01,32.5,1.106,1
2025-03-13,TR008,OP049,East Pit,78.85,41.08,34.0,182.1,2.71,29.1,1.919,0
2025-03-19,TR005,OP020,East Pit,14.18,7.42,45.3,91.4,0.39,36.0,1.911,0
2025-07-27,TR029,OP040,South Pit,107.07,45.77,68.7,219.4,4.33,24.7,2.339,0
2025-05-12,TR021,OP039,North Pit,55.46,19.56,39.6,151.1,2.2,25.2,2.835,0
2025-08-29,TR010,OP002,Stockpile,92.09,46.31,38.0,73.1,2.68,34.4,1.989,0
2025-09-16,TR015,OP035,North Pit,101.08,49.88,79.7,92.7,4.54,22.3,2.026,0
2025-02-23,TR017,OP039,West Pit,30.56,12.42,50.6,139.8,0.91,33.6,2.461,0
2025-03-11,TR015,OP002,Crusher,30.82,18.5,71.1,204.2,0.91,34.0,1.666,0
2025-08-09,TR004,OP035,South Pit,13.98,12.7,76.2,79.9,0.68,20.6,1.101,0
2025-08-27,TR027,OP046,Stockpile,41.53,15.69,18.6,94.9,1.3,32.0,2.647,0
2025-06-23,TR012,OP034,Crusher,93.27,38.71,29.8,115.8,3.2,29.2,2.409,0
2025-11-26,TR017,OP001,Crusher,107.11,42.76,53.6,65.8,3.23,33.1,2.505,0
2025-02-09,TR020,OP008,North Pit,119.91,58.24,10.6,110.6,3.33,36.1,2.059,0
2025-07-05,TR012,OP038,East Pit,110.15,47.43,61.1,172.7,4.53,24.3,2.322,0
2025-11-16,TR008,OP036,Stockpile,71.36,24.0,26.9,199.1,2.65,27.0,2.973,0
2025-05-15,TR019,OP034,West Pit,62.77,27.38,19.7,98.2,3.23,19.5,2.293,0
2025-12-01,TR004,OP003,South Pit,108.0,40.74,38.2,137.1,2.96,36.4,2.651,0
2025-08-29,TR001,OP010,East Pit,38.24,21.87,45.2,137.5,1.74,22.0,1.749,0
2025-08-19,TR007,OP035,Stockpile,114.81,43.79,46.1,238.1,5.49,20.9,2.622,0
2025-09-16,TR026,OP047,East Pit,28.75,17.55,65.5,77.1,0.94,30.5,1.638,0
2025-04-17,TR001,OP017,Stockpile,67.84,27.91,59.6,43.2,2.44,27.8,2.431,0
2025-04-07,TR007,OP026,Stockpile,84.39,29.98,43.5,159.8,3.2,26.4,2.815,0
2025-09-08,TR013,OP029,Crusher,43.57,24.62,87.6,83.5,1.73,25.2,1.77,0
2025-05-17,TR023,OP038,Crusher,98.78,55.94,33.3,116.6,3.35,29.5,1.766,0
2025-04-23,TR008,OP038,Stockpile,95.13,37.36,24.5,203.4,4.78,19.9,2.546,0
2025-06-23,TR021,OP048,North Pit,87.7,52.06,85.7,95.6,4.81,18.2,1.685,0
2025-08-21,TR027,OP046,West Pit,32.28,13.78,38.3,100.5,1.45,22.3,2.343,0
2025-07-29,TR016,OP047,North Pit,27.22,11.9,68.9,43.6,0.97,28.2,2.287,0
2025-08-08,TR006,OP001,North Pit,30.01,20.56,80.7,93.6,1.34,22.3,1.46,0
2025-12-27,TR025,OP037,East Pit,66.41,21.92,7.8,102.9,3.16,21.0,3.03,0
2025-03-21,TR013,OP047,Stockpile,118.32,47.45,41.8,147.9,4.78,24.7,2.494,0
2025-02-22,TR005,OP043,East Pit,97.66,60.04,56.5,189.1,2.74,35.7,1.627,0
2025-03-01,TR021,OP038,Stockpile,78.5,41.89,47.3,153.2,2.4,32.8,1.874,0
2025-07-08,TR018,OP022,South Pit,24.36,15.32,49.1,92.7,1.17,20.9,1.59,0
2025-09-22,TR010,OP034,West Pit,112.02,40.72,67.9,44.2,3.78,29.6,2.751,0
2025-07-13,TR020,OP022,South Pit,61.23,24.25,18.9,188.6,1.85,33.0,2.525,0
2025-12-24,TR002,OP038,East Pit,88.52,34.31,56.5,195.2,2.72,32.6,2.58,0
2025-07-28,TR006,OP049,North Pit,65.79,27.25,17.5,129.2,1.96,33.5,2.414,0
2025-11-21,TR006,OP020,East Pit,99.66,37.89,14.9,154.5,2.97,33.6,2.63,0
2025-07-15,TR011,OP025,Crusher,103.34,34.03,39.4,161.8,2.76,37.5,3.037,0
2025-02-20,TR029,OP014,Stockpile,25.33,11.7,16.2,140.5,0.91,27.7,2.165,0
2025-11-01,TR020,OP038,Crusher,109.44,53.05,58.2,57.2,3.0,36.5,2.063,0
2025-05-12,TR025,OP019,South Pit,43.41,29.59,66.4,103.1,1.86,23.3,1.467,0
2025-04-14,TR012,OP002,Crusher,10.0,7.12,31.6,83.1,0.48,20.8,1.404,0
2025-04-15,TR022,OP020,North Pit,104.46,36.09,59.8,85.4,2.97,35.1,2.894,0
2025-08-15,TR024,OP030,Crusher,44.98,23.35,44.3,86.8,1.5,29.9,1.926,0
2025-08-08,TR019,OP049,Crusher,52.59,29.52,80.0,177.5,2.22,23.7,1.782,0
2025-12-01,TR018,OP027,West Pit,46.0,23.02,50.3,220.1,2.12,21.7,1.998,0
2025-04-12,TR009,OP042,South Pit,109.41,45.9,74.8,159.4,3.38,32.4,2.384,0
2025-05-16,TR007,OP050,North Pit,68.82,28.33,37.2,130.0,2.95,23.4,2.429,0
2025-08-04,TR022,OP019,Stockpile,76.73,25.2,13.4,192.9,2.99,25.7,3.045,0
2025-05-05,TR011,OP029,North Pit,118.0,52.38,16.9,219.5,4.29,27.5,2.253,0
2025-08-01,TR007,OP022,Crusher,60.05,25.29,83.6,204.9,2.15,27.9,2.374,0
2025-01-08,TR018,OP021,Stockpile,109.8,44.64,87.7,157.9,5.82,18.9,2.46,0
2025-07-09,TR013,OP026,Crusher,11.31,14.86,79.1,150.3,0.3,37.4,0.761,0
2025-03-06,TR003,OP023,Crusher,99.87,56.26,16.1,236.7,4.05,24.7,1.775,0
2025-10-23,TR022,OP015,Stockpile,86.19,48.22,39.3,44.0,2.57,33.5,1.787,0
2025-02-28,TR018,OP021,East Pit,78.6,35.3,14.4,68.3,3.36,23.4,2.227,0
2025-07-28,TR026,OP050,West Pit,40.98,15.71,27.7,98.2,1.67,24.5,2.609,0
2025-07-21,TR006,OP034,Crusher,38.06,23.49,72.9,99.0,1.38,27.6,1.62,0
2025-12-24,TR003,OP037,North Pit,71.36,41.19,58.4,92.4,3.29,21.7,1.732,0
2025-04-25,TR016,OP034,Stockpile,51.89,29.2,62.3,80.7,2.42,21.5,1.777,0
2025-09-04,TR019,OP036,East Pit,27.23,14.3,42.4,166.0,0.73,37.5,1.904,0
2025-10-19,TR001,OP008,West Pit,111.32,48.28,56.4,137.4,3.27,34.0,2.306,0
2025-10-31,TR021,OP011,East Pit,112.95,41.12,77.0,189.0,5.24,21.6,2.747,0
2025-10-30,TR003,OP020,North Pit,18.16,7.75,9.4,211.4,0.83,21.9,2.343,0
2025-06-19,TR003,OP001,Stockpile,10.43,9.17,42.8,206.9,0.34,31.1,1.137,0
2025-09-25,TR022,OP021,Crusher,111.17,35.36,6.7,203.3,3.32,33.5,3.144,0
2025-01-28,TR019,OP046,West Pit,31.92,16.79,25.8,189.0,0.89,35.8,1.901,0
2025-07-06,TR017,OP023,South Pit,48.99,29.67,84.7,141.4,1.46,33.6,1.651,0
2025-07-22,TR015,OP037,East Pit,69.8,34.37,85.1,46.4,2.73,25.6,2.031,0
2025-10-28,TR015,OP035,Crusher,36.5,18.87,51.2,135.9,1.19,30.7,1.934,0
2025-09-14,TR021,OP029,North Pit,38.81,14.96,19.4,43.4,1.83,21.2,2.594,0
2025-06-04,TR018,OP042,Stockpile,23.89,8.32,13.7,169.6,1.13,21.1,2.871,0
2025-02-28,TR002,OP040,East Pit,33.79,18.1,74.6,210.3,1.33,25.4,1.867,0
2025-03-21,TR025,OP022,East Pit,100.38,47.19,25.2,101.1,2.82,35.5,2.127,0
2025-01-28,TR016,OP041,Stockpile,17.24,8.97,31.5,175.0,0.83,20.8,1.922,0
2025-08-31,TR018,OP005,North Pit,12.86,7.86,19.1,238.2,0.67,19.1,1.636,0
2025-09-06,TR011,OP015,North Pit,115.33,44.13,39.2,84.5,3.35,34.4,2.613,0
2025-02-15,TR023,OP040,South Pit,32.56,12.25,13.3,97.0,1.66,19.7,2.658,0
2025-08-01,TR013,OP021,East Pit,68.95,27.49,64.8,207.0,3.54,19.5,2.508,0
2025-11-02,TR016,OP040,North Pit,88.34,50.16,88.3,147.8,3.87,22.8,1.761,0
2025-05-18,TR027,OP017,North Pit,94.19,32.78,9.9,149.5,2.61,36.2,2.873,0
2025-09-03,TR011,OP036,North Pit,79.9,43.43,64.1,219.9,3.67,21.8,1.84,0
2025-01-21,TR027,OP031,Crusher,101.79,52.64,73.8,238.1,3.06,33.2,1.934,0
2025-09-12,TR021,OP007,East Pit,117.2,35.96,5.3,66.8,4.81,24.4,3.259,0
2025-11-14,TR012,OP024,West Pit,34.18,22.79,85.0,217.3,0.9,37.8,1.5,0
2025-01-07,TR025,OP008,North Pit,99.15,37.1,48.0,204.7,5.39,18.4,2.673,0
2025-12-05,TR004,OP032,Stockpile,79.09,41.2,17.3,163.8,2.3,34.4,1.92,0
2025-05-17,TR017,OP018,South Pit,105.03,49.82,17.1,105.9,2.96,35.5,2.108,0
2025-04-24,TR029,OP016,South Pit,22.8,13.12,22.4,200.9,0.63,36.0,1.738,0
2025-10-01,TR027,OP020,East Pit,50.24,23.55,84.9,114.5,2.46,20.4,2.133,0
2025-03-01,TR022,OP029,North Pit,92.23,30.59,39.0,194.5,2.76,33.4,3.015,0
2025-04-10,TR010,OP001,Crusher,21.81,9.37,25.4,95.9,0.8,27.3,2.328,0
2025-10-30,TR026,OP029,East Pit,118.32,60.24,36.9,182.3,4.44,26.7,1.964,0
2025-09-17,TR028,OP037,Stockpile,30.47,12.8,25.5,149.8,1.31,23.3,2.38,0
2025-01-04,TR028,OP044,Stockpile,35.73,18.35,42.6,90.9,1.47,24.3,1.947,0
2025-07-07,TR023,OP040,West Pit,22.28,9.94,12.2,141.2,0.63,35.2,2.241,0
2025-07-31,TR004,OP031,West Pit,103.4,50.82,61.3,186.5,2.74,37.8,2.035,0
2025-09-14,TR030,OP030,South Pit,104.09,44.36,36.9,152.2,2.77,37.6,2.346,0
2025-04-22,TR013,OP012,South Pit,33.94,16.55,27.6,187.2,1.04,32.6,2.051,0
2025-08-04,TR005,OP039,South Pit,43.89,21.85,59.4,90.0,2.01,21.9,2.009,0
2025-05-07,TR021,OP049,South Pit,61.01,45.6,26.5,50.7,2.45,24.9,1.338,1
2025-04-30,TR028,OP010,Crusher,15.85,8.55,31.9,82.1,0.74,21.3,1.854,0
2025-01-05,TR021,OP037,South Pit,77.25,27.37,79.0,234.5,2.3,33.5,2.822,0
2025-04-10,TR018,OP017,Stockpile,101.44,48.91,28.4,179.6,3.64,27.9,2.074,0
2025-08-04,TR011,OP017,Crusher,93.14,31.86,13.3,168.3,2.7,34.5,2.923,0
2025-10-06,TR023,OP032,West Pit,30.29,14.41,16.1,88.5,1.6,19.0,2.102,0
2025-02-14,TR008,OP040,South Pit,112.53,47.02,58.0,239.2,3.17,35.5,2.393,0
2025-05-12,TR010,OP049,Crusher,58.49,24.68,81.9,222.3,2.22,26.3,2.37,0
2025-05-02,TR020,OP005,Stockpile,32.72,18.88,85.2,220.0,1.74,18.8,1.733,0
2025-03-29,TR007,OP036,West Pit,85.6,36.5,71.7,203.7,3.79,22.6,2.345,0
2025-02-02,TR005,OP044,North Pit,20.51,8.76,22.2,133.3,0.57,35.7,2.341,0
2025-12-20,TR022,OP044,Crusher,45.21,21.49,14.9,193.8,1.4,32.2,2.104,0
2025-06-01,TR022,OP017,Crusher,98.81,35.46,23.9,52.0,3.35,29.5,2.787,0
2025-12-31,TR003,OP034,Crusher,44.25,19.12,28.0,228.4,1.59,27.8,2.314,0
2025-08-17,TR028,OP032,North Pit,77.62,38.92,71.1,124.6,2.93,26.5,1.994,0
2025-04-05,TR002,OP029,Stockpile,82.01,29.66,49.6,95.5,4.44,18.5,2.765,0
2025-04-18,TR025,OP031,Crusher,51.62,29.51,22.4,156.2,2.5,20.7,1.749,0
2025-06-01,TR015,OP050,West Pit,100.29,38.9,74.8,107.0,4.14,24.2,2.578,0
2025-03-15,TR017,OP029,West Pit,79.64,31.73,22.6,70.2,2.28,35.0,2.51,0
2025-05-24,TR016,OP044,Stockpile,12.92,4.93,11.2,120.5,0.49,26.3,2.621,0
2025-04-06,TR022,OP019,West Pit,87.89,50.92,90.0,160.3,2.78,31.6,1.726,0
2025-01-06,TR002,OP013,Stockpile,38.37,17.88,53.0,188.9,1.55,24.8,2.146,0
2025-08-30,TR007,OP022,Stockpile,101.27,36.14,80.3,108.9,2.93,34.5,2.802,0
2025-09-27,TR011,OP004,South Pit,110.36,39.81,80.6,130.9,5.46,20.2,2.772,0
2025-08-13,TR013,OP004,North Pit,83.38,55.41,87.7,219.2,3.61,23.1,1.505,0
2025-02-19,TR021,OP025,Crusher,101.15,37.61,14.4,65.8,4.51,22.4,2.689,0
2025-06-28,TR023,OP012,Stockpile,112.42,60.72,82.2,195.3,3.3,34.1,1.851,0
2025-11-21,TR021,OP003,North Pit,44.32,17.29,36.1,90.9,1.3,34.1,2.563,0
2025-07-16,TR008,OP043,Crusher,17.21,14.81,84.9,223.5,0.69,24.9,1.162,0
2025-01-06,TR019,OP039,East Pit,26.33,22.2,68.6,135.3,0.91,29.1,1.186,0
2025-04-23,TR021,OP047,Stockpile,77.19,31.84,25.6,216.6,2.39,32.3,2.424,0
2025-08-14,TR024,OP005,West Pit,66.34,32.45,32.8,132.8,2.27,29.2,2.044,0
2025-03-26,TR012,OP022,East Pit,95.58,40.04,85.1,181.0,5.16,18.5,2.387,0
2025-01-03,TR013,OP045,Stockpile,23.62,11.73,12.6,125.1,1.07,22.1,2.014,0
2025-05-26,TR011,OP032,Crusher,45.91,57.34,63.5,99.9,2.01,22.9,0.801,1
2025-04-13,TR023,OP001,North Pit,51.06,24.15,67.9,125.7,1.84,27.7,2.114,0
2025-03-20,TR014,OP045,North Pit,78.71,33.84,5.8,102.2,4.08,19.3,2.326,0
2025-04-05,TR023,OP042,West Pit,16.69,10.58,23.5,61.5,0.78,21.4,1.578,0
2025-06-19,TR011,OP004,North Pit,35.65,26.46,62.2,177.7,1.56,22.8,1.347,0
2025-11-06,TR016,OP049,East Pit,103.63,45.39,17.3,166.7,3.57,29.0,2.283,0
2025-06-21,TR029,OP007,West Pit,89.44,40.99,54.1,42.5,3.13,28.6,2.182,0
2025-01-28,TR030,OP035,West Pit,99.08,51.71,53.6,216.4,3.67,27.0,1.916,0
2025-01-27,TR006,OP008,North Pit,93.99,46.3,41.1,215.2,3.59,26.2,2.03,0
2025-10-07,TR016,OP019,West Pit,43.33,18.65,56.7,238.3,1.45,29.9,2.323,0
2025-12-26,TR004,OP034,Stockpile,21.71,13.18,53.2,85.0,0.61,35.3,1.647,0
2025-05-03,TR007,OP012,West Pit,103.36,47.56,24.7,200.5,3.74,27.7,2.173,0
2025-01-01,TR017,OP028,Crusher,74.99,46.97,69.4,88.3,3.62,20.7,1.597,0
2025-07-25,TR015,OP016,East Pit,34.44,19.8,83.6,48.0,0.96,35.7,1.739,0
2025-10-26,TR013,OP012,North Pit,29.69,23.43,78.9,156.6,0.89,33.5,1.267,0
2025-09-23,TR022,OP027,East Pit,23.79,15.91,57.7,148.6,0.84,28.4,1.495,0
2025-07-03,TR028,OP026,South Pit,116.01,54.49,13.3,166.2,6.37,18.2,2.129,0
2025-12-23,TR019,OP004,West Pit,18.32,18.25,72.6,112.6,0.63,29.3,1.004,0
2025-05-18,TR019,OP030,East Pit,45.96,26.1,61.5,85.8,1.57,29.3,1.761,0
2025-11-07,TR017,OP038,Crusher,34.67,14.58,5.1,214.2,0.93,37.1,2.378,0
2025-09-30,TR022,OP004,East Pit,14.51,11.03,56.5,195.2,0.54,26.7,1.316,0
2025-02-08,TR006,OP001,Stockpile,49.77,27.98,68.9,236.3,2.51,19.9,1.779,0
2025-06-25,TR024,OP001,North Pit,116.55,50.53,23.3,70.5,6.42,18.2,2.307,0
2025-07-11,TR012,OP027,Crusher,68.76,43.29,46.0,228.1,2.36,29.2,1.588,0
2025-04-04,TR004,OP006,Stockpile,57.93,28.87,66.6,91.6,2.2,26.3,2.007,0
2025-08-21,TR002,OP036,Crusher,82.3,39.38,25.7,161.2,2.97,27.7,2.09,0
2025-11-04,TR015,OP013,South Pit,19.55,18.4,68.7,117.0,0.75,25.9,1.063,0
2025-05-13,TR003,OP017,Stockpile,111.47,46.66,55.4,93.0,3.29,33.9,2.389,0
2025-04-20,TR008,OP026,Stockpile,99.32,34.71,7.1,158.9,3.54,28.0,2.861,0
2025-12-20,TR004,OP018,East Pit,98.86,38.19,60.6,154.7,3.82,25.9,2.589,0
2025-01-13,TR014,OP047,West Pit,108.54,49.89,89.7,196.0,3.19,34.0,2.176,0
2025-09-19,TR028,OP041,South Pit,14.78,6.17,20.2,224.5,0.42,35.3,2.395,0
2025-08-30,TR023,OP044,East Pit,35.69,13.79,33.7,154.1,1.19,30.1,2.588,0
2025-02-03,TR015,OP026,West Pit,31.29,20.34,51.9,143.8,1.05,29.8,1.538,0
2025-10-09,TR003,OP004,Crusher,23.33,9.8,11.3,116.7,1.24,18.8,2.381,0
2025-06-02,TR002,OP016,South Pit,47.81,31.49,70.8,54.9,2.26,21.2,1.518,0
2025-09-16,TR028,OP015,North Pit,59.58,30.59,59.7,109.2,3.19,18.7,1.948,0
2025-11-20,TR020,OP024,Crusher,68.37,28.74,43.1,95.6,1.95,35.0,2.379,0
2025-03-28,TR001,OP023,West Pit,35.26,19.37,7.8,48.2,1.01,35.0,1.82,0
2025-05-16,TR020,OP041,Stockpile,61.81,23.39,18.1,215.3,1.68,36.9,2.643,0
2025-06-30,TR009,OP039,Crusher,48.33,19.11,73.1,231.6,1.95,24.8,2.529,0
2025-03-28,TR009,OP017,West Pit,109.78,44.63,79.6,44.6,3.83,28.6,2.46,0
2025-08-02,TR009,OP027,West Pit,23.33,8.16,18.6,189.6,1.28,18.2,2.859,0
2025-06-04,TR014,OP033,North Pit,9.16,10.25,57.5,202.4,0.3,30.9,0.894,0
2025-06-22,TR019,OP023,East Pit,49.96,29.98,86.4,99.8,1.76,28.4,1.666,0
2025-09-22,TR025,OP028,Crusher,115.16,45.5,52.2,206.1,6.17,18.7,2.531,0
2025-09-26,TR022,OP046,Stockpile,54.33,27.71,57.4,164.7,2.48,21.9,1.961,0
2025-01-12,TR007,OP022,West Pit,28.38,14.69,60.2,107.0,1.08,26.3,1.932,0
2025-01-06,TR003,OP012,South Pit,34.3,16.81,48.1,71.9,1.06,32.5,2.04,0
2025-11-16,TR024,OP005,Crusher,100.21,49.55,74.7,233.1,3.19,31.4,2.022,0
2025-04-03,TR021,OP040,West Pit,115.19,49.1,10.7,145.5,4.55,25.3,2.346,0
2025-03-01,TR008,OP009,Stockpile,72.45,29.72,42.4,224.6,3.25,22.3,2.438,0
2025-12-18,TR013,OP049,Crusher,53.66,35.82,73.1,172.1,2.32,23.1,1.498,0
2025-05-22,TR023,OP013,Stockpile,11.03,9.08,75.2,103.6,0.34,32.4,1.215,0
2025-01-15,TR003,OP029,South Pit,41.29,15.5,15.0,172.0,1.27,32.4,2.664,0
2025-08-24,TR026,OP027,North Pit,33.48,15.56,86.1,120.8,1.37,24.5,2.152,0
2025-05-18,TR023,OP014,West Pit,90.68,37.72,35.8,91.9,2.87,31.6,2.404,0
2025-07-24,TR020,OP022,North Pit,27.13,15.48,61.4,146.4,1.03,26.4,1.753,0
2025-02-27,TR028,OP007,North Pit,87.79,27.22,8.6,209.2,2.9,30.3,3.225,0
2025-01-22,TR008,OP021,West Pit,80.55,36.13,56.5,135.8,3.24,24.9,2.229,0
2025-09-11,TR002,OP039,East Pit,105.14,44.25,36.5,131.0,3.76,28.0,2.376,0
2025-06-19,TR025,OP001,East Pit,114.21,66.78,58.5,152.0,3.78,30.2,1.71,0
2025-10-13,TR027,OP041,Crusher,22.1,11.07,43.5,44.1,0.87,25.4,1.996,0
2025-11-03,TR023,OP041,South Pit,53.44,24.85,48.3,47.0,1.42,37.7,2.151,0
2025-03-27,TR028,OP045,Stockpile,10.43,13.12,74.9,159.2,0.35,30.2,0.795,0
2025-11-07,TR009,OP039,East Pit,114.22,45.74,18.9,214.0,3.46,33.0,2.497,0
2025-09-24,TR029,OP040,Stockpile,90.4,46.29,79.7,180.3,2.99,30.2,1.953,0
2025-11-22,TR017,OP048,South Pit,51.31,29.63,86.0,150.5,2.78,18.5,1.732,0
2025-02-03,TR003,OP039,East Pit,115.72,49.39,89.1,72.0,4.08,28.4,2.343,0
2025-09-27,TR002,OP039,Stockpile,111.08,43.97,21.8,98.2,3.02,36.8,2.526,0
2025-01-02,TR021,OP034,Crusher,10.46,8.85,24.2,48.7,0.57,18.5,1.182,0
2025-06-02,TR001,OP033,South Pit,88.11,39.74,25.7,138.3,2.73,32.3,2.217,0
2025-03-15,TR007,OP028,East Pit,11.35,9.71,57.9,137.8,0.34,33.7,1.169,0
2025-06-02,TR001,OP026,Stockpile,115.23,58.87,45.6,197.3,4.1,28.1,1.957,0
2025-06-17,TR005,OP015,Crusher,104.63,38.29,23.5,57.2,3.4,30.7,2.733,0
2025-11-26,TR022,OP039,Stockpile,29.08,14.21,42.6,147.1,0.98,29.6,2.046,0
2025-08-30,TR012,OP004,North Pit,113.16,34.31,7.4,134.7,3.71,30.5,3.298,0
2025-12-01,TR014,OP045,West Pit,99.01,30.4,6.8,206.1,3.59,27.6,3.257,0
2025-06-10,TR016,OP039,East Pit,44.26,18.75,48.9,139.3,1.63,27.2,2.361,0
2025-03-24,TR028,OP043,East Pit,77.94,32.31,57.9,51.6,3.2,24.3,2.412,0
2025-02-18,TR004,OP007,North Pit,108.48,54.65,25.8,224.5,3.07,35.3,1.985,0
2025-10-09,TR030,OP002,West Pit,15.01,13.07,56.1,104.6,0.6,25.2,1.148,0
2025-01-11,TR009,OP025,East Pit,77.95,36.49,88.9,83.3,4.24,18.4,2.136,0
2025-02-21,TR004,OP019,Stockpile,9.36,4.96,5.7,92.0,0.41,23.1,1.887,0
2025-09-11,TR001,OP010,South Pit,104.56,58.88,89.6,192.7,4.83,21.7,1.776,0
2025-05-19,TR027,OP009,North Pit,67.77,31.39,84.3,130.6,2.3,29.4,2.159,0
2025-05-12,TR015,OP013,Stockpile,103.91,35.97,33.2,142.9,3.37,30.8,2.889,0
2025-05-02,TR013,OP017,North Pit,49.22,32.66,59.3,130.7,2.01,24.5,1.507,0
2025-06-03,TR014,OP008,West Pit,33.17,16.55,70.4,226.4,0.9,37.1,2.004,0
2025-11-22,TR017,OP002,Stockpile,23.3,10.07,23.2,211.4,0.69,33.7,2.314,0
2025-04-02,TR030,OP048,East Pit,58.99,31.38,14.7,231.5,1.65,35.6,1.88,0
2025-06-13,TR024,OP029,North Pit,33.23,13.43,40.3,185.7,1.26,26.3,2.474,0
2025-08-19,TR021,OP044,Stockpile,20.19,10.66,52.8,144.7,1.06,19.0,1.894,0
2025-11-01,TR017,OP011,Stockpile,30.14,11.58,28.4,52.7,0.92,32.6,2.603,0
2025-03-19,TR012,OP049,West Pit,63.0,38.75,67.3,106.7,1.68,37.6,1.626,0
2025-12-19,TR019,OP037,Stockpile,65.46,34.23,29.5,128.9,3.12,21.0,1.912,0
2025-07-18,TR019,OP046,West Pit,12.36,4.58,13.9,109.4,0.68,18.1,2.699,0
2025-12-28,TR011,OP013,West Pit,82.93,38.62,34.6,235.1,2.48,33.4,2.147,0
2025-09-17,TR019,OP002,North Pit,114.43,63.08,28.7,138.4,4.19,27.3,1.814,0
2025-07-14,TR001,OP006,North Pit,103.81,46.32,46.9,76.4,3.92,26.5,2.241,0
2025-03-25,TR013,OP003,North Pit,43.11,17.24,23.6,180.9,1.32,32.7,2.501,0
2025-01-14,TR021,OP005,West Pit,54.79,28.65,69.5,200.8,1.8,30.4,1.912,0
2025-07-11,TR024,OP041,Stockpile,32.59,23.25,72.1,183.8,1.8,18.1,1.402,0
2025-02-15,TR017,OP015,Stockpile,37.15,18.97,18.2,74.9,1.26,29.4,1.958,0
2025-08-29,TR030,OP016,West Pit,74.35,34.41,55.3,173.0,2.4,31.0,2.161,0
2025-05-18,TR005,OP019,Stockpile,56.84,28.39,47.3,192.5,2.49,22.9,2.002,0
2025-10-20,TR029,OP027,East Pit,81.21,45.14,16.0,125.0,4.42,18.4,1.799,0
2025-04-20,TR017,OP033,Crusher,39.32,14.6,18.5,178.2,1.51,26.0,2.693,0
2025-11-28,TR015,OP001,North Pit,85.95,38.83,54.0,164.7,2.65,32.4,2.213,0
2025-04-10,TR004,OP048,East Pit,59.57,25.69,50.9,61.8,1.65,36.1,2.319,0
2025-08-05,TR023,OP031,North Pit,44.44,31.15,71.2,106.0,1.85,24.1,1.427,0
2025-05-03,TR022,OP006,West Pit,119.52,55.22,40.8,112.0,4.29,27.9,2.164,0
2025-07-25,TR023,OP029,Crusher,60.67,21.14,9.3,225.9,2.91,20.8,2.87,0
2025-05-15,TR003,OP017,North Pit,13.78,9.88,26.6,157.3,0.44,31.7,1.395,0
2025-10-14,TR014,OP029,Crusher,119.59,69.41,61.0,209.3,3.34,35.8,1.723,0
2025-03-23,TR026,OP028,West Pit,79.97,39.77,28.3,88.3,4.01,19.9,2.011,0
2025-03-26,TR023,OP040,Crusher,42.05,17.15,17.7,146.4,1.56,27.0,2.452,0
2025-03-28,TR009,OP017,Crusher,9.65,4.76,22.2,74.9,0.26,37.0,2.027,0
2025-06-20,TR007,OP044,Crusher,42.72,17.94,34.2,223.6,1.56,27.4,2.381,0
2025-07-14,TR026,OP039,Crusher,15.98,11.76,60.9,43.8,0.55,28.8,1.359,0
2025-04-10,TR029,OP006,Crusher,36.04,12.82,15.5,72.9,1.78,20.3,2.811,0
2025-01-27,TR009,OP023,Stockpile,66.93,30.85,67.2,90.1,1.82,36.7,2.17,0
2025-03-25,TR004,OP014,West Pit,14.9,12.99,51.8,222.0,0.8,18.7,1.147,0
2025-09-23,TR004,OP009,South Pit,74.0,25.59,14.4,177.2,2.67,27.7,2.892,0
2025-09-28,TR007,OP037,Stockpile,88.43,52.22,61.1,153.2,3.58,24.7,1.693,0
2025-11-16,TR025,OP043,North Pit,85.02,39.24,29.4,138.0,2.69,31.6,2.167,0
2025-01-10,TR022,OP011,West Pit,35.2,24.21,86.1,207.9,1.01,35.0,1.454,0
2025-06-20,TR002,OP048,Stockpile,31.97,17.89,53.0,219.6,0.99,32.2,1.787,0
2025-06-20,TR002,OP013,West Pit,105.57,44.33,59.4,194.1,4.61,22.9,2.381,0
2025-10-13,TR020,OP019,East Pit,97.36,36.28,48.5,143.5,4.27,22.8,2.684,0
2025-07-30,TR007,OP015,Crusher,107.57,41.9,34.5,172.1,4.05,26.6,2.567,0
2025-10-04,TR026,OP024,North Pit,103.87,39.14,81.7,43.7,2.89,35.9,2.654,0
2025-08-23,TR005,OP031,South Pit,101.65,48.39,61.2,54.1,2.97,34.3,2.101,0
2025-01-10,TR024,OP033,East Pit,49.36,28.72,74.7,142.8,2.08,23.7,1.719,0
2025-10-31,TR011,OP005,West Pit,90.64,49.99,75.9,126.1,2.4,37.8,1.813,0
2025-01-21,TR025,OP039,North Pit,56.78,18.43,9.1,40.9,2.23,25.5,3.081,0
2025-10-19,TR004,OP050,South Pit,10.88,6.99,32.5,132.7,0.34,32.0,1.557,0
2025-03-21,TR013,OP015,East Pit,11.09,7.6,64.2,132.1,0.49,22.8,1.459,0
2025-03-08,TR015,OP023,North Pit,100.88,60.67,37.4,51.1,4.81,21.0,1.663,0
2025-01-26,TR013,OP009,North Pit,116.62,65.2,65.0,141.1,4.45,26.2,1.789,0
2025-04-12,TR017,OP010,South Pit,61.18,23.95,39.4,137.2,2.93,20.9,2.554,0
2025-05-08,TR025,OP006,West Pit,19.76,16.95,64.9,142.8,0.58,33.9,1.166,0
2025-10-11,TR004,OP043,West Pit,28.38,20.66,62.9,138.1,1.28,22.2,1.374,0
2025-06-18,TR013,OP002,East Pit,8.91,25.22,73.7,200.6,0.42,21.3,0.353,1
2025-12-29,TR025,OP044,North Pit,10.46,13.48,80.1,143.2,0.5,20.9,0.776,0
2025-02-10,TR006,OP048,North Pit,15.27,10.81,47.7,154.8,0.42,36.6,1.413,0
2025-03-15,TR015,OP016,Crusher,79.31,38.61,28.4,173.2,2.3,34.4,2.054,0
2025-03-28,TR011,OP043,South Pit,19.69,11.34,84.6,119.8,0.92,21.4,1.736,0
2025-12-26,TR020,OP018,North Pit,94.1,39.4,25.4,55.3,4.11,22.9,2.388,0
2025-03-03,TR016,OP038,West Pit,52.24,28.29,31.9,49.6,2.01,26.0,1.847,0
2025-03-03,TR006,OP049,Stockpile,110.27,48.89,41.7,111.4,4.45,24.8,2.255,0
2025-07-15,TR013,OP046,West Pit,73.86,25.85,39.1,49.9,1.98,37.3,2.857,0
2025-07-06,TR028,OP007,Crusher,115.18,48.63,69.9,107.4,3.66,31.5,2.368,0
2025-05-15,TR011,OP018,East Pit,116.92,51.23,89.9,74.5,3.26,35.9,2.282,0
2025-02-14,TR001,OP036,Crusher,103.08,59.95,41.7,111.6,3.48,29.6,1.719,0
2025-09-28,TR013,OP023,Stockpile,74.9,27.15,39.4,75.7,2.0,37.4,2.759,0
2025-10-03,TR015,OP007,Stockpile,92.02,31.37,12.7,126.5,4.15,22.2,2.933,0
2025-04-29,TR023,OP011,Crusher,61.7,31.76,17.3,113.1,1.99,31.0,1.943,0
2025-03-16,TR021,OP047,North Pit,97.99,39.89,5.8,98.7,2.87,34.2,2.457,0
2025-01-14,TR021,OP048,North Pit,85.34,28.33,16.9,162.4,3.55,24.0,3.012,0
2025-05-22,TR012,OP045,Crusher,96.17,48.06,73.8,82.5,3.48,27.6,2.001,0
2025-03-28,TR011,OP015,Stockpile,32.18,14.43,21.4,184.1,1.19,27.1,2.23,0
2025-03-19,TR026,OP022,South Pit,90.52,35.1,64.3,123.0,2.38,38.0,2.579,0
2025-11-06,TR030,OP047,Stockpile,21.85,14.68,42.8,52.9,0.6,36.1,1.488,0
2025-03-13,TR004,OP030,Crusher,47.84,28.82,67.2,71.7,2.01,23.8,1.66,0
2025-10-30,TR020,OP018,West Pit,96.51,32.8,24.7,58.1,4.82,20.0,2.942,0
2025-02-05,TR030,OP009,East Pit,107.25,61.91,37.7,234.9,3.59,29.9,1.732,0
2025-01-16,TR014,OP018,Crusher,17.55,9.25,68.4,193.0,0.48,36.8,1.897,0
2025-02-03,TR016,OP027,North Pit,107.6,46.32,40.3,63.2,4.34,24.8,2.323,0
2025-07-18,TR023,OP017,East Pit,19.88,12.37,66.9,183.5,0.75,26.4,1.607,0
2025-12-22,TR007,OP001,North Pit,54.44,26.49,85.4,107.9,1.52,35.7,2.055,0
2025-12-03,TR010,OP045,North Pit,17.55,13.79,87.2,79.3,0.7,25.0,1.273,0
2025-10-22,TR022,OP048,Crusher,99.24,41.75,68.0,236.7,4.0,24.8,2.377,0
2025-04-13,TR009,OP045,Crusher,89.03,47.02,88.9,54.2,3.87,23.0,1.893,0
2025-08-28,TR008,OP037,East Pit,96.8,40.29,64.6,103.0,2.68,36.2,2.403,0
2025-04-26,TR011,OP040,West Pit,77.28,30.87,64.5,50.9,2.25,34.4,2.503,0
2025-07-24,TR001,OP035,West Pit,83.6,49.63,59.2,64.5,2.3,36.4,1.684,0
2025-11-07,TR026,OP007,Stockpile,53.34,24.05,9.6,54.2,2.33,22.9,2.218,0
2025-03-04,TR025,OP016,West Pit,41.54,21.6,72.9,88.6,2.02,20.5,1.923,0
2025-03-22,TR008,OP034,East Pit,44.9,22.51,67.7,67.2,1.75,25.6,1.995,0
2025-02-20,TR007,OP007,North Pit,53.3,29.15,20.8,206.6,1.42,37.6,1.828,0
2025-10-26,TR020,OP010,South Pit,52.59,17.37,8.4,115.4,2.25,23.4,3.028,0
2025-11-08,TR021,OP048,East Pit,29.29,19.66,82.3,136.1,0.78,37.8,1.49,0
2025-12-11,TR028,OP013,East Pit,77.69,34.61,88.5,233.1,2.74,28.3,2.245,0
2025-11-04,TR010,OP014,West Pit,15.24,8.89,21.0,117.0,0.46,33.2,1.714,0
2025-02-17,TR023,OP027,East Pit,27.23,19.56,88.2,200.0,0.98,27.7,1.392,0
2025-04-09,TR003,OP031,West Pit,71.01,25.96,24.0,171.1,2.41,29.4,2.735,0
2025-05-29,TR018,OP028,West Pit,22.36,13.51,78.0,158.4,0.79,28.3,1.655,0
2025-04-25,TR021,OP021,South Pit,115.88,54.25,54.6,227.9,4.56,25.4,2.136,0
2025-11-08,TR028,OP021,East Pit,46.69,21.76,52.5,135.4,2.14,21.8,2.146,0
2025-02-08,TR023,OP040,East Pit,13.3,7.25,14.5,233.8,0.48,27.8,1.834,0
2025-12-30,TR011,OP006,South Pit,23.2,20.44,55.3,226.7,0.72,32.1,1.135,0
2025-02-27,TR002,OP022,Crusher,23.05,16.37,88.8,224.2,1.19,19.4,1.408,0
2025-06-28,TR012,OP007,North Pit,47.78,30.24,62.8,122.4,1.37,34.8,1.58,0
2025-07-30,TR023,OP014,North Pit,85.2,29.84,24.9,173.9,4.63,18.4,2.855,0
2025-02-18,TR002,OP005,South Pit,107.5,37.15,51.9,176.6,3.64,29.6,2.894,0
2025-03-13,TR019,OP007,North Pit,30.65,12.84,29.2,49.3,1.31,23.3,2.387,0
2025-11-17,TR006,OP026,East Pit,103.81,39.61,60.2,189.0,2.74,37.8,2.621,0
2025-03-02,TR025,OP004,North Pit,47.03,17.47,11.6,43.6,1.49,31.5,2.692,0
2025-06-20,TR021,OP005,North Pit,80.96,29.55,23.2,162.0,2.28,35.5,2.74,0
2025-09-03,TR011,OP048,West Pit,75.65,29.45,27.3,96.3,3.22,23.5,2.569,0
2025-12-02,TR021,OP009,Crusher,42.65,23.73,33.8,75.7,2.15,19.8,1.797,0
2025-11-04,TR009,OP035,South Pit,50.47,29.96,36.3,178.3,2.79,18.1,1.685,0
2025-04-24,TR018,OP048,Crusher,85.96,33.62,35.6,208.6,3.86,22.3,2.557,0
2025-03-23,TR028,OP011,East Pit,42.34,18.87,29.3,181.6,1.39,30.4,2.244,0
2025-03-14,TR022,OP033,South Pit,66.75,43.9,88.8,77.4,2.4,27.8,1.521,0
2025-05-11,TR015,OP044,North Pit,89.79,51.73,52.1,219.0,2.95,30.5,1.736,0
2025-04-03,TR025,OP010,West Pit,8.4,5.01,30.7,185.1,0.4,20.8,1.677,0
2025-09-14,TR016,OP032,South Pit,87.94,35.4,56.3,126.0,3.91,22.5,2.484,0
2025-02-13,TR020,OP031,North Pit,19.8,12.0,28.3,231.2,0.63,31.5,1.65,0
2025-03-30,TR005,OP020,North Pit,93.45,43.45,52.8,229.3,2.74,34.1,2.151,0
2025-04-04,TR029,OP045,Crusher,107.98,33.95,7.3,232.3,2.87,37.6,3.181,0
2025-05-01,TR012,OP035,West Pit,81.88,36.58,70.9,41.9,2.81,29.1,2.238,0
2025-12-04,TR002,OP033,North Pit,118.53,62.66,63.4,127.6,3.6,33.0,1.892,0
2025-01-30,TR008,OP004,South Pit,65.07,32.67,69.1,76.6,1.72,37.8,1.992,0
2025-08-06,TR027,OP041,West Pit,86.19,50.23,39.8,130.1,4.38,19.7,1.716,0
2025-07-18,TR006,OP027,Stockpile,26.91,12.66,78.4,101.3,0.96,28.0,2.126,0
2025-01-21,TR007,OP045,South Pit,116.05,43.17,21.9,143.6,3.2,36.2,2.688,0
2025-12-13,TR003,OP005,West Pit,11.08,13.51,50.9,63.6,0.38,29.3,0.82,0
2025-07-12,TR005,OP049,Crusher,10.03,8.96,78.3,216.0,0.39,26.0,1.119,0
2025-06-14,TR009,OP029,South Pit,60.91,32.83,68.8,56.7,1.95,31.3,1.855,0
2025-01-06,TR008,OP012,West Pit,50.6,19.5,32.9,193.7,1.5,33.7,2.595,0
2025-09-22,TR014,OP046,North Pit,78.23,31.43,34.8,205.0,3.8,20.6,2.489,0
2025-11-14,TR002,OP015,North Pit,104.36,59.13,32.9,190.1,4.98,20.9,1.765,0
2025-10-07,TR008,OP006,Crusher,81.47,42.39,28.4,178.2,3.07,26.6,1.922,0
2025-04-05,TR011,OP033,West Pit,41.37,17.99,33.2,184.1,1.32,31.4,2.3,0
2025-01-08,TR019,OP026,South Pit,103.09,39.85,44.0,161.4,2.84,36.2,2.587,0
2025-06-20,TR024,OP033,North Pit,40.97,24.41,45.4,121.9,1.63,25.1,1.678,0
2025-06-10,TR009,OP045,Stockpile,65.02,41.49,77.0,188.5,1.96,33.2,1.567,0
2025-01-14,TR025,OP033,East Pit,68.3,37.45,43.5,59.2,2.51,27.2,1.824,0
2025-02-14,TR011,OP016,Crusher,54.21,21.47,81.6,54.8,2.06,26.3,2.525,0
2025-08-15,TR026,OP017,Crusher,110.56,54.94,44.6,116.1,4.72,23.4,2.012,0
2025-04-11,TR016,OP025,West Pit,111.62,53.07,47.1,137.8,3.08,36.2,2.103,0
2025-02-15,TR024,OP035,Stockpile,96.05,33.69,20.5,227.7,4.77,20.1,2.851,0
2025-11-15,TR014,OP005,East Pit,37.16,20.09,37.3,41.1,1.93,19.3,1.85,0
2025-04-24,TR027,OP001,Crusher,86.28,31.48,81.8,85.6,2.38,36.3,2.741,0
2025-02-25,TR006,OP010,Crusher,73.39,31.76,32.2,95.1,2.62,28.0,2.311,0
2025-04-01,TR009,OP019,South Pit,35.11,18.05,10.1,142.0,1.73,20.3,1.945,0
2025-11-08,TR010,OP038,Stockpile,33.21,16.05,5.1,98.3,1.38,24.0,2.069,0
2025-09-28,TR010,OP048,Stockpile,89.81,47.58,24.4,195.4,2.7,33.3,1.888,0
2025-01-10,TR012,OP043,North Pit,92.31,55.16,40.8,142.6,4.05,22.8,1.673,0
2025-01-16,TR011,OP044,Stockpile,34.08,24.21,49.4,188.3,1.08,31.6,1.408,0
2025-06-11,TR003,OP032,West Pit,55.66,26.49,64.2,192.0,1.56,35.8,2.101,0
2025-07-28,TR027,OP049,South Pit,31.13,24.69,85.7,200.7,1.12,27.9,1.261,0
2025-07-08,TR024,OP031,Stockpile,115.75,45.57,25.8,136.2,3.37,34.3,2.54,0
2025-01-21,TR006,OP010,Crusher,79.26,29.86,73.5,187.9,3.4,23.3,2.654,0
2025-01-09,TR020,OP030,West Pit,18.92,10.94,80.4,230.7,0.66,28.5,1.729,0
2025-04-25,TR019,OP047,Stockpile,29.86,16.14,11.7,131.4,1.59,18.7,1.85,0
2025-11-26,TR006,OP019,East Pit,9.83,3.73,11.5,106.4,0.27,36.7,2.635,0
2025-08-14,TR016,OP003,South Pit,12.57,11.82,56.8,202.7,0.48,26.4,1.063,0
2025-08-10,TR017,OP010,East Pit,103.52,53.24,40.4,101.5,2.81,36.8,1.944,0
2025-02-11,TR028,OP027,East Pit,89.49,38.63,37.5,121.5,3.36,26.7,2.317,0
2025-07-07,TR022,OP038,Crusher,55.8,29.75,52.0,209.8,2.29,24.4,1.876,0
2025-08-31,TR005,OP001,North Pit,17.01,11.12,83.9,172.6,0.63,26.8,1.53,0
2025-08-14,TR001,OP001,Stockpile,14.6,13.84,83.7,228.2,0.45,32.1,1.055,0
2025-06-03,TR004,OP012,North Pit,98.34,33.56,14.5,157.0,4.33,22.7,2.93,0
2025-03-20,TR007,OP047,East Pit,47.11,29.4,42.0,212.3,1.31,35.9,1.602,0
2025-05-20,TR011,OP005,Crusher,52.52,32.16,62.0,185.8,1.96,26.8,1.633,0
2025-08-26,TR005,OP029,North Pit,119.87,42.87,12.5,50.2,4.24,28.3,2.796,0
2025-05-19,TR024,OP049,West Pit,89.6,44.33,27.2,121.1,3.98,22.5,2.021,0
2025-08-16,TR009,OP019,West Pit,17.08,7.44,22.7,100.8,0.52,32.9,2.296,0
2025-08-18,TR020,OP005,Stockpile,19.83,13.62,51.0,234.2,0.68,29.1,1.456,0
2025-10-07,TR023,OP032,South Pit,75.7,32.6,17.1,56.3,2.45,30.8,2.322,0
2025-11-30,TR021,OP010,Stockpile,98.71,34.54,39.7,99.0,3.14,31.5,2.858,0
2025-10-09,TR030,OP015,West Pit,23.62,12.51,10.6,75.7,0.9,26.3,1.888,0
2025-03-11,TR029,OP010,North Pit,55.97,23.22,43.5,139.3,3.03,18.5,2.41,0
2025-08-15,TR005,OP040,Crusher,81.19,38.01,41.0,200.8,2.6,31.2,2.136,0
2025-02-02,TR002,OP007,South Pit,58.98,28.39,40.7,106.3,1.87,31.5,2.077,0
2025-06-19,TR001,OP034,Stockpile,117.78,61.51,51.5,137.8,3.77,31.2,1.915,0
2025-04-30,TR019,OP017,South Pit,74.23,37.43,42.0,48.7,3.25,22.9,1.983,0
2025-02-26,TR022,OP034,Crusher,108.27,38.18,66.8,55.6,3.83,28.3,2.836,0
2025-09-09,TR020,OP006,South Pit,109.2,48.93,73.7,219.0,3.72,29.3,2.232,0
2025-07-29,TR026,OP019,West Pit,72.01,36.25,32.0,166.7,2.34,30.8,1.986,0
2025-04-10,TR008,OP003,East Pit,32.07,16.09,75.9,72.1,1.11,28.9,1.993,0
2025-01-02,TR010,OP010,West Pit,20.54,13.73,68.3,227.4,1.09,18.9,1.496,0
2025-10-15,TR014,OP044,North Pit,72.63,28.44,36.9,59.7,2.11,34.4,2.554,0
2025-11-20,TR007,OP043,Stockpile,81.56,51.48,75.3,181.3,3.01,27.1,1.584,0
2025-05-07,TR024,OP001,South Pit,71.96,24.91,22.1,140.6,3.62,19.9,2.889,0
2025-07-25,TR019,OP002,South Pit,12.91,9.75,41.4,214.1,0.53,24.5,1.324,0
2025-11-15,TR014,OP011,North Pit,37.34,24.92,87.5,55.6,2.06,18.1,1.498,0
2025-04-29,TR015,OP022,Stockpile,115.57,57.31,61.9,236.3,3.19,36.3,2.017,0
2025-04-11,TR008,OP027,South Pit,86.5,45.19,55.8,103.6,3.39,25.5,1.914,0
2025-09-09,TR017,OP045,Stockpile,93.55,38.2,81.0,69.4,4.22,22.2,2.449,0
2025-10-29,TR001,OP044,West Pit,29.55,14.16,55.1,61.7,1.09,27.1,2.087,0
2025-05-10,TR006,OP015,East Pit,33.94,17.57,24.0,41.7,1.09,31.1,1.932,0
2025-04-07,TR019,OP016,East Pit,11.08,9.52,38.4,83.5,0.31,36.3,1.164,0
2025-07-04,TR025,OP010,West Pit,114.56,52.41,57.7,106.6,3.33,34.4,2.186,0
2025-12-07,TR025,OP023,South Pit,18.15,10.33,12.0,192.6,0.69,26.3,1.757,0
2025-05-07,TR023,OP041,East Pit,47.29,30.63,83.1,176.0,2.44,19.4,1.544,0
2025-02-15,TR002,OP039,West Pit,14.32,6.99,25.8,211.3,0.48,29.8,2.049,0
2025-10-24,TR011,OP029,East Pit,118.93,43.25,47.2,230.4,6.58,18.1,2.75,0
2025-11-25,TR012,OP006,East Pit,15.78,18.34,75.2,223.0,0.62,25.4,0.86,0
2025-05-11,TR016,OP049,South Pit,78.21,40.75,33.6,226.7,2.36,33.2,1.919,0
2025-08-30,TR014,OP022,Crusher,45.38,16.02,8.6,145.6,1.97,23.1,2.833,0
2025-02-28,TR003,OP028,North Pit,50.62,21.4,10.8,216.8,1.71,29.7,2.365,0
2025-11-09,TR018,OP023,South Pit,23.11,17.09,56.9,113.1,0.77,30.2,1.352,0
2025-02-15,TR028,OP042,East Pit,65.28,24.99,37.4,121.9,1.94,33.7,2.612,0
2025-11-14,TR030,OP012,West Pit,13.12,11.94,72.1,147.6,0.37,35.9,1.099,0
2025-11-12,TR002,OP035,South Pit,118.65,41.29,7.3,133.3,4.93,24.0,2.874,0
2025-04-15,TR020,OP015,North Pit,71.19,26.83,8.7,169.9,2.13,33.4,2.653,0
2025-11-11,TR014,OP014,Stockpile,84.37,41.41,12.2,100.0,2.91,29.0,2.037,0
2025-02-18,TR015,OP012,North Pit,64.74,39.12,80.1,114.3,1.99,32.6,1.655,0
2025-05-11,TR025,OP050,East Pit,50.07,25.58,58.7,42.5,2.37,21.1,1.957,0
2025-08-08,TR005,OP027,Crusher,25.15,16.72,30.8,133.9,0.69,36.6,1.504,0
2025-05-25,TR017,OP009,South Pit,37.89,18.94,36.0,187.0,1.08,35.1,2.001,0
2025-10-07,TR029,OP027,Crusher,60.67,19.35,7.3,62.9,1.76,34.5,3.135,0
2025-09-21,TR017,OP013,East Pit,47.13,21.5,15.1,43.6,1.53,30.7,2.192,0
2025-04-13,TR019,OP001,South Pit,11.71,14.73,75.4,94.3,0.35,33.5,0.795,0
2025-05-30,TR008,OP009,Crusher,20.83,16.34,62.7,69.6,0.93,22.5,1.275,0
2025-02-12,TR009,OP013,West Pit,87.44,41.97,52.5,65.7,2.7,32.4,2.083,0
2025-06-15,TR011,OP001,East Pit,59.67,29.62,69.6,44.9,1.73,34.5,2.015,0
2025-06-12,TR015,OP010,East Pit,104.47,39.19,52.6,100.3,3.43,30.4,2.666,0
2025-06-15,TR009,OP036,South Pit,40.36,27.19,88.5,173.9,2.04,19.8,1.484,0
2025-07-16,TR016,OP029,North Pit,10.51,5.0,12.6,192.8,0.37,28.2,2.102,0
2025-07-10,TR001,OP012,Crusher,116.13,60.14,55.2,230.6,3.67,31.6,1.931,0
2025-04-15,TR002,OP012,North Pit,8.28,7.23,55.2,50.2,0.33,25.3,1.145,0
2025-05-14,TR027,OP017,North Pit,89.22,51.09,10.8,154.5,3.55,25.2,1.746,0
2025-08-24,TR013,OP032,North Pit,69.25,31.46,10.7,74.9,2.14,32.4,2.201,0
2025-03-13,TR011,OP047,Crusher,13.45,9.54,60.1,146.7,0.58,23.4,1.41,0
2025-11-05,TR003,OP031,South Pit,13.45,14.74,87.7,192.6,0.61,22.1,0.912,0
2025-06-19,TR015,OP023,North Pit,53.09,36.48,66.2,173.6,1.71,31.1,1.455,0
2025-02-27,TR015,OP045,North Pit,113.48,66.76,65.7,208.7,3.25,34.9,1.7,0
2025-11-05,TR005,OP040,North Pit,42.2,27.2,68.0,89.0,2.17,19.5,1.551,0
2025-04-22,TR008,OP035,East Pit,32.09,15.79,42.4,154.5,1.42,22.5,2.032,0
2025-11-02,TR028,OP022,South Pit,18.5,10.12,14.6,169.0,0.84,22.0,1.828,0
2025-07-11,TR003,OP012,Stockpile,89.28,38.32,57.2,56.2,2.49,35.9,2.33,0
2025-04-09,TR018,OP013,East Pit,19.81,15.25,85.8,94.8,0.89,22.2,1.299,0
2025-11-25,TR015,OP003,North Pit,17.79,9.27,60.1,94.4,0.6,29.6,1.919,0
2025-09-08,TR005,OP012,South Pit,109.74,58.61,71.1,209.3,3.79,28.9,1.872,0
2025-11-17,TR005,OP017,North Pit,10.19,11.18,58.4,60.6,0.49,21.0,0.911,0
2025-03-16,TR010,OP027,East Pit,23.84,20.03,66.5,176.7,1.02,23.3,1.19,0
2025-08-20,TR012,OP013,East Pit,62.05,28.56,43.6,121.5,2.12,29.3,2.173,0
2025-05-30,TR017,OP046,East Pit,14.87,8.86,18.9,188.3,0.62,23.9,1.678,0
2025-02-20,TR007,OP041,North Pit,119.83,71.5,89.0,123.1,6.5,18.4,1.676,0
2025-09-28,TR007,OP028,West Pit,13.65,12.21,49.7,128.5,0.75,18.1,1.118,0
2025-09-07,TR013,OP022,West Pit,34.73,20.48,32.0,85.0,0.97,35.8,1.696,0
2025-04-03,TR015,OP050,South Pit,84.74,29.97,25.7,168.5,2.68,31.6,2.827,0
2025-05-07,TR012,OP004,East Pit,14.07,10.02,15.3,156.0,0.76,18.5,1.404,0
2025-09-23,TR024,OP029,North Pit,72.02,28.7,27.4,155.3,2.12,33.9,2.509,0
2025-02-20,TR008,OP028,Crusher,97.24,49.12,9.2,221.8,2.66,36.6,1.98,0
2025-11-04,TR018,OP030,Crusher,60.14,30.76,65.7,66.7,1.87,32.2,1.955,0
2025-04-17,TR003,OP011,East Pit,59.41,33.87,81.6,168.3,2.93,20.3,1.754,0
2025-06-08,TR011,OP050,South Pit,48.9,54.1,32.3,55.6,2.03,24.0,0.904,1
2025-11-25,TR002,OP009,West Pit,57.69,23.93,19.7,74.1,1.86,31.0,2.411,0
2025-02-04,TR025,OP001,East Pit,101.09,33.21,23.6,70.3,4.19,24.1,3.044,0
2025-02-21,TR025,OP033,South Pit,9.77,7.92,44.5,100.3,0.52,18.8,1.234,0
2025-11-04,TR004,OP034,East Pit,101.1,39.46,14.8,118.1,4.83,20.9,2.562,0
2025-02-09,TR004,OP026,East Pit,46.32,26.24,65.9,215.3,1.23,37.7,1.765,0
2025-02-16,TR005,OP019,South Pit,71.64,32.81,69.3,121.7,2.06,34.7,2.183,0
2025-07-09,TR029,OP006,Stockpile,63.66,39.46,72.1,123.5,2.26,28.1,1.613,0
2025-08-25,TR017,OP021,South Pit,62.41,30.91,62.6,138.9,3.35,18.6,2.019,0
2025-08-01,TR004,OP010,Crusher,67.8,24.55,26.4,198.2,2.13,31.8,2.762,0
2025-10-12,TR010,OP027,West Pit,110.8,52.33,65.1,43.3,3.91,28.3,2.117,0
2025-10-07,TR013,OP027,East Pit,109.29,37.94,28.2,224.4,5.65,19.3,2.881,0
2025-10-04,TR006,OP040,Crusher,44.18,25.17,15.2,84.1,1.42,31.1,1.755,0
2025-07-14,TR018,OP024,West Pit,16.82,17.11,87.7,77.3,0.52,32.4,0.983,0
2025-10-05,TR018,OP042,South Pit,83.45,45.54,14.2,111.2,2.44,34.2,1.832,0
2025-04-07,TR028,OP018,West Pit,116.32,67.56,48.0,212.6,3.48,33.4,1.722,0
2025-02-11,TR024,OP043,South Pit,112.96,96.88,70.5,190.2,4.75,23.8,1.166,1
2025-07-27,TR026,OP044,West Pit,72.18,32.24,44.7,101.7,2.12,34.0,2.239,0
2025-01-10,TR010,OP038,Crusher,117.03,50.55,32.1,84.7,4.43,26.4,2.315,0
2025-02-03,TR030,OP010,East Pit,39.56,16.35,44.0,193.2,1.51,26.1,2.42,0
2025-04-26,TR014,OP004,South Pit,113.04,43.71,55.8,148.3,3.98,28.4,2.586,0
2025-06-06,TR029,OP029,West Pit,78.04,34.29,68.7,234.8,3.47,22.5,2.276,0
2025-09-04,TR026,OP038,East Pit,24.33,14.06,17.7,175.2,0.68,36.0,1.73,0
2025-03-08,TR029,OP035,South Pit,51.72,24.44,52.2,228.7,1.68,30.8,2.116,0
2025-11-30,TR015,OP029,West Pit,58.12,24.31,39.4,67.3,1.66,35.1,2.391,0
2025-09-09,TR009,OP041,West Pit,46.88,20.46,58.0,137.0,1.31,35.9,2.291,0
2025-01-04,TR015,OP018,South Pit,17.84,6.57,8.8,61.6,0.66,27.1,2.715,0
2025-10-07,TR015,OP050,East Pit,82.7,39.22,41.3,160.3,2.25,36.7,2.109,0
2025-10-31,TR003,OP010,South Pit,82.58,43.94,71.3,215.2,4.57,18.1,1.879,0
2025-03-01,TR004,OP021,North Pit,66.47,38.37,86.1,63.1,2.12,31.3,1.732,0
2025-06-16,TR028,OP029,West Pit,88.31,37.9,53.7,114.9,2.46,35.9,2.33,0
2025-12-25,TR004,OP015,Stockpile,81.17,25.49,11.1,97.9,4.27,19.0,3.184,0
2025-08-28,TR005,OP002,East Pit,81.68,37.78,53.5,148.6,3.49,23.4,2.162,0
2025-07-23,TR028,OP019,South Pit,64.21,37.6,67.8,172.5,3.38,19.0,1.708,0
2025-06-23,TR004,OP038,West Pit,25.96,11.35,24.5,57.4,0.93,28.0,2.287,0
2025-07-04,TR015,OP039,South Pit,23.47,11.92,8.7,119.0,0.87,27.1,1.969,0
2025-03-15,TR014,OP005,West Pit,74.37,26.25,25.2,57.0,3.83,19.4,2.833,0
2025-06-28,TR029,OP023,Stockpile,47.42,24.91,6.7,96.2,1.68,28.3,1.904,0
2025-06-05,TR021,OP037,Crusher,45.84,21.35,40.9,75.9,1.25,36.7,2.147,0
2025-10-27,TR013,OP009,Stockpile,30.29,11.8,24.3,236.3,0.86,35.2,2.567,0
2025-02-11,TR002,OP017,Crusher,10.13,13.07,69.5,167.6,0.28,36.3,0.775,0
2025-10-04,TR011,OP049,Crusher,30.98,14.39,15.8,77.6,0.88,35.1,2.153,0
2025-11-13,TR013,OP046,Stockpile,110.52,54.66,22.1,206.2,4.4,25.1,2.022,0
2025-12-12,TR008,OP036,West Pit,64.92,31.03,61.5,44.5,1.99,32.6,2.092,0
2025-05-16,TR019,OP046,East Pit,15.64,6.38,7.7,140.9,0.47,33.6,2.451,0
2025-10-11,TR019,OP018,East Pit,65.33,34.76,15.0,40.0,1.75,37.3,1.879,0
2025-12-11,TR028,OP045,South Pit,93.93,45.9,88.6,115.7,4.78,19.7,2.046,0
2025-06-26,TR026,OP020,South Pit,23.01,9.55,36.8,235.6,0.95,24.3,2.409,0
2025-04-27,TR009,OP041,Crusher,17.45,10.27,53.9,230.5,0.63,27.5,1.699,0
2025-04-27,TR010,OP015,West Pit,71.03,26.98,28.2,128.9,2.07,34.3,2.633,0
2025-02-24,TR019,OP005,Crusher,88.73,30.59,15.3,179.9,2.79,31.8,2.901,0
2025-06-25,TR013,OP014,North Pit,62.94,36.83,55.3,214.7,1.83,34.4,1.709,0
2025-09-03,TR002,OP039,Crusher,51.74,24.66,69.0,102.9,2.64,19.6,2.098,0
2025-02-20,TR029,OP014,North Pit,72.45,38.25,65.7,176.6,3.13,23.2,1.894,0
2025-08-05,TR003,OP001,Stockpile,69.56,38.12,39.3,121.9,2.44,28.5,1.825,0
2025-08-09,TR009,OP042,North Pit,82.93,39.81,9.3,73.7,3.55,23.3,2.083,0
2025-07-03,TR016,OP024,North Pit,44.02,24.82,88.0,230.1,1.66,26.6,1.774,0
2025-05-18,TR013,OP036,West Pit,74.07,37.7,75.7,165.0,2.52,29.4,1.965,0
2025-12-25,TR029,OP002,North Pit,36.26,15.75,36.9,116.6,1.04,34.8,2.302,0
2025-09-03,TR029,OP029,East Pit,49.41,26.12,39.0,64.3,2.73,18.1,1.892,0
2025-10-28,TR027,OP039,Stockpile,85.24,41.32,41.7,208.0,2.57,33.2,2.063,0
2025-03-23,TR026,OP015,West Pit,100.58,36.69,18.1,239.5,3.9,25.8,2.741,0
2025-05-10,TR020,OP041,South Pit,56.35,33.71,74.4,42.0,2.04,27.6,1.672,0
2025-11-26,TR007,OP024,West Pit,101.15,39.61,69.6,147.7,4.71,21.5,2.554,0
2025-12-26,TR012,OP039,West Pit,102.17,45.81,22.4,214.6,3.61,28.3,2.23,0
2025-10-01,TR020,OP016,Stockpile,77.25,39.96,55.8,93.7,2.91,26.6,1.933,0
2025-04-15,TR012,OP024,West Pit,25.98,15.18,73.5,140.3,0.69,37.6,1.711,0
2025-02-23,TR015,OP023,North Pit,107.4,41.27,83.1,96.2,3.85,27.9,2.602,0
2025-12-15,TR013,OP013,Stockpile,95.19,39.47,55.5,213.2,4.35,21.9,2.412,0
2025-10-06,TR020,OP001,East Pit,41.74,24.55,79.3,111.2,1.15,36.3,1.7,0
2025-08-10,TR013,OP031,Stockpile,22.07,16.81,74.1,51.0,0.68,32.4,1.313,0
2025-08-03,TR017,OP041,North Pit,47.52,26.91,89.8,170.8,1.35,35.2,1.766,0
2025-11-15,TR002,OP035,East Pit,80.32,56.4,88.1,99.6,3.13,25.7,1.424,0
2025-05-31,TR011,OP023,West Pit,87.3,29.58,26.0,146.1,3.98,21.9,2.951,0
2025-01-17,TR008,OP016,East Pit,75.57,35.46,34.2,165.4,2.07,36.5,2.131,0
2025-02-18,TR027,OP015,East Pit,75.51,34.29,61.0,233.3,2.4,31.5,2.202,0
2025-02-24,TR022,OP050,East Pit,110.45,55.02,84.0,161.1,3.66,30.2,2.007,0
2025-11-21,TR014,OP013,North Pit,67.22,25.95,57.4,199.8,2.95,22.8,2.59,0
2025-11-17,TR018,OP048,Stockpile,42.58,20.57,61.2,47.1,1.27,33.6,2.07,0
2025-05-21,TR003,OP050,East Pit,86.51,44.07,53.4,195.8,2.31,37.5,1.963,0
2025-05-21,TR028,OP038,Crusher,91.38,34.02,60.0,228.7,2.94,31.1,2.686,0
2025-04-21,TR016,OP021,West Pit,114.91,62.89,50.4,49.4,4.64,24.8,1.827,0
2025-08-08,TR017,OP039,North Pit,84.71,41.62,83.2,170.9,4.36,19.4,2.035,0
2025-09-17,TR021,OP022,North Pit,31.91,21.27,68.6,118.7,1.14,28.1,1.5,0
2025-10-03,TR012,OP043,West Pit,85.58,44.48,60.7,190.8,2.45,35.0,1.924,0
2025-12-09,TR029,OP047,Crusher,48.08,30.74,81.0,232.7,1.76,27.4,1.564,0
2025-05-05,TR028,OP022,Crusher,90.93,47.42,76.9,211.1,4.33,21.0,1.918,0
2025-11-26,TR001,OP037,North Pit,106.24,39.92,58.1,165.7,3.04,35.0,2.661,0
2025-06-16,TR019,OP027,Stockpile,55.84,31.32,48.8,192.2,1.87,29.8,1.783,0
2025-09-30,TR013,OP030,West Pit,48.6,18.97,6.6,212.9,2.32,21.0,2.562,0
2025-02-02,TR018,OP014,Stockpile,40.66,27.56,48.3,172.2,1.98,20.6,1.475,0
2025-09-28,TR015,OP034,Crusher,46.94,17.95,9.4,139.5,1.27,36.9,2.615,0
2025-02-22,TR015,OP034,East Pit,49.55,26.78,61.8,184.5,1.39,35.7,1.85,0
2025-10-05,TR007,OP016,West Pit,71.75,29.22,45.2,101.8,1.93,37.2,2.456,0
2025-09-25,TR003,OP013,East Pit,106.21,34.83,25.0,219.8,3.6,29.5,3.049,0
2025-03-15,TR005,OP001,South Pit,64.47,32.49,39.5,101.0,2.95,21.9,1.984,0
2025-07-23,TR009,OP014,North Pit,22.51,15.44,38.9,116.0,0.75,29.9,1.458,0
2025-02-18,TR014,OP013,West Pit,34.82,17.5,42.7,198.9,1.18,29.4,1.99,0
2025-11-28,TR027,OP004,Stockpile,8.61,12.77,84.8,172.1,0.26,32.8,0.674,0
2025-06-09,TR003,OP014,Stockpile,64.48,50.61,42.9,204.9,2.3,28.0,1.274,1
2025-08-15,TR018,OP010,North Pit,66.68,32.46,87.2,173.0,2.0,33.3,2.054,0
2025-11-19,TR004,OP029,West Pit,83.3,42.11,43.0,154.6,3.74,22.3,1.978,0
2025-07-24,TR002,OP010,West Pit,33.35,20.82,26.6,154.6,0.94,35.4,1.602,0
2025-09-10,TR022,OP020,South Pit,87.76,37.08,52.6,94.2,2.76,31.8,2.367,0
2025-05-05,TR011,OP042,North Pit,85.51,38.22,55.4,184.2,3.37,25.3,2.237,0
2025-11-25,TR017,OP001,North Pit,36.21,12.67,14.2,112.6,1.71,21.2,2.858,0
2025-09-28,TR017,OP044,East Pit,13.47,7.59,22.8,128.7,0.36,37.5,1.775,0
2025-03-28,TR023,OP006,East Pit,42.55,30.23,71.2,58.2,1.32,32.3,1.408,0
2025-10-21,TR006,OP046,East Pit,113.47,54.97,59.1,57.4,3.7,30.7,2.064,0
2025-01-29,TR016,OP004,South Pit,30.64,11.2,17.3,106.7,0.93,33.0,2.736,0
2025-03-26,TR005,OP047,East Pit,36.55,19.02,73.1,189.6,1.58,23.1,1.922,0
2025-06-22,TR006,OP003,Crusher,74.04,28.43,28.4,80.0,1.97,37.6,2.604,0
2025-03-09,TR011,OP016,Crusher,67.25,23.92,39.2,122.4,2.66,25.3,2.811,0
2025-03-21,TR008,OP011,Stockpile,39.46,18.92,32.3,93.5,1.86,21.2,2.086,0
2025-08-25,TR023,OP006,South Pit,95.51,38.58,85.6,82.0,4.07,23.5,2.476,0
2025-03-16,TR014,OP019,Crusher,22.72,11.11,40.8,210.2,0.81,28.0,2.045,0
2025-04-18,TR009,OP007,North Pit,93.48,37.31,54.6,193.3,3.02,31.0,2.505,0
2025-02-19,TR023,OP003,Stockpile,23.83,15.85,52.9,231.1,0.91,26.2,1.503,0
2025-06-13,TR007,OP047,South Pit,94.52,51.86,79.2,134.6,3.59,26.3,1.823,0
2025-08-14,TR019,OP036,South Pit,113.01,36.5,48.8,93.1,5.71,19.8,3.096,0
2025-12-01,TR024,OP020,North Pit,62.25,26.92,39.6,102.0,1.98,31.4,2.312,0
2025-07-25,TR017,OP002,South Pit,31.9,17.67,84.9,120.3,1.57,20.3,1.805,0
2025-03-30,TR020,OP018,Crusher,61.07,39.73,82.5,174.8,2.46,24.9,1.537,0
2025-10-08,TR002,OP029,South Pit,74.41,43.46,57.3,47.9,3.14,23.7,1.712,0
2025-04-28,TR025,OP047,South Pit,88.9,50.63,37.3,204.7,2.37,37.6,1.756,0
2025-05-22,TR002,OP027,South Pit,25.99,16.14,49.1,69.1,0.68,38.0,1.61,0
2025-03-21,TR016,OP020,West Pit,19.54,13.44,61.2,230.1,0.62,31.5,1.454,0
2025-08-24,TR028,OP019,Crusher,85.1,34.96,57.7,115.5,3.23,26.3,2.434,0
2025-01-01,TR025,OP013,Stockpile,75.06,41.3,68.7,42.3,2.34,32.0,1.817,0
2025-06-20,TR012,OP049,Stockpile,105.68,48.08,7.2,176.7,2.94,35.9,2.198,0
2025-08-13,TR020,OP041,Stockpile,104.34,46.59,55.8,46.4,4.98,20.9,2.24,0
2025-06-18,TR001,OP006,South Pit,102.16,57.03,12.0,55.3,2.72,37.5,1.791,0
2025-06-30,TR016,OP048,North Pit,81.27,30.15,88.8,59.2,3.03,26.8,2.696,0
2025-10-21,TR030,OP030,North Pit,18.32,7.57,19.8,204.5,0.49,37.6,2.42,0
2025-06-28,TR004,OP014,South Pit,32.47,16.01,30.3,223.1,1.6,20.3,2.028,0
2025-01-20,TR011,OP045,Crusher,30.99,22.56,65.8,213.8,0.82,37.7,1.374,0
2025-05-20,TR023,OP049,Stockpile,25.97,16.56,53.9,61.0,0.8,32.6,1.568,0
2025-01-14,TR012,OP039,Crusher,29.9,17.29,36.7,61.7,1.18,25.3,1.729,0
2025-05-07,TR023,OP027,North Pit,93.32,46.26,25.3,106.4,2.65,35.2,2.017,0
2025-09-28,TR004,OP044,North Pit,81.3,42.78,85.4,187.7,2.29,35.4,1.9,0
2025-03-10,TR029,OP034,Stockpile,72.6,28.68,6.6,131.8,2.12,34.2,2.531,0
2025-01-08,TR020,OP026,East Pit,98.49,56.72,44.5,122.5,3.53,27.9,1.736,0
2025-05-25,TR016,OP012,West Pit,76.68,39.52,85.7,230.3,4.12,18.6,1.94,0
2025-11-07,TR021,OP005,Stockpile,40.8,20.37,88.3,217.1,1.33,30.7,2.003,0
2025-02-17,TR026,OP021,Crusher,56.45,22.03,23.6,89.5,1.71,33.1,2.562,0
2025-10-21,TR006,OP024,South Pit,34.98,17.92,31.9,174.8,1.23,28.4,1.952,0
2025-09-19,TR017,OP047,Crusher,10.0,8.96,38.9,127.0,0.45,22.2,1.116,0
2025-08-23,TR025,OP019,East Pit,78.88,44.68,51.6,202.7,2.62,30.1,1.765,0
2025-05-06,TR010,OP046,West Pit,24.83,15.43,56.1,82.4,0.82,30.3,1.609,0
2025-08-06,TR009,OP021,East Pit,30.92,12.33,12.2,170.9,1.09,28.3,2.508,0
2025-06-19,TR026,OP047,Stockpile,38.08,15.78,25.0,77.1,1.93,19.8,2.413,0
2025-02-01,TR001,OP010,Stockpile,85.6,39.86,47.9,86.4,2.31,37.1,2.148,0
2025-08-15,TR008,OP013,Stockpile,80.93,45.66,76.7,117.5,2.17,37.3,1.772,0
2025-09-19,TR007,OP027,Stockpile,52.23,24.28,24.2,206.8,1.45,35.9,2.151,0
2025-11-19,TR005,OP040,Stockpile,23.87,11.17,35.7,67.8,1.04,23.0,2.137,0
2025-11-11,TR003,OP002,Stockpile,61.36,36.06,60.1,105.3,1.83,33.6,1.702,0
2025-01-17,TR016,OP033,North Pit,49.84,30.28,89.1,63.6,2.15,23.2,1.646,0
2025-06-21,TR026,OP011,Stockpile,71.84,39.08,76.9,116.8,2.84,25.3,1.838,0
2025-09-15,TR019,OP009,South Pit,32.4,18.83,60.5,168.1,0.91,35.5,1.721,0
2025-05-09,TR006,OP028,Crusher,56.42,27.19,19.9,221.0,2.15,26.2,2.075,0
2025-11-28,TR012,OP033,Stockpile,39.34,19.69,88.4,153.2,1.04,37.8,1.998,0
2025-04-14,TR027,OP014,North Pit,65.68,23.54,25.2,213.8,2.96,22.2,2.79,0
2025-08-22,TR003,OP040,Crusher,109.22,41.07,17.0,232.1,4.26,25.6,2.659,0
2025-10-09,TR007,OP009,West Pit,117.17,68.27,82.8,102.8,5.4,21.7,1.716,0
2025-07-25,TR001,OP022,East Pit,116.43,46.37,75.9,90.8,5.92,19.7,2.511,0
2025-01-11,TR008,OP026,West Pit,61.0,21.73,42.8,193.8,2.4,25.4,2.807,0
2025-08-27,TR009,OP047,Crusher,100.32,32.02,7.2,144.0,4.94,20.3,3.133,0
2025-03-25,TR015,OP046,North Pit,109.86,42.82,21.4,71.9,3.94,27.9,2.566,0
2025-07-08,TR029,OP039,North Pit,116.19,120.5,35.8,96.4,5.14,22.6,0.964,1
2025-08-26,TR020,OP020,Stockpile,59.99,39.91,56.3,76.2,1.65,36.4,1.503,0
2025-09-07,TR002,OP041,Stockpile,94.93,35.55,61.0,95.7,2.79,34.0,2.67,0
2025-04-15,TR024,OP026,North Pit,100.72,41.1,67.8,212.2,3.21,31.4,2.451,0
2025-07-15,TR023,OP018,Crusher,15.57,9.88,26.8,164.2,0.41,37.7,1.576,0
2025-08-23,TR012,OP032,South Pit,89.1,40.44,84.1,233.8,3.24,27.5,2.203,0
2025-04-06,TR023,OP021,East Pit,8.69,4.31,7.4,180.6,0.26,33.0,2.016,0
2025-02-02,TR021,OP040,North Pit,114.8,49.64,48.1,210.2,5.22,22.0,2.313,0
2025-06-21,TR014,OP037,East Pit,113.24,66.53,41.7,47.7,3.88,29.2,1.702,0
2025-07-07,TR004,OP007,Stockpile,23.14,13.28,90.0,210.7,0.79,29.1,1.742,0
2025-04-28,TR005,OP023,East Pit,24.74,13.89,57.1,145.7,0.76,32.4,1.781,0
2025-06-05,TR016,OP037,East Pit,67.75,39.3,63.8,156.6,2.41,28.1,1.724,0
2025-11-03,TR022,OP007,North Pit,100.08,49.14,66.3,138.6,3.47,28.9,2.037,0
2025-02-02,TR030,OP041,South Pit,32.31,16.22,39.1,170.3,1.35,23.9,1.992,0
2025-04-19,TR010,OP026,Crusher,82.71,54.39,61.4,156.3,3.61,22.9,1.521,0
2025-04-03,TR006,OP043,South Pit,79.25,37.24,78.1,182.0,2.94,27.0,2.128,0
2025-08-09,TR011,OP039,East Pit,119.19,53.32,5.3,139.7,3.31,36.0,2.235,0
2025-03-19,TR024,OP025,South Pit,88.92,29.86,37.0,62.3,3.45,25.8,2.978,0
2025-07-19,TR028,OP029,North Pit,71.47,23.48,37.1,165.8,2.21,32.4,3.044,0
2025-03-08,TR019,OP019,Crusher,51.59,25.09,40.8,148.9,2.49,20.7,2.056,0
2025-08-24,TR030,OP022,North Pit,117.22,41.0,73.2,196.9,3.68,31.9,2.859,0
2025-09-24,TR004,OP049,South Pit,89.43,75.03,68.0,238.0,3.46,25.9,1.192,1
2025-09-28,TR021,OP024,Crusher,22.25,14.09,55.8,186.1,0.8,27.8,1.579,0
2025-07-01,TR010,OP036,West Pit,114.96,52.04,83.4,70.9,4.13,27.9,2.209,0
2025-02-05,TR001,OP031,Crusher,108.16,61.38,83.7,136.3,3.49,31.0,1.762,0
2025-07-27,TR011,OP010,South Pit,73.37,27.39,44.3,127.6,2.9,25.3,2.679,0
2025-11-04,TR029,OP033,Stockpile,103.56,51.76,87.5,120.6,4.49,23.1,2.001,0
2025-12-29,TR007,OP007,Stockpile,48.94,22.31,79.2,210.4,2.11,23.2,2.194,0
2025-07-04,TR030,OP003,South Pit,45.93,24.12,6.4,159.3,1.88,24.4,1.904,0
2025-01-26,TR008,OP040,West Pit,88.7,56.84,72.1,174.1,2.55,34.8,1.561,0
2025-03-13,TR020,OP034,North Pit,32.7,18.96,17.5,148.1,1.27,25.7,1.725,0
2025-03-27,TR010,OP031,Crusher,11.77,6.7,7.2,185.0,0.64,18.3,1.757,0
2025-09-14,TR030,OP020,West Pit,75.05,35.12,15.5,69.2,4.03,18.6,2.137,0
2025-03-16,TR006,OP040,North Pit,92.65,50.95,49.0,198.0,2.55,36.4,1.818,0
2025-10-04,TR027,OP022,East Pit,25.88,16.1,86.8,202.1,0.82,31.6,1.607,0
2025-04-29,TR019,OP002,East Pit,80.75,27.55,21.7,75.0,2.95,27.4,2.931,0
2025-11-28,TR029,OP047,West Pit,72.09,29.72,34.3,153.0,2.77,26.0,2.426,0
2025-06-06,TR007,OP041,Stockpile,31.36,23.09,88.8,153.8,0.84,37.2,1.358,0
2025-10-05,TR019,OP046,West Pit,68.4,34.38,71.1,227.1,1.93,35.4,1.99,0
2025-07-30,TR007,OP032,North Pit,37.28,14.41,48.4,89.8,1.76,21.2,2.587,0
2025-06-04,TR005,OP026,East Pit,61.71,24.73,72.4,209.0,1.67,37.0,2.495,0
2025-04-03,TR005,OP008,South Pit,60.7,36.37,90.0,151.1,3.26,18.6,1.669,0
2025-05-16,TR014,OP023,North Pit,104.5,49.6,90.0,80.2,4.69,22.3,2.107,0
2025-04-30,TR028,OP030,Crusher,33.8,14.73,11.9,175.0,1.28,26.3,2.295,0
2025-03-07,TR030,OP017,Crusher,15.7,9.61,22.6,122.3,0.44,35.3,1.634,0
2025-08-22,TR020,OP004,West Pit,21.23,16.41,83.1,127.7,0.61,34.7,1.294,0
2025-04-27,TR017,OP042,Crusher,74.67,37.9,78.7,169.2,2.78,26.9,1.97,0
2025-05-16,TR024,OP044,North Pit,59.32,24.05,40.8,205.5,2.86,20.7,2.467,0
2025-12-05,TR022,OP042,South Pit,45.59,20.74,40.2,192.8,2.12,21.5,2.198,0
2025-09-06,TR030,OP013,South Pit,22.49,32.33,49.9,191.2,0.62,36.2,0.696,1
2025-02-16,TR029,OP049,South Pit,39.14,21.74,38.2,82.5,1.96,20.0,1.8,0
2025-09-17,TR002,OP050,East Pit,26.91,13.44,41.9,54.6,0.9,30.0,2.002,0
2025-05-22,TR030,OP019,North Pit,18.84,12.62,49.7,111.7,0.77,24.3,1.493,0
2025-12-30,TR012,OP032,South Pit,75.79,40.68,85.2,64.2,2.68,28.3,1.863,0
2025-01-09,TR001,OP046,Crusher,70.25,22.5,13.3,42.7,2.27,31.0,3.122,0
2025-12-15,TR022,OP032,Stockpile,108.45,84.92,85.9,196.7,5.55,19.5,1.277,1
2025-07-12,TR017,OP025,Stockpile,112.17,44.81,24.1,82.1,3.68,30.4,2.503,0
2025-12-20,TR027,OP010,North Pit,69.46,32.21,48.3,65.8,2.0,34.6,2.156,0
2025-01-29,TR028,OP038,South Pit,30.64,15.83,81.2,83.5,1.29,23.8,1.936,0
2025-10-06,TR027,OP043,East Pit,13.19,11.08,64.5,44.3,0.53,24.7,1.19,0
2025-08-29,TR009,OP029,North Pit,73.42,26.27,16.2,239.1,3.23,22.7,2.795,0
2025-07-21,TR029,OP037,Stockpile,31.89,12.57,10.4,228.0,0.94,33.9,2.537,0
2025-08-08,TR002,OP014,Crusher,42.14,25.6,60.1,155.0,1.73,24.4,1.646,0
2025-05-25,TR014,OP004,East Pit,44.57,21.71,51.8,188.6,1.3,34.4,2.053,0
2025-11-02,TR004,OP050,Stockpile,81.0,44.76,39.1,41.9,2.85,28.4,1.81,0
2025-12-09,TR029,OP018,South Pit,32.86,11.4,11.8,49.3,1.53,21.5,2.882,0
2025-09-10,TR001,OP017,East Pit,117.7,39.57,14.0,136.4,4.8,24.5,2.974,0
2025-04-15,TR001,OP046,Crusher,106.51,39.89,82.0,142.0,3.07,34.7,2.67,0
2025-02-03,TR003,OP019,West Pit,36.94,17.86,16.3,106.1,1.13,32.8,2.068,0
2025-03-23,TR019,OP012,West Pit,89.62,33.14,81.4,206.6,3.13,28.6,2.704,0
2025-12-28,TR021,OP021,West Pit,45.6,22.98,33.6,161.2,2.05,22.3,1.984,0
2025-01-22,TR019,OP038,Stockpile,77.67,27.98,69.3,51.7,2.25,34.5,2.776,0
2025-12-17,TR014,OP016,West Pit,112.85,44.29,82.6,93.0,4.98,22.7,2.548,0
2025-08-23,TR026,OP003,East Pit,79.36,44.86,66.9,45.4,2.32,34.2,1.769,0
2025-09-09,TR002,OP033,Crusher,65.74,26.3,16.9,218.2,1.98,33.2,2.5,0
2025-07-25,TR027,OP047,Crusher,67.21,23.29,19.1,178.3,3.41,19.7,2.886,0
2025-11-11,TR009,OP045,North Pit,62.08,27.85,71.7,124.7,2.03,30.6,2.229,0
2025-06-22,TR010,OP030,West Pit,84.85,35.75,89.3,127.1,2.43,34.9,2.373,0
2025-01-14,TR015,OP019,South Pit,29.3,19.8,42.9,208.4,1.0,29.2,1.48,0
2025-01-10,TR019,OP007,East Pit,79.84,40.51,16.9,109.7,3.09,25.8,1.971,0
2025-04-21,TR026,OP011,Crusher,13.6,10.78,63.9,45.7,0.43,31.6,1.262,0
2025-05-07,TR022,OP032,South Pit,106.45,42.62,50.0,127.6,3.2,33.3,2.498,0
2025-11-22,TR017,OP003,South Pit,70.72,33.86,88.0,145.1,2.06,34.3,2.089,0
2025-12-08,TR016,OP013,Crusher,97.35,30.87,20.2,137.5,3.0,32.5,3.154,0
2025-03-14,TR025,OP037,Crusher,23.14,14.59,75.3,142.9,1.22,19.0,1.586,0
2025-04-16,TR018,OP017,Stockpile,97.38,35.42,37.1,125.9,5.4,18.0,2.749,0
2025-11-14,TR015,OP001,West Pit,87.05,48.21,48.5,189.8,2.86,30.4,1.806,0
2025-04-08,TR003,OP029,Crusher,71.84,24.67,32.8,157.3,2.07,34.6,2.912,0
2025-06-27,TR030,OP010,North Pit,68.18,38.57,39.3,110.9,2.99,22.8,1.768,0
2025-01-16,TR024,OP005,West Pit,64.69,23.32,35.4,210.5,2.36,27.5,2.774,0
2025-06-19,TR012,OP026,East Pit,26.7,20.98,83.0,152.4,1.48,18.1,1.273,0
2025-02-24,TR021,OP008,Stockpile,77.77,38.98,44.1,65.7,3.27,23.8,1.995,0
2025-05-14,TR010,OP017,West Pit,68.69,31.62,54.0,113.6,3.22,21.3,2.172,0
2025-06-13,TR029,OP018,Crusher,34.62,18.92,40.9,47.7,1.14,30.5,1.83,0
2025-03-14,TR010,OP042,East Pit,100.49,37.25,73.0,125.6,3.79,26.5,2.698,0
2025-03-10,TR001,OP048,North Pit,39.27,18.44,69.0,154.7,1.39,28.2,2.13,0
2025-12-06,TR012,OP040,East Pit,14.27,8.1,30.1,133.6,0.5,28.5,1.762,0
2025-03-25,TR026,OP027,West Pit,95.05,44.41,81.9,189.6,4.88,19.5,2.14,0
2025-12-10,TR017,OP023,East Pit,72.3,27.38,42.7,133.3,3.06,23.7,2.641,0
2025-06-15,TR028,OP036,East Pit,50.39,16.65,16.6,68.6,1.55,32.5,3.026,0
2025-07-22,TR019,OP047,Crusher,35.21,13.24,20.9,51.7,1.08,32.5,2.659,0
2025-05-26,TR022,OP028,West Pit,26.21,14.14,24.2,58.1,1.39,18.9,1.854,0
2025-05-19,TR021,OP045,Crusher,58.87,33.49,45.1,218.5,2.1,28.1,1.758,0
2025-02-27,TR002,OP037,East Pit,93.77,42.3,19.5,202.5,3.1,30.2,2.217,0
2025-10-27,TR024,OP049,Stockpile,72.75,34.72,29.4,167.3,2.65,27.5,2.095,0
2025-07-23,TR029,OP016,East Pit,15.35,12.33,83.0,192.6,0.5,31.0,1.245,0
2025-07-11,TR010,OP012,Crusher,18.42,7.09,20.0,72.4,0.61,30.0,2.598,0
2025-11-04,TR025,OP017,West Pit,9.36,5.6,47.2,55.4,0.27,34.8,1.671,0
2025-09-24,TR006,OP004,West Pit,82.81,45.92,88.7,150.6,2.24,37.0,1.803,0
2025-12-23,TR025,OP029,East Pit,60.29,26.13,55.2,156.8,2.4,25.1,2.307,0
2025-09-24,TR013,OP019,West Pit,106.72,54.74,28.0,102.1,5.4,19.8,1.95,0
2025-12-25,TR004,OP033,Stockpile,57.8,21.78,5.5,83.0,2.46,23.5,2.654,0
2025-02-27,TR023,OP029,Stockpile,22.35,19.3,88.0,220.4,0.73,30.8,1.158,0
2025-01-10,TR010,OP039,North Pit,26.51,12.27,23.3,116.1,1.12,23.8,2.161,0
2025-11-07,TR006,OP010,South Pit,33.49,15.0,13.9,71.2,1.09,30.8,2.233,0
2025-12-21,TR010,OP009,Crusher,56.57,23.04,47.6,54.2,2.95,19.2,2.455,0
2025-07-18,TR021,OP014,West Pit,86.47,40.89,81.8,227.7,4.13,20.9,2.115,0
2025-02-16,TR018,OP036,South Pit,71.16,31.11,78.5,72.3,3.74,19.0,2.287,0
2025-11-06,TR008,OP044,North Pit,34.09,17.07,47.5,200.6,1.31,26.0,1.997,0
2025-09-29,TR020,OP038,West Pit,54.15,30.38,40.1,159.9,1.75,30.9,1.782,0
2025-11-27,TR028,OP050,East Pit,102.76,50.56,66.4,59.3,4.87,21.1,2.032,0
2025-08-21,TR006,OP042,East Pit,40.51,16.59,21.1,126.0,1.9,21.3,2.442,0
2025-05-12,TR024,OP003,North Pit,33.66,23.55,79.3,198.2,1.32,25.4,1.429,0
2025-09-23,TR016,OP044,East Pit,111.76,55.03,26.3,68.8,3.07,36.4,2.031,0
2025-11-21,TR011,OP043,Stockpile,115.24,40.12,72.6,132.5,3.32,34.7,2.872,0
2025-01-05,TR016,OP021,East Pit,97.06,38.54,53.1,137.7,3.48,27.9,2.518,0
2025-05-31,TR030,OP027,East Pit,31.71,17.31,59.1,81.9,1.4,22.6,1.832,0
2025-07-19,TR030,OP024,East Pit,118.72,56.69,50.6,160.8,3.2,37.1,2.094,0
2025-02-17,TR029,OP028,Crusher,9.58,5.96,26.0,111.1,0.3,32.3,1.607,0
2025-07-11,TR026,OP033,North Pit,38.02,22.65,68.0,233.2,1.88,20.2,1.679,0
2025-04-17,TR002,OP048,South Pit,39.36,20.54,58.1,114.7,1.23,32.0,1.916,0
2025-06-24,TR012,OP028,West Pit,117.02,56.37,89.9,64.6,3.65,32.0,2.076,0
2025-09-14,TR027,OP049,Crusher,33.23,14.36,6.7,85.6,1.07,31.0,2.314,0
2025-05-31,TR015,OP003,East Pit,54.41,23.07,24.2,177.6,2.26,24.1,2.358,0
2025-09-29,TR009,OP007,Crusher,68.35,35.2,63.2,232.0,2.16,31.7,1.942,0
2025-07-20,TR004,OP010,South Pit,54.28,26.51,35.6,162.3,1.88,28.8,2.048,0
2025-05-01,TR007,OP007,East Pit,99.38,32.79,27.6,212.3,3.68,27.0,3.031,0
2025-06-17,TR010,OP044,Crusher,56.93,18.28,8.4,217.3,1.52,37.6,3.114,0
2025-12-19,TR013,OP038,North Pit,66.57,41.37,52.1,188.0,2.03,32.7,1.609,0
2025-09-13,TR025,OP014,Crusher,82.46,38.51,52.7,221.8,2.65,31.1,2.141,0
2025-04-15,TR007,OP016,Crusher,42.19,24.81,72.6,155.0,1.34,31.4,1.701,0
2025-04-28,TR020,OP025,West Pit,38.53,20.79,56.6,190.9,1.62,23.8,1.853,0
2025-10-07,TR016,OP038,South Pit,89.6,46.49,39.5,177.2,2.91,30.8,1.927,0
2025-12-10,TR014,OP006,West Pit,10.78,6.98,26.7,226.4,0.52,20.7,1.544,0
2025-09-09,TR008,OP043,East Pit,27.31,10.26,10.3,121.7,1.07,25.6,2.662,0
2025-11-26,TR022,OP021,East Pit,89.66,37.46,35.2,130.7,2.64,34.0,2.393,0
2025-04-30,TR007,OP011,East Pit,55.81,26.09,80.2,183.9,1.82,30.7,2.139,0
2025-09-08,TR027,OP028,East Pit,68.2,25.96,84.9,210.2,2.14,31.8,2.627,0
2025-03-26,TR028,OP047,Crusher,36.88,13.78,14.0,239.2,1.9,19.4,2.676,0
2025-08-21,TR024,OP010,Crusher,44.68,19.66,35.5,201.8,1.71,26.1,2.273,0
2025-10-11,TR015,OP048,South Pit,45.41,18.55,62.5,115.6,2.07,21.9,2.448,0
2025-11-17,TR015,OP020,Stockpile,112.88,109.8,86.1,160.3,5.26,21.4,1.028,1
2025-08-06,TR019,OP050,West Pit,48.19,21.25,35.7,197.9,1.84,26.1,2.268,0
2025-04-03,TR030,OP025,South Pit,84.19,32.82,46.4,120.0,2.56,32.9,2.565,0
2025-06-09,TR021,OP026,South Pit,96.53,33.31,50.7,80.9,3.47,27.8,2.898,0
2025-04-09,TR008,OP045,Crusher,40.23,15.48,18.9,166.6,1.35,29.9,2.599,0
2025-05-01,TR009,OP022,Stockpile,18.07,13.29,32.4,236.0,0.87,20.7,1.36,0
2025-09-06,TR004,OP028,East Pit,103.19,40.48,69.9,63.7,2.84,36.3,2.549,0
2025-07-09,TR026,OP032,South Pit,31.28,12.43,29.5,61.1,0.95,32.9,2.516,0
2025-04-27,TR025,OP017,South Pit,12.51,8.14,42.6,110.8,0.68,18.4,1.537,0
2025-09-10,TR003,OP023,Stockpile,46.56,26.93,11.5,143.1,1.3,35.9,1.729,0
2025-06-18,TR022,OP004,West Pit,65.12,21.99,40.7,94.3,3.2,20.3,2.961,0
2025-07-25,TR023,OP019,Crusher,33.99,16.94,46.3,127.8,1.72,19.7,2.006,0
2025-09-10,TR027,OP011,North Pit,118.3,56.15,82.3,140.2,4.67,25.3,2.107,0
2025-09-21,TR011,OP048,Crusher,28.92,13.41,68.2,232.2,0.86,33.4,2.157,0
2025-07-11,TR028,OP020,North Pit,8.39,12.77,88.3,220.2,0.27,31.5,0.657,0
2025-11-22,TR025,OP024,East Pit,95.47,51.92,52.0,74.9,2.52,37.9,1.839,0
2025-06-17,TR014,OP007,North Pit,94.19,46.91,47.7,102.7,2.78,33.8,2.008,0
2025-05-12,TR023,OP037,North Pit,21.49,15.68,89.2,165.9,1.13,19.0,1.371,0
2025-02-12,TR026,OP046,Stockpile,71.52,36.08,75.7,163.0,2.3,31.0,1.982,0
2025-01-03,TR012,OP003,East Pit,56.2,37.68,85.0,54.7,1.56,36.1,1.492,0
2025-02-26,TR027,OP004,Stockpile,12.1,6.95,27.7,77.2,0.57,21.3,1.741,0
2025-10-04,TR001,OP042,West Pit,53.73,30.04,71.5,156.0,1.99,27.0,1.789,0
2025-10-02,TR013,OP010,North Pit,113.11,122.62,14.1,55.0,3.41,33.2,0.922,1
2025-01-26,TR005,OP006,North Pit,97.48,34.65,53.3,128.9,3.1,31.4,2.813,0
2025-08-19,TR011,OP003,East Pit,96.5,47.26,45.5,97.9,3.9,24.8,2.042,0
2025-12-20,TR020,OP004,North Pit,67.82,23.25,22.8,72.9,2.64,25.7,2.917,0
2025-02-28,TR013,OP009,Stockpile,23.82,11.5,21.4,174.5,0.65,36.6,2.071,0
2025-07-11,TR016,OP049,Crusher,101.63,37.68,43.7,169.3,5.11,19.9,2.697,0
2025-01-07,TR025,OP030,North Pit,115.37,44.08,13.5,150.6,4.08,28.2,2.617,0
2025-11-06,TR005,OP027,Crusher,79.04,31.94,54.2,140.1,4.1,19.3,2.475,0
2025-10-11,TR029,OP046,North Pit,66.66,37.72,38.3,73.9,2.73,24.4,1.767,0
2025-05-22,TR001,OP043,North Pit,87.36,31.19,73.9,67.9,2.7,32.4,2.801,0
2025-12-16,TR018,OP033,East Pit,91.45,35.81,63.7,201.0,2.59,35.3,2.554,0
2025-01-10,TR008,OP018,East Pit,97.6,40.56,43.7,98.5,2.7,36.1,2.406,0
2025-04-13,TR014,OP020,East Pit,51.71,28.51,72.3,194.3,1.48,34.8,1.814,0
2025-11-16,TR026,OP039,Stockpile,38.22,20.05,63.9,176.3,1.51,25.3,1.906,0
2025-09-12,TR017,OP045,West Pit,110.34,42.54,68.3,69.6,5.66,19.5,2.594,0
2025-09-24,TR024,OP037,Stockpile,61.02,35.57,57.3,79.4,1.74,35.2,1.715,0
2025-05-24,TR021,OP040,West Pit,19.34,9.55,13.3,236.0,0.97,20.0,2.025,0
2025-04-13,TR023,OP039,East Pit,79.42,46.29,65.7,51.0,2.21,36.0,1.716,0
2025-04-29,TR021,OP024,South Pit,78.71,28.27,39.9,83.0,3.42,23.0,2.784,0
2025-09-29,TR016,OP018,Crusher,19.54,18.12,12.0,227.6,0.8,24.3,1.078,1
2025-03-04,TR016,OP029,East Pit,72.71,37.63,8.1,225.2,2.21,32.9,1.932,0
2025-12-22,TR026,OP031,East Pit,34.82,17.69,78.9,68.0,1.14,30.6,1.968,0
2025-06-22,TR030,OP007,West Pit,43.68,36.65,26.2,134.0,1.4,31.1,1.192,1
2025-01-02,TR024,OP011,South Pit,54.82,35.0,83.5,178.1,2.69,20.4,1.566,0
2025-04-18,TR019,OP034,North Pit,110.75,48.37,28.9,181.0,2.98,37.2,2.29,0
2025-04-06,TR018,OP049,North Pit,113.05,60.58,72.4,96.6,3.98,28.4,1.866,0
2025-02-06,TR013,OP014,West Pit,111.66,34.87,21.8,62.0,3.43,32.6,3.202,0
2025-12-11,TR001,OP018,East Pit,43.43,19.8,16.9,137.6,1.42,30.6,2.193,0
2025-05-17,TR004,OP014,North Pit,24.45,15.87,36.8,90.9,1.02,23.9,1.541,0
2025-06-23,TR028,OP022,North Pit,34.54,19.63,72.5,185.3,1.43,24.1,1.76,0
2025-11-29,TR017,OP007,East Pit,48.81,29.16,34.1,146.5,1.61,30.3,1.674,0
2025-02-23,TR012,OP044,East Pit,16.54,15.44,69.0,231.4,0.77,21.6,1.071,0
2025-03-28,TR017,OP049,South Pit,102.92,44.03,23.3,218.3,3.56,28.9,2.337,0
2025-09-07,TR024,OP009,South Pit,21.87,15.47,66.2,179.3,0.69,31.8,1.414,0
2025-04-26,TR023,OP035,Stockpile,33.43,17.67,26.0,54.7,1.18,28.3,1.892,0
2025-09-02,TR012,OP047,South Pit,106.63,54.59,49.1,139.9,4.69,22.7,1.953,0
2025-11-09,TR006,OP003,Stockpile,71.73,43.73,43.0,224.1,2.64,27.2,1.64,0
2025-01-19,TR019,OP012,East Pit,47.4,27.95,75.5,126.1,2.5,18.9,1.696,0
2025-03-25,TR011,OP047,Stockpile,97.08,38.77,77.5,204.8,4.14,23.5,2.504,0
2025-12-29,TR018,OP014,South Pit,85.43,41.13,50.1,107.5,4.64,18.4,2.077,0
2025-01-18,TR008,OP043,South Pit,75.29,45.73,66.5,191.9,2.26,33.3,1.646,0
2025-03-15,TR015,OP023,Crusher,99.02,40.77,53.9,195.8,2.73,36.3,2.429,0
2025-10-09,TR011,OP007,Crusher,57.35,34.05,49.8,234.6,2.09,27.5,1.684,0
2025-11-10,TR028,OP028,North Pit,31.52,16.47,28.9,54.6,1.68,18.8,1.914,0
2025-02-02,TR020,OP033,Stockpile,9.65,5.69,22.9,84.2,0.27,35.6,1.696,0
2025-03-02,TR027,OP040,North Pit,67.18,32.02,9.6,62.7,3.55,18.9,2.098,0
2025-04-30,TR023,OP032,South Pit,8.1,3.81,18.5,105.7,0.4,20.3,2.126,0
2025-01-11,TR030,OP022,North Pit,33.83,17.35,22.7,69.6,1.33,25.4,1.95,0
2025-11-26,TR006,OP040,Crusher,19.29,10.07,27.5,199.4,0.9,21.5,1.916,0
2025-07-26,TR022,OP029,West Pit,39.2,25.86,81.0,90.9,1.37,28.6,1.516,0
2025-10-07,TR008,OP006,South Pit,109.43,42.46,34.9,86.5,2.94,37.2,2.577,0
2025-10-05,TR022,OP037,North Pit,27.59,13.57,41.7,77.7,0.74,37.4,2.033,0
2025-03-15,TR030,OP041,Crusher,106.42,36.29,31.0,42.6,2.83,37.6,2.932,0
2025-01-09,TR023,OP037,East Pit,55.92,32.91,66.1,194.1,1.96,28.5,1.699,0
2025-02-07,TR011,OP028,West Pit,8.61,5.2,39.8,80.4,0.23,37.3,1.656,0
2025-12-27,TR025,OP025,North Pit,60.46,25.26,34.5,219.3,2.44,24.8,2.394,0
2025-02-16,TR027,OP037,South Pit,105.58,105.85,65.0,227.7,4.27,24.7,0.997,1
2025-11-06,TR003,OP020,East Pit,108.86,54.28,35.7,159.7,3.52,31.0,2.006,0
2025-10-17,TR013,OP025,North Pit,85.74,30.73,48.5,218.8,2.39,35.9,2.79,0
2025-08-21,TR026,OP036,Crusher,10.03,10.14,38.1,155.3,0.36,27.5,0.989,0
2025-08-03,TR015,OP042,Stockpile,82.03,44.31,39.0,152.1,2.21,37.2,1.851,0
2025-12-07,TR027,OP010,North Pit,20.6,15.55,73.0,115.2,0.77,26.7,1.325,0
2025-07-07,TR012,OP030,East Pit,74.21,36.42,31.3,169.5,2.85,26.1,2.038,0
2025-06-20,TR030,OP035,East Pit,40.03,21.2,61.1,110.7,1.64,24.4,1.888,0
2025-02-28,TR026,OP007,South Pit,27.18,18.0,81.3,123.6,1.34,20.3,1.51,0
2025-11-13,TR021,OP001,North Pit,45.81,23.69,27.3,227.5,1.65,27.8,1.934,0
2025-05-29,TR024,OP005,Stockpile,12.77,7.16,37.2,68.3,0.64,19.9,1.784,0
2025-07-18,TR025,OP010,West Pit,94.06,49.67,57.5,116.5,2.79,33.7,1.894,0
2025-07-02,TR023,OP041,South Pit,50.59,19.27,63.0,233.8,1.39,36.4,2.625,0
2025-10-31,TR022,OP014,Crusher,36.93,24.97,62.4,185.7,1.52,24.3,1.479,0
2025-01-15,TR030,OP003,West Pit,119.74,52.04,83.1,128.8,4.1,29.2,2.301,0
2025-09-18,TR019,OP019,East Pit,104.63,40.14,50.9,215.5,5.32,19.7,2.607,0
2025-12-31,TR022,OP020,North Pit,46.08,20.48,39.0,146.8,1.72,26.8,2.25,0
2025-01-27,TR028,OP039,North Pit,59.28,26.1,32.7,215.4,1.83,32.3,2.271,0
2025-01-30,TR030,OP003,South Pit,30.68,9.84,9.8,158.1,0.87,35.4,3.118,0
2025-06-27,TR012,OP014,East Pit,36.1,15.43,52.8,224.4,0.97,37.2,2.34,0
2025-01-11,TR014,OP001,Stockpile,118.27,49.7,33.8,72.4,3.68,32.1,2.38,0
2025-09-07,TR028,OP050,West Pit,102.97,49.18,25.5,209.5,5.44,18.9,2.094,0
2025-02-25,TR012,OP048,Crusher,109.01,38.36,6.0,97.2,5.3,20.6,2.842,0
2025-04-22,TR012,OP014,West Pit,115.12,53.02,51.1,95.8,5.88,19.6,2.171,0
2025-05-26,TR030,OP028,Crusher,114.02,51.63,48.2,149.7,3.54,32.2,2.208,0
2025-07-03,TR029,OP048,South Pit,70.76,36.37,79.2,96.4,2.25,31.4,1.946,0
2025-05-07,TR028,OP025,South Pit,73.48,34.14,62.3,80.6,2.56,28.7,2.152,0
2025-01-18,TR023,OP005,East Pit,64.65,28.71,7.1,155.6,3.04,21.2,2.252,0
2025-05-13,TR022,OP046,South Pit,98.03,43.87,86.9,85.7,5.35,18.3,2.235,0
2025-07-16,TR005,OP046,Stockpile,14.66,10.19,40.5,120.1,0.41,35.8,1.439,0
2025-12-26,TR001,OP006,South Pit,81.71,42.12,34.2,130.8,3.16,25.9,1.94,0
2025-02-07,TR030,OP041,Crusher,32.32,16.89,9.2,124.8,1.28,25.3,1.914,0
2025-02-02,TR022,OP021,Crusher,30.19,15.58,85.3,145.8,0.86,35.2,1.938,0
2025-04-11,TR026,OP002,West Pit,41.97,19.3,39.0,90.2,1.13,37.1,2.175,0
2025-06-07,TR029,OP010,Stockpile,54.27,28.33,39.5,81.2,2.14,25.3,1.916,0
2025-01-08,TR030,OP037,North Pit,40.52,14.48,20.0,219.7,1.41,28.8,2.798,0
2025-02-15,TR023,OP026,West Pit,79.96,42.77,35.4,88.3,3.4,23.5,1.87,0
2025-08-09,TR025,OP047,Crusher,95.26,48.88,5.1,229.1,3.57,26.7,1.949,0
2025-03-22,TR019,OP033,Stockpile,85.41,49.27,67.0,117.2,3.2,26.7,1.734,0
2025-01-25,TR005,OP025,North Pit,107.33,41.31,83.1,231.2,3.0,35.8,2.598,0
2025-04-12,TR012,OP035,Stockpile,113.79,39.66,15.1,108.5,5.21,21.9,2.869,0
2025-12-17,TR004,OP031,East Pit,34.41,21.37,63.6,166.4,1.05,32.6,1.61,0
2025-10-26,TR007,OP050,West Pit,34.61,17.81,26.8,87.5,1.27,27.3,1.943,0
2025-06-02,TR030,OP037,Stockpile,69.0,39.82,60.4,142.1,2.86,24.1,1.733,0
2025-08-18,TR028,OP035,East Pit,15.25,9.88,59.8,123.1,0.44,34.7,1.544,0
2025-07-03,TR021,OP018,North Pit,83.18,32.02,33.2,138.2,4.13,20.2,2.598,0
2025-12-30,TR012,OP012,West Pit,87.19,29.32,22.6,120.4,2.68,32.5,2.974,0
2025-01-13,TR019,OP047,North Pit,53.66,17.39,11.1,110.6,1.45,37.0,3.086,0
2025-03-26,TR007,OP042,South Pit,93.23,33.93,20.1,205.7,3.12,29.8,2.748,0
2025-12-12,TR010,OP041,North Pit,69.74,27.02,38.1,65.4,1.84,38.0,2.581,0
2025-02-09,TR025,OP045,Stockpile,20.57,17.73,86.0,118.8,0.99,20.8,1.16,0
2025-03-20,TR005,OP019,Crusher,74.47,37.29,32.5,70.6,2.31,32.3,1.997,0
2025-12-09,TR019,OP046,North Pit,70.5,32.25,58.8,113.0,1.94,36.4,2.186,0
2025-10-14,TR006,OP041,East Pit,61.38,19.96,27.6,158.3,2.64,23.2,3.075,0
2025-05-05,TR002,OP021,Crusher,43.06,26.81,83.7,221.5,1.19,36.3,1.606,0
2025-05-07,TR017,OP042,West Pit,20.02,12.32,37.8,152.4,0.67,29.8,1.625,0
2025-01-17,TR015,OP046,North Pit,31.55,11.93,12.5,184.3,1.62,19.5,2.645,0
2025-07-02,TR022,OP050,South Pit,76.63,36.98,10.8,100.8,4.11,18.6,2.072,0
2025-01-27,TR023,OP049,Crusher,67.27,35.02,42.2,169.7,2.19,30.6,1.921,0
2025-04-19,TR006,OP025,North Pit,82.34,39.68,55.5,80.7,4.26,19.3,2.075,0
2025-03-08,TR020,OP022,West Pit,61.32,29.49,84.9,134.1,2.49,24.7,2.079,0
2025-05-14,TR004,OP027,East Pit,97.19,35.47,12.3,204.5,2.58,37.7,2.74,0
2025-05-25,TR011,OP044,East Pit,70.24,35.13,29.5,141.3,2.63,26.8,1.999,0
2025-10-04,TR022,OP037,West Pit,64.38,32.73,9.6,237.8,2.4,26.8,1.967,0
2025-05-04,TR017,OP021,North Pit,83.23,31.75,33.5,117.8,3.75,22.2,2.621,0
2025-06-15,TR007,OP016,Crusher,57.59,18.68,5.9,110.1,2.31,24.9,3.083,0
2025-03-03,TR028,OP044,South Pit,53.34,23.79,78.0,77.8,2.42,22.0,2.242,0
2025-02-11,TR029,OP040,East Pit,47.27,24.48,81.5,157.7,2.5,18.9,1.931,0
2025-12-23,TR027,OP011,Crusher,59.92,33.04,48.3,158.6,2.94,20.4,1.814,0
2025-11-23,TR023,OP035,Crusher,26.3,19.14,83.3,95.9,0.69,38.0,1.374,0
2025-10-30,TR023,OP029,West Pit,37.22,23.12,83.7,108.8,1.74,21.5,1.61,0
2025-04-14,TR020,OP039,South Pit,116.75,51.25,44.7,111.7,3.45,33.9,2.278,0
2025-11-13,TR017,OP024,Stockpile,15.63,11.15,36.6,60.2,0.44,35.6,1.402,0
2025-07-25,TR002,OP011,West Pit,51.05,24.16,33.0,151.9,2.68,19.1,2.113,0
2025-02-26,TR020,OP036,West Pit,38.48,17.19,45.7,167.1,1.08,35.5,2.239,0
2025-09-18,TR010,OP001,Stockpile,24.28,15.39,85.0,115.3,1.04,23.4,1.578,0
2025-09-07,TR004,OP019,East Pit,82.01,37.76,50.9,184.2,2.27,36.2,2.172,0
2025-05-13,TR011,OP037,North Pit,77.48,50.74,69.6,63.1,2.05,37.7,1.527,0
2025-04-25,TR014,OP047,Crusher,58.21,30.7,59.2,60.3,1.71,34.0,1.896,0
2025-07-09,TR020,OP034,North Pit,60.3,32.53,76.6,93.3,1.96,30.7,1.854,0
2025-09-08,TR016,OP028,West Pit,113.53,44.32,78.7,213.6,5.01,22.7,2.562,0
2025-11-03,TR026,OP006,South Pit,84.58,49.12,87.2,205.8,3.98,21.2,1.722,0
2025-07-07,TR025,OP012,East Pit,82.48,35.17,56.8,115.3,2.19,37.6,2.345,0
2025-07-29,TR005,OP048,East Pit,102.84,39.73,33.3,159.8,4.04,25.5,2.588,0
2025-08-30,TR018,OP012,West Pit,57.49,31.92,31.6,231.4,2.66,21.6,1.801,0
2025-06-23,TR023,OP047,East Pit,78.78,51.97,87.9,89.7,3.77,20.9,1.516,0
2025-12-04,TR020,OP023,South Pit,32.78,11.55,17.6,41.2,1.33,24.7,2.838,0
2025-09-04,TR012,OP026,North Pit,63.43,27.47,25.7,226.1,2.32,27.3,2.309,0
2025-10-07,TR002,OP011,South Pit,94.74,41.68,77.5,199.1,5.01,18.9,2.273,0
2025-05-15,TR003,OP042,East Pit,57.62,29.77,60.5,212.7,1.53,37.8,1.936,0
2025-03-17,TR022,OP006,Crusher,112.95,58.79,6.2,102.4,3.74,30.2,1.921,0
2025-09-04,TR018,OP020,Crusher,23.75,10.12,21.6,238.0,0.84,28.3,2.347,0
2025-12-20,TR003,OP042,South Pit,49.36,20.15,55.7,148.4,1.36,36.4,2.45,0
2025-02-06,TR002,OP038,North Pit,17.98,10.01,16.5,154.1,0.93,19.2,1.796,0
2025-07-24,TR024,OP046,South Pit,18.89,13.67,72.1,217.4,0.63,30.1,1.382,0
2025-09-06,TR026,OP021,East Pit,86.71,34.58,5.1,165.0,2.45,35.3,2.508,0
2025-09-25,TR020,OP002,North Pit,62.17,28.32,43.0,149.2,2.5,24.9,2.195,0
2025-09-27,TR029,OP049,South Pit,17.82,14.2,86.0,201.9,0.5,35.3,1.255,0
2025-05-04,TR012,OP015,South Pit,37.35,16.59,18.8,112.8,1.02,36.8,2.251,0
2025-11-13,TR001,OP042,Crusher,73.1,40.46,68.2,219.2,2.25,32.5,1.807,0
2025-06-10,TR008,OP027,Crusher,39.05,21.14,36.5,218.3,1.22,32.1,1.847,0
2025-06-11,TR024,OP044,Crusher,42.9,25.37,78.6,62.6,1.14,37.5,1.691,0
2025-01-26,TR028,OP003,North Pit,76.7,23.74,7.4,124.2,3.34,22.9,3.231,0
2025-03-25,TR005,OP015,Stockpile,22.05,16.53,74.5,195.5,0.58,37.9,1.334,0
2025-08-26,TR016,OP048,North Pit,88.19,53.07,69.6,81.7,4.02,21.9,1.662,0
2025-07-07,TR019,OP042,North Pit,37.89,20.74,86.5,173.9,1.0,37.8,1.827,0
2025-08-05,TR002,OP042,North Pit,103.77,46.02,25.2,80.1,4.05,25.6,2.255,0
2025-01-18,TR024,OP044,South Pit,82.78,43.24,26.9,48.1,4.11,20.1,1.914,0
2025-10-09,TR012,OP021,North Pit,114.07,47.27,46.2,189.2,4.44,25.7,2.413,0
2025-03-15,TR015,OP007,West Pit,8.89,5.67,22.0,40.1,0.36,24.8,1.568,0
2025-10-26,TR016,OP047,Crusher,78.27,39.84,47.2,173.9,3.89,20.1,1.965,0
2025-07-24,TR013,OP040,East Pit,34.9,23.77,70.3,208.6,1.08,32.2,1.468,0
2025-05-07,TR027,OP039,Crusher,115.03,47.91,52.3,138.6,3.82,30.1,2.401,0
2025-03-10,TR023,OP013,South Pit,108.97,59.86,45.8,42.8,5.68,19.2,1.82,0
2025-11-28,TR030,OP034,North Pit,74.48,48.02,57.7,61.0,1.97,37.8,1.551,0
2025-06-17,TR028,OP036,South Pit,97.35,54.55,83.9,206.4,4.83,20.2,1.785,0
2025-02-24,TR030,OP040,South Pit,113.11,44.08,11.6,192.8,3.59,31.5,2.566,0
2025-06-26,TR013,OP027,Crusher,52.48,20.9,51.5,236.6,1.41,37.3,2.511,0
2025-10-20,TR004,OP031,Stockpile,36.06,29.93,74.8,178.8,1.27,28.5,1.205,0
2025-03-20,TR004,OP030,Stockpile,25.66,19.98,72.4,167.0,1.21,21.2,1.284,0
2025-03-25,TR030,OP035,North Pit,118.07,46.87,67.4,239.2,4.62,25.6,2.519,0
2025-07-13,TR007,OP047,South Pit,71.09,24.19,21.8,108.1,3.41,20.8,2.939,0
2025-06-25,TR013,OP039,West Pit,24.15,15.7,68.8,44.4,1.24,19.4,1.538,0
2025-11-02,TR029,OP046,Crusher,49.81,17.24,11.8,196.6,1.41,35.3,2.889,0
2025-04-20,TR003,OP025,Stockpile,89.98,34.65,12.8,88.7,5.0,18.0,2.597,0
2025-03-27,TR008,OP046,South Pit,70.42,31.01,76.0,111.9,3.47,20.3,2.271,0
2025-06-30,TR018,OP030,Crusher,42.77,19.07,87.5,98.3,1.13,37.9,2.243,0
2025-12-29,TR028,OP049,West Pit,91.31,37.26,66.9,110.6,2.76,33.0,2.451,0
2025-05-15,TR014,OP042,West Pit,77.23,42.6,81.7,148.3,2.41,32.1,1.813,0
2025-06-20,TR003,OP046,West Pit,51.03,20.55,35.8,128.8,2.13,24.0,2.483,0
2025-03-20,TR005,OP043,Stockpile,53.11,31.03,57.4,208.1,2.3,23.1,1.712,0
2025-11-29,TR028,OP046,East Pit,26.6,18.9,65.7,214.6,1.34,19.8,1.407,0
2025-07-06,TR023,OP013,East Pit,107.35,50.56,46.0,120.6,5.52,19.4,2.123,0
2025-04-05,TR023,OP002,West Pit,20.34,9.03,24.5,179.1,1.11,18.3,2.252,0
2025-03-03,TR002,OP013,South Pit,50.91,21.88,47.5,169.2,1.5,33.9,2.327,0
2025-12-30,TR028,OP008,East Pit,47.62,31.11,65.2,101.3,1.27,37.6,1.531,0
2025-07-29,TR025,OP039,Stockpile,9.33,11.4,55.7,168.4,0.31,30.2,0.818,0
2025-07-05,TR025,OP018,North Pit,57.01,31.29,23.6,151.6,2.03,28.1,1.822,0
2025-06-07,TR017,OP010,East Pit,99.03,46.57,39.7,207.2,4.22,23.5,2.126,0
2025-02-03,TR030,OP009,North Pit,99.51,34.38,32.2,212.3,5.22,19.1,2.894,0
2025-04-01,TR025,OP008,Stockpile,96.27,51.42,30.4,180.8,4.51,21.3,1.872,0
2025-04-23,TR004,OP031,Crusher,32.75,19.71,23.2,107.3,1.52,21.6,1.662,0
2025-06-05,TR016,OP025,Crusher,75.13,42.77,15.3,175.5,2.35,32.0,1.757,0
2025-07-19,TR006,OP006,West Pit,62.25,35.85,84.0,42.6,2.68,23.2,1.736,0
2025-04-23,TR010,OP007,South Pit,49.15,26.87,45.3,131.0,2.25,21.8,1.829,0
2025-09-29,TR013,OP003,South Pit,67.64,38.64,42.0,164.2,2.36,28.7,1.751,0
2025-08-24,TR014,OP021,Stockpile,111.62,48.38,20.1,80.1,3.23,34.5,2.307,0
2025-08-05,TR013,OP042,Stockpile,105.31,42.3,64.2,202.9,5.4,19.5,2.49,0
2025-09-12,TR001,OP034,East Pit,90.02,45.12,79.6,83.4,2.38,37.8,1.995,0
2025-06-29,TR016,OP039,South Pit,108.56,60.66,10.1,58.7,4.46,24.4,1.79,0
2025-03-30,TR004,OP034,East Pit,14.18,18.46,88.9,68.1,0.44,32.5,0.768,0
2025-07-03,TR003,OP014,Crusher,22.3,17.21,58.8,122.0,1.16,19.3,1.296,0
2025-04-14,TR023,OP021,East Pit,53.01,18.73,15.1,93.6,1.43,37.1,2.83,0
2025-05-09,TR014,OP036,South Pit,64.45,37.6,33.4,97.4,3.2,20.1,1.714,0
2025-01-07,TR020,OP025,West Pit,50.09,51.32,42.3,53.7,1.78,28.2,0.976,1
2025-10-26,TR024,OP021,West Pit,77.7,43.03,54.2,209.0,3.29,23.6,1.806,0
2025-12-12,TR013,OP020,East Pit,67.86,29.79,30.8,229.4,2.67,25.4,2.278,0
2025-11-16,TR016,OP045,South Pit,63.82,28.11,10.9,136.3,2.01,31.8,2.27,0
2025-01-28,TR013,OP025,West Pit,18.86,9.2,52.2,183.9,0.54,35.0,2.05,0
2025-10-11,TR022,OP026,North Pit,117.82,55.44,74.8,134.3,5.0,23.6,2.125,0
2025-09-03,TR028,OP013,East Pit,79.48,32.42,54.8,48.0,3.58,22.2,2.452,0
2025-05-20,TR024,OP047,Crusher,84.12,43.88,62.3,145.4,3.1,27.1,1.917,0
2025-07-07,TR015,OP041,North Pit,36.6,19.91,28.3,86.3,1.94,18.9,1.838,0
2025-07-27,TR027,OP046,South Pit,117.59,59.25,74.4,56.9,4.0,29.4,1.985,0
2025-08-27,TR011,OP017,Crusher,15.35,17.14,83.6,173.7,0.42,36.9,0.896,0
2025-07-09,TR019,OP035,East Pit,71.76,25.39,15.6,117.9,2.21,32.5,2.826,0
2025-05-11,TR005,OP018,Stockpile,91.85,40.79,48.9,180.2,3.66,25.1,2.252,0
2025-06-03,TR025,OP014,North Pit,98.16,39.58,12.4,68.1,2.87,34.2,2.48,0
2025-10-17,TR008,OP040,Stockpile,74.32,32.59,36.9,201.7,2.43,30.6,2.28,0
2025-05-11,TR023,OP050,East Pit,60.71,22.15,32.8,114.2,1.85,32.7,2.741,0
2025-03-21,TR003,OP001,Crusher,25.11,9.88,22.7,52.9,1.25,20.1,2.541,0
2025-06-18,TR003,OP027,Crusher,54.14,26.52,75.1,96.3,2.75,19.7,2.041,0
2025-08-15,TR023,OP033,Crusher,82.47,41.61,61.8,186.0,3.35,24.6,1.982,0
2025-12-20,TR024,OP033,West Pit,69.38,32.18,11.5,227.2,2.11,32.9,2.156,0
2025-11-18,TR009,OP026,East Pit,99.68,42.92,53.2,236.8,4.85,20.5,2.322,0
2025-01-21,TR029,OP014,North Pit,41.52,15.75,14.8,90.2,1.86,22.3,2.636,0
2025-12-25,TR004,OP002,South Pit,47.92,21.09,66.7,227.3,2.26,21.2,2.272,0
2025-07-04,TR028,OP019,East Pit,97.63,53.02,50.4,44.0,3.58,27.3,1.841,0
2025-10-06,TR007,OP024,Stockpile,9.9,5.22,19.3,83.2,0.52,19.0,1.897,0
2025-11-24,TR012,OP003,Crusher,22.42,14.35,29.2,223.2,0.63,35.4,1.562,0
2025-02-09,TR002,OP010,Crusher,80.26,50.36,81.2,148.2,2.99,26.8,1.594,0
2025-04-24,TR029,OP018,East Pit,112.86,58.31,29.3,155.1,5.7,19.8,1.936,0
2025-06-27,TR018,OP047,West Pit,94.34,39.83,76.8,46.3,3.93,24.0,2.369,0
2025-06-08,TR008,OP049,Crusher,113.66,54.48,20.4,206.1,5.07,22.4,2.086,0
2025-01-26,TR010,OP036,Stockpile,90.44,50.5,43.2,164.9,4.14,21.8,1.791,0
2025-11-27,TR005,OP020,North Pit,60.85,25.03,13.4,161.1,2.09,29.1,2.431,0
2025-09-29,TR001,OP042,North Pit,102.28,39.85,26.0,88.2,3.17,32.3,2.567,0
2025-12-31,TR028,OP014,Crusher,88.04,49.68,39.3,96.1,2.51,35.1,1.772,0
2025-10-27,TR027,OP012,South Pit,41.95,23.45,68.5,126.3,1.41,29.7,1.789,0
2025-05-27,TR005,OP014,Crusher,94.6,52.48,65.0,53.7,3.83,24.7,1.803,0
2025-02-24,TR018,OP022,Crusher,116.29,55.91,88.6,143.3,3.6,32.3,2.08,0
2025-10-20,TR006,OP030,North Pit,117.49,54.25,59.6,48.8,6.34,18.5,2.166,0
2025-04-02,TR011,OP017,North Pit,46.48,23.2,88.9,235.4,1.58,29.5,2.003,0
2025-03-01,TR014,OP010,West Pit,94.14,51.92,46.8,227.2,3.17,29.7,1.813,0
2025-06-23,TR014,OP025,Crusher,80.39,33.92,41.3,163.8,2.61,30.8,2.37,0
2025-07-24,TR007,OP032,Crusher,93.91,34.14,30.5,57.3,2.77,33.9,2.751,0
2025-11-28,TR004,OP024,West Pit,81.97,29.1,28.1,194.0,2.52,32.5,2.817,0
2025-07-29,TR019,OP044,Stockpile,62.71,24.07,33.9,123.6,2.43,25.8,2.605,0
2025-03-23,TR025,OP016,North Pit,116.59,51.3,28.5,178.6,3.3,35.4,2.273,0
2025-09-26,TR017,OP005,West Pit,44.58,21.52,27.5,52.5,1.85,24.0,2.072,0
2025-11-27,TR016,OP047,South Pit,48.79,21.41,54.0,66.6,2.12,23.0,2.279,0
2025-01-31,TR005,OP043,Stockpile,68.52,23.69,27.7,59.3,2.16,31.7,2.892,0
2025-11-17,TR029,OP043,North Pit,51.87,25.31,53.7,141.1,2.35,22.1,2.049,0
2025-10-19,TR028,OP038,West Pit,10.4,12.12,63.7,109.5,0.53,19.8,0.858,0
2025-09-12,TR022,OP050,North Pit,66.21,31.46,89.2,51.6,1.84,36.0,2.105,0
2025-08-07,TR022,OP002,North Pit,73.96,31.53,26.2,45.7,2.98,24.8,2.346,0
2025-03-17,TR015,OP019,Stockpile,73.39,30.24,67.7,167.1,2.39,30.8,2.427,0
2025-07-19,TR009,OP011,South Pit,34.2,21.48,77.1,67.5,0.91,37.6,1.592,0
2025-06-16,TR008,OP046,East Pit,16.93,9.93,20.0,61.1,0.51,33.3,1.705,0
2025-04-12,TR003,OP031,West Pit,12.58,14.16,77.1,145.9,0.36,34.9,0.888,0
2025-02-22,TR010,OP044,South Pit,87.57,32.79,72.0,195.8,2.65,33.1,2.671,0
2025-01-08,TR013,OP001,North Pit,60.55,42.24,68.1,102.2,2.1,28.8,1.433,0
2025-07-30,TR003,OP004,Stockpile,40.14,18.67,11.2,128.8,1.71,23.4,2.15,0
2025-03-01,TR010,OP028,Crusher,110.54,49.36,13.8,210.9,5.49,20.2,2.239,0
2025-03-08,TR020,OP032,South Pit,16.32,11.81,78.6,145.8,0.54,30.4,1.382,0
2025-11-26,TR017,OP048,North Pit,10.59,11.82,66.7,120.9,0.29,36.6,0.896,0
2025-02-06,TR004,OP017,North Pit,111.44,66.93,67.2,80.2,3.0,37.2,1.665,0
2025-12-31,TR021,OP011,Crusher,119.51,51.87,34.7,238.1,3.16,37.8,2.304,0
2025-11-23,TR008,OP006,East Pit,51.71,32.56,86.0,111.2,1.77,29.2,1.588,0
2025-06-03,TR022,OP036,North Pit,16.64,10.14,43.8,139.1,0.51,32.7,1.641,0
2025-12-13,TR003,OP002,West Pit,89.93,29.1,21.5,107.6,2.85,31.5,3.09,0
2025-06-17,TR013,OP020,North Pit,39.96,17.87,77.1,183.7,2.17,18.5,2.236,0
2025-10-15,TR013,OP040,Stockpile,71.63,25.91,39.6,50.7,2.1,34.1,2.765,0
2025-08-09,TR019,OP025,West Pit,68.06,36.94,29.2,100.1,1.92,35.5,1.842,0
2025-10-20,TR023,OP016,North Pit,17.69,8.21,20.2,102.3,0.49,35.9,2.155,0
2025-07-05,TR008,OP019,West Pit,31.72,18.02,59.9,122.2,0.94,33.9,1.76,0
2025-12-13,TR006,OP038,Stockpile,42.86,23.34,41.7,102.7,1.3,32.9,1.836,0
2025-01-01,TR028,OP018,North Pit,76.5,29.14,55.1,198.7,2.9,26.4,2.625,0
2025-01-04,TR030,OP024,East Pit,113.38,55.12,60.3,143.4,5.84,19.4,2.057,0
2025-04-11,TR011,OP004,West Pit,9.34,14.82,88.5,229.9,0.34,27.3,0.63,0
2025-04-22,TR021,OP045,North Pit,110.11,43.39,71.6,235.9,3.69,29.8,2.538,0
2025-11-16,TR003,OP036,South Pit,101.6,52.45,50.7,175.3,5.43,18.7,1.937,0
2025-02-07,TR009,OP020,Stockpile,79.01,28.67,23.1,104.3,3.51,22.5,2.756,0
2025-02-04,TR005,OP004,South Pit,60.54,34.79,74.5,235.6,2.01,30.2,1.74,0
2025-09-04,TR006,OP039,South Pit,102.77,45.4,57.4,151.5,3.43,29.9,2.264,0
2025-09-19,TR001,OP029,West Pit,36.51,23.84,31.0,203.8,1.27,28.7,1.531,0
2025-11-14,TR027,OP023,North Pit,111.82,54.79,76.2,154.4,3.25,34.4,2.041,0
2025-04-12,TR012,OP020,West Pit,103.38,47.24,55.5,86.2,3.54,29.2,2.188,0
2025-11-03,TR019,OP005,East Pit,71.28,23.41,33.7,47.5,2.2,32.4,3.045,0
2025-09-06,TR010,OP002,North Pit,49.2,18.57,43.0,124.7,1.71,28.8,2.649,0
2025-03-24,TR014,OP017,South Pit,79.21,40.3,88.7,59.0,3.02,26.2,1.966,0
2025-01-12,TR027,OP019,Stockpile,55.43,26.67,19.8,139.2,1.69,32.7,2.078,0
2025-10-14,TR018,OP029,West Pit,90.45,37.95,81.3,71.2,4.04,22.4,2.383,0
2025-02-16,TR006,OP037,North Pit,88.82,49.96,23.9,138.8,3.62,24.5,1.778,0
2025-06-12,TR023,OP046,North Pit,50.64,32.89,83.0,98.1,1.39,36.5,1.54,0
2025-03-17,TR010,OP034,North Pit,42.65,25.78,35.2,160.8,2.16,19.8,1.654,0
2025-05-01,TR028,OP003,South Pit,81.08,38.35,72.1,167.2,4.27,19.0,2.114,0
2025-12-31,TR026,OP042,Crusher,38.21,16.0,28.5,206.7,1.27,30.1,2.388,0
2025-07-24,TR029,OP042,South Pit,100.16,50.76,20.7,237.9,3.26,30.7,1.973,0
2025-11-18,TR002,OP032,Stockpile,86.52,30.55,52.9,165.3,2.57,33.7,2.832,0
2025-09-23,TR028,OP022,East Pit,32.96,22.05,68.9,136.5,1.82,18.1,1.495,0
2025-08-27,TR014,OP049,North Pit,92.18,37.24,63.3,49.9,4.18,22.0,2.475,0
2025-08-13,TR015,OP012,Stockpile,113.87,40.47,65.2,149.4,3.52,32.3,2.814,0
2025-07-16,TR023,OP044,Crusher,12.38,9.0,56.7,130.4,0.47,26.4,1.376,0
2025-05-19,TR011,OP008,West Pit,56.21,29.69,58.2,100.7,2.02,27.8,1.893,0
2025-11-25,TR026,OP048,South Pit,98.33,38.17,8.2,80.4,3.44,28.6,2.576,0
2025-09-30,TR015,OP012,East Pit,118.29,55.49,44.3,126.6,3.16,37.4,2.132,0
2025-08-22,TR017,OP047,East Pit,103.48,40.59,36.1,133.4,4.21,24.6,2.549,0
2025-09-10,TR025,OP030,South Pit,85.64,44.48,65.0,216.4,3.76,22.8,1.925,0
2025-05-28,TR013,OP003,Stockpile,96.41,33.65,31.2,133.7,3.81,25.3,2.865,0
2025-11-05,TR021,OP022,Stockpile,27.14,14.34,12.7,55.4,0.9,30.0,1.893,0
2025-08-12,TR022,OP003,East Pit,95.03,57.57,47.0,232.8,2.53,37.6,1.651,0
2025-08-26,TR006,OP025,Stockpile,29.11,15.17,74.4,227.4,0.77,37.6,1.919,0
2025-12-01,TR014,OP050,North Pit,89.77,45.54,9.9,121.3,4.07,22.1,1.971,0
2025-04-11,TR028,OP046,Crusher,55.34,33.57,73.8,102.2,2.86,19.3,1.648,0
2025-10-11,TR024,OP017,Stockpile,95.59,41.88,58.1,224.1,5.03,19.0,2.282,0
2025-06-15,TR024,OP012,South Pit,44.94,22.55,71.1,179.4,1.82,24.7,1.993,0
2025-06-02,TR021,OP032,West Pit,110.91,35.76,16.5,59.0,3.95,28.1,3.102,0
2025-11-20,TR021,OP009,North Pit,55.69,36.8,87.8,128.6,1.8,31.0,1.513,0
2025-06-08,TR025,OP016,North Pit,35.61,15.1,70.5,70.8,0.94,37.8,2.358,0
2025-10-27,TR011,OP037,East Pit,90.42,51.04,55.4,71.8,4.15,21.8,1.772,0
2025-05-18,TR002,OP048,North Pit,33.83,22.89,72.0,69.0,0.95,35.7,1.478,0
2025-06-02,TR029,OP023,West Pit,118.67,67.04,84.3,167.1,5.37,22.1,1.77,0
2025-05-16,TR003,OP044,West Pit,68.4,27.8,75.1,88.3,3.23,21.2,2.46,0
2025-04-22,TR022,OP014,Crusher,45.71,18.37,34.6,62.0,2.01,22.7,2.488,0
2025-04-08,TR025,OP014,South Pit,76.32,35.68,51.2,124.1,3.92,19.5,2.139,0
2025-03-23,TR012,OP027,South Pit,63.31,24.37,79.9,238.0,2.27,27.9,2.598,0
2025-05-07,TR006,OP030,West Pit,82.0,41.84,44.0,186.4,2.32,35.4,1.96,0
2025-12-20,TR028,OP047,East Pit,85.44,40.9,73.9,60.5,3.3,25.9,2.089,0
2025-12-28,TR013,OP030,Crusher,61.05,30.13,87.1,141.2,2.0,30.6,2.026,0
2025-12-16,TR026,OP009,Stockpile,92.83,45.95,7.9,69.4,2.48,37.5,2.02,0
2025-02-19,TR026,OP037,Stockpile,117.12,42.2,9.2,222.0,5.35,21.9,2.775,0
2025-07-01,TR014,OP006,West Pit,89.27,27.83,14.8,57.2,3.8,23.5,3.208,0
2025-05-06,TR011,OP004,Stockpile,119.03,47.74,79.0,154.2,3.85,30.9,2.493,0
2025-08-25,TR019,OP019,West Pit,48.89,27.31,80.4,160.2,1.46,33.4,1.79,0
2025-10-09,TR003,OP048,South Pit,61.4,34.78,57.5,146.1,2.77,22.2,1.765,0
2025-11-05,TR029,OP025,Stockpile,85.54,29.59,24.9,84.7,3.31,25.8,2.891,0
2025-02-27,TR018,OP033,North Pit,59.6,33.6,84.1,239.3,1.58,37.7,1.774,0
2025-08-16,TR030,OP036,Crusher,34.9,17.25,45.9,75.1,1.27,27.5,2.023,0
2025-03-08,TR001,OP034,East Pit,95.49,37.55,24.2,225.6,4.13,23.1,2.543,0
2025-02-12,TR023,OP004,Stockpile,18.81,9.33,20.7,100.2,1.03,18.3,2.016,0
2025-07-25,TR002,OP036,Crusher,85.71,38.83,30.7,66.2,3.4,25.2,2.207,0
2025-08-07,TR006,OP016,Crusher,42.19,20.09,28.5,212.9,1.64,25.7,2.1,0
2025-04-13,TR002,OP023,East Pit,95.21,39.35,5.8,63.2,3.26,29.2,2.42,0
2025-03-20,TR008,OP019,South Pit,35.28,27.32,60.2,136.0,1.46,24.2,1.291,0
2025-01-08,TR022,OP023,East Pit,75.51,23.51,8.7,168.6,2.31,32.6,3.212,0
